{"type":"FeatureCollection", "features": [
{"type":"Feature","geometry":{"type":"Polygon","coordinates":[[[60.89,29.87],[61.25,29.76],[61.55,29.65],[61.95,29.53],[62.48,29.38],[62.56,29.42],[62.87,29.42],[63.35,29.45],[63.57,29.49],[63.71,29.45],[64.06,29.42],[64.23,29.53],[64.28,29.53],[64.32,29.53],[64.37,29.53],[64.45,29.53],[64.67,29.57],[65.07,29.53],[66.25,29.84],[66.39,29.99],[66.25,30.06],[66.34,30.25],[66.34,30.29],[66.34,30.33],[66.34,30.37],[66.3,30.48],[66.3,30.52],[66.3,30.56],[66.3,30.6],[66.39,30.94],[66.56,30.97],[66.69,31.09],[66.69,31.12],[66.69,31.16],[66.69,31.2],[66.74,31.2],[66.78,31.2],[66.96,31.31],[67.31,31.2],[67.66,31.27],[67.75,31.31],[67.79,31.35],[67.79,31.39],[67.75,31.42],[67.66,31.39],[67.62,31.39],[67.57,31.46],[67.57,31.5],[67.57,31.54],[67.66,31.54],[67.7,31.5],[67.75,31.54],[67.75,31.57],[67.79,31.57],[67.88,31.65],[67.97,31.65],[68.01,31.69],[68.06,31.69],[68.1,31.72],[68.1,31.76],[68.14,31.8],[68.19,31.84],[68.28,31.76],[68.63,31.76],[68.8,31.61],[68.93,31.61],[68.98,31.65],[68.98,31.61],[69.02,31.61],[69.15,31.72],[69.2,31.84],[69.24,31.87],[69.29,31.91],[69.33,31.95],[69.29,32.36],[69.24,32.43],[69.24,32.47],[69.24,32.5],[69.29,32.54],[69.33,32.54],[69.46,32.65],[69.46,32.73],[69.37,32.76],[69.51,32.87],[69.51,32.99],[69.51,33.02],[69.51,33.06],[69.55,33.06],[69.59,33.1],[69.95,33.1],[70.17,33.21],[70.17,33.24],[70.21,33.24],[70.25,33.28],[70.3,33.32],[70.3,33.35],[70.3,33.39],[70.34,33.39],[70.3,33.43],[70.17,33.54],[70.21,33.65],[70.17,33.65],[70.17,33.68],[70.12,33.72],[70.03,33.72],[69.99,33.76],[69.95,33.79],[69.95,33.83],[69.9,33.83],[69.9,33.9],[69.86,33.94],[69.86,33.97],[69.9,33.97],[69.9,34.05],[70.03,34.05],[70.08,34.01],[70.21,33.97],[70.3,33.97],[70.34,33.97],[70.38,33.97],[70.43,33.97],[70.43,33.94],[70.47,33.94],[70.56,33.94],[70.6,33.97],[70.87,33.97],[70.91,34.01],[70.96,34.01],[70.96,34.05],[71,34.01],[71.09,34.05],[71.13,34.16],[71.13,34.19],[71.13,34.23],[71.13,34.3],[71.18,34.3],[71.18,34.34],[71.18,34.37],[71.09,34.45],[71.04,34.45],[71,34.48],[71,34.52],[71.13,34.74],[71.31,34.84],[71.35,34.92],[71.4,34.92],[71.44,34.92],[71.53,34.99],[71.53,35.02],[71.57,35.02],[71.53,35.06],[71.53,35.1],[71.66,35.2],[71.57,35.28],[71.53,35.31],[71.57,35.31],[71.57,35.35],[71.62,35.38],[71.62,35.42],[71.66,35.42],[71.66,35.46],[71.62,35.49],[71.62,35.56],[71.62,35.6],[71.57,35.56],[71.53,35.6],[71.48,35.63],[71.53,35.63],[71.53,35.67],[71.57,35.74],[71.53,35.74],[71.48,35.74],[71.48,35.81],[71.22,36.03],[71.18,36.03],[71.22,36.06],[71.22,36.1],[71.35,36.2],[71.4,36.2],[71.48,36.27],[71.48,36.31],[71.53,36.31],[71.53,36.34],[71.57,36.31],[71.66,36.45],[71.66,36.49],[71.7,36.45],[71.75,36.45],[71.75,36.42],[71.79,36.42],[71.83,36.42],[71.83,36.45],[71.79,36.49],[71.83,36.52],[72.01,36.59],[72.27,36.77],[72.58,36.84],[72.63,36.84],[72.71,36.84],[72.8,36.84],[72.93,36.84],[72.93,36.87],[72.98,36.87],[73.11,36.87],[73.15,36.91],[73.2,36.87],[73.37,36.87],[73.42,36.91],[73.5,36.91],[73.55,36.87],[73.55,36.91],[73.59,36.87],[73.59,36.91],[73.72,36.91],[73.81,36.91],[73.86,36.91],[73.9,36.91],[73.9,36.87],[73.94,36.84],[73.99,36.84],[74.03,36.84],[74.08,36.84],[74.12,36.84],[74.16,36.87],[74.16,36.91],[74.47,37.08],[74.47,37.19],[74.51,37.22],[74.56,37.26],[74.73,37.29],[74.78,37.26],[74.82,37.22],[74.87,37.22],[74.91,37.22],[74.87,37.26],[74.87,37.29],[74.82,37.33],[74.82,37.36],[74.69,37.4],[74.25,37.4],[74.21,37.33],[73.72,37.22],[73.77,37.43],[73.28,37.47],[73.06,37.29],[72.76,37.19],[72.67,37.01],[72.27,36.98],[71.83,36.66],[71.66,36.66],[71.44,37.01],[71.48,37.54],[71.62,37.82],[71.48,37.96],[71.26,37.92],[71.35,38.3],[70.96,38.44],[70.65,38.34],[70.52,38.13],[70.17,37.89],[70.3,37.82],[70.3,37.64],[70.17,37.54],[69.95,37.61],[69.51,37.57],[69.37,37.43],[69.42,37.22],[69.24,37.08],[69.11,37.22],[68.89,37.29],[68.67,37.26],[68.54,37.15],[68.28,37.12],[68.28,37.01],[68.01,36.94],[67.79,37.08],[67.79,37.19],[67.49,37.26],[67.31,37.19],[67,37.36],[66.52,37.33],[66.17,37.36],[66.04,37.47],[65.68,37.54],[65.55,37.22],[65.11,37.26],[64.76,37.12],[64.8,36.91],[64.63,36.66],[64.59,36.34],[64.32,36.17],[64.15,36.17],[63.97,36.03],[63.49,35.88],[63.14,35.85],[63.27,35.67],[63.09,35.63],[63.14,35.49],[62.74,35.24],[62.26,35.31],[62.04,35.46],[61.6,35.42],[61.29,35.6],[61.25,35.42],[61.11,35.24],[61.07,34.77],[60.89,34.56],[60.85,34.37],[60.67,34.3],[60.5,34.05],[60.59,33.79],[60.54,33.65],[60.85,33.5],[60.59,33.13],[60.72,32.69],[60.81,32.54],[60.89,32.21],[60.81,32.02],[60.85,31.5],[61.33,31.42],[61.69,31.39],[61.82,31.16],[61.77,30.82],[61.33,30.33],[60.89,29.87]]]},"properties":{"ISO_A3":"AFG"}},
{"type":"Feature","geometry":{"type":"Polygon","coordinates":[[[21,40.84],[20.74,40.91],[20.52,41.21],[20.56,41.4],[20.47,41.5],[20.52,41.77],[20.6,41.86],[20.6,42.03],[20.47,42.29],[20.25,42.32],[20.08,42.55],[19.77,42.48],[19.59,42.58],[19.51,42.42],[19.29,42.19],[19.37,42.09],[19.37,41.86],[19.55,41.83],[19.59,41.63],[19.42,41.4],[19.46,40.94],[19.33,40.61],[19.46,40.57],[19.46,40.21],[19.86,40.04],[19.99,39.84],[19.99,39.7],[20.12,39.67],[20.3,39.7],[20.43,39.84],[20.38,40],[20.69,40.11],[20.78,40.44],[21.04,40.57],[21,40.84]]]},"properties":{"ISO_A3":"ALB"}},
{"type":"Feature","geometry":{"type":"Polygon","coordinates":[[[1.45,42.61],[1.45,42.45],[1.71,42.48],[1.62,42.64],[1.45,42.61]]]},"properties":{"ISO_A3":"AND"}},
{"type":"Feature","geometry":{"type":"MultiPolygon","coordinates":[[[[54.57,24.48],[54.61,24.48],[54.61,24.52],[54.57,24.48]]],[[[53.16,24.08],[53.21,24.08],[53.12,24.12],[53.14,24.1],[53.16,24.08]]],[[[51.58,24.24],[51.58,24.12],[51.98,23.68],[52.46,23.08],[52.59,22.95],[53.21,22.87],[54.48,22.71],[55.14,22.63],[55.23,22.71],[55.23,23.12],[55.4,23.4],[55.58,23.6],[55.49,23.96],[55.67,24.04],[55.97,24.04],[55.97,24.16],[55.8,24.2],[55.84,24.44],[55.75,24.52],[55.84,24.68],[55.8,24.92],[55.97,25],[56.11,24.72],[56.37,24.96],[56.37,25.32],[56.37,25.6],[56.28,25.6],[56.15,25.68],[56.11,26.03],[55.97,25.84],[55.62,25.52],[55.31,25.32],[55.01,24.96],[54.66,24.76],[54.61,24.52],[54.61,24.48],[54.39,24.44],[54.48,24.36],[54.39,24.24],[54.22,24.36],[53.95,24.12],[53.82,24.04],[53.56,24.04],[53.51,24.12],[53.29,24.08],[53.21,24.08],[53.16,24.08],[53.14,24.1],[53.12,24.12],[52.77,24.12],[52.59,24.2],[52.46,24.08],[52.24,23.96],[51.8,24],[51.76,24.28],[51.62,24.28],[51.58,24.24]]]]},"properties":{"ISO_A3":"ARE"}},
{"type":"Feature","geometry":{"type":"MultiPolygon","coordinates":[[[[-68.41,-52.39],[-68.37,-52.31],[-68.76,-51.91],[-68.94,-51.64],[-69.07,-51.2],[-69.16,-51.09],[-69.07,-50.53],[-68.89,-50.34],[-68.41,-50.2],[-67.88,-50],[-67.71,-49.77],[-67.71,-49.32],[-67.49,-48.94],[-67.18,-48.8],[-67.14,-48.68],[-66.87,-48.6],[-66.65,-48.42],[-66.48,-48.42],[-66.08,-48.1],[-65.91,-48.1],[-65.86,-47.89],[-65.95,-47.75],[-65.99,-47.75],[-65.95,-47.75],[-65.73,-47.54],[-65.73,-47.27],[-65.99,-47.06],[-66.17,-47.09],[-66.74,-47.03],[-66.87,-46.91],[-67.44,-46.55],[-67.58,-46.34],[-67.62,-46.04],[-67.36,-45.64],[-66.96,-45.27],[-66.52,-45.17],[-66.52,-45.14],[-66.21,-44.99],[-65.86,-44.99],[-65.73,-44.86],[-65.69,-44.68],[-65.38,-44.58],[-65.2,-44.36],[-65.29,-44.14],[-65.2,-44.05],[-65.34,-43.86],[-65.34,-43.64],[-65.03,-43.38],[-64.98,-43.25],[-64.32,-43],[-64.9,-42.84],[-64.98,-42.64],[-64.59,-42.48],[-64.24,-42.61],[-64.28,-42.74],[-64.11,-42.87],[-63.62,-42.77],[-63.58,-42.58],[-63.62,-42.35],[-63.8,-42.06],[-64.24,-42.22],[-64.06,-42.25],[-64.11,-42.42],[-64.41,-42.45],[-64.59,-42.38],[-64.46,-42.22],[-64.9,-42.19],[-65.07,-42.03],[-65.03,-41.57],[-65.16,-41.17],[-65.12,-40.81],[-64.85,-40.71],[-64.19,-41.01],[-64.11,-40.97],[-63.8,-41.17],[-63.14,-41.17],[-62.61,-41.01],[-62.3,-40.87],[-62.17,-40.57],[-62.44,-40.47],[-62.48,-40.31],[-62.35,-40.21],[-62.3,-39.87],[-62.17,-39.87],[-62.08,-39.56],[-62.08,-39.29],[-62.35,-39.16],[-62.22,-38.78],[-62,-38.95],[-61.51,-38.99],[-60.85,-38.99],[-60.06,-38.85],[-59.84,-38.85],[-59.1,-38.71],[-58.74,-38.58],[-58.35,-38.51],[-57.6,-38.16],[-57.56,-37.95],[-57.43,-37.75],[-57.12,-37.5],[-57.03,-37.33],[-56.68,-36.91],[-56.68,-36.41],[-56.99,-36.34],[-57.25,-36.17],[-57.38,-35.99],[-57.38,-35.74],[-57.16,-35.53],[-57.12,-35.38],[-57.51,-35.02],[-57.69,-34.92],[-58.44,-34.59],[-58.48,-34.34],[-58.39,-34.23],[-58.39,-34.01],[-58.48,-33.9],[-58.44,-33.86],[-58.44,-33.83],[-58.57,-33.68],[-58.53,-33.46],[-58.44,-33.35],[-58.39,-33.31],[-58.44,-33.09],[-58.31,-33.09],[-58.26,-33.09],[-58.22,-33.09],[-58.17,-33.06],[-58.13,-33.02],[-58.13,-32.61],[-58.22,-32.47],[-58.09,-32.24],[-58.17,-32.17],[-58.13,-31.98],[-58.22,-31.91],[-58,-31.68],[-58,-31.35],[-57.82,-30.93],[-57.82,-30.63],[-57.91,-30.52],[-57.65,-30.37],[-57.6,-30.18],[-57.34,-30.02],[-57.34,-29.87],[-57.16,-29.8],[-56.86,-29.49],[-56.77,-29.45],[-56.59,-29.11],[-56.28,-28.88],[-56.28,-28.76],[-56.02,-28.61],[-55.89,-28.38],[-55.63,-28.1],[-55.45,-28.1],[-55.32,-27.91],[-55.14,-27.87],[-54.92,-27.64],[-54.61,-27.56],[-54.48,-27.41],[-54.22,-27.41],[-53.96,-27.17],[-53.82,-27.17],[-53.69,-26.98],[-53.74,-26.78],[-53.74,-26.5],[-53.65,-26.23],[-53.82,-25.99],[-53.82,-25.75],[-54,-25.56],[-54.18,-25.56],[-54.35,-25.56],[-54.44,-25.68],[-54.61,-25.6],[-54.61,-25.99],[-54.66,-26.35],[-54.79,-26.5],[-54.79,-26.66],[-55.05,-26.78],[-55.27,-26.94],[-55.58,-27.09],[-55.58,-27.33],[-55.85,-27.44],[-56.06,-27.29],[-56.24,-27.37],[-56.42,-27.6],[-56.55,-27.48],[-56.94,-27.41],[-57.03,-27.48],[-57.25,-27.48],[-57.34,-27.41],[-57.56,-27.41],[-58.04,-27.25],[-58.09,-27.29],[-58.61,-27.29],[-58.66,-27.13],[-58.26,-26.78],[-58.22,-26.39],[-58.09,-26.11],[-57.87,-25.99],[-57.78,-25.68],[-57.56,-25.56],[-57.73,-25.2],[-58.09,-25.04],[-58.13,-24.96],[-58.39,-24.96],[-58.48,-24.84],[-59.01,-24.68],[-59.32,-24.52],[-59.45,-24.32],[-59.67,-24.24],[-60.02,-24],[-60.37,-24.04],[-60.68,-23.88],[-60.85,-23.88],[-61.07,-23.68],[-61.91,-23.03],[-62.22,-22.71],[-62.3,-22.51],[-62.66,-22.22],[-62.83,-22.1],[-62.83,-21.98],[-63.45,-21.98],[-63.93,-22.02],[-64.11,-22.3],[-64.11,-22.39],[-64.32,-22.75],[-64.41,-22.51],[-64.54,-22.43],[-64.54,-22.26],[-64.9,-22.1],[-65.77,-22.1],[-66.08,-21.82],[-66.21,-21.82],[-66.35,-22.14],[-66.74,-22.22],[-66.79,-22.47],[-67.05,-22.55],[-67.18,-22.83],[-67,-22.99],[-67.05,-23.24],[-67.31,-24.04],[-68.24,-24.4],[-68.5,-24.6],[-68.54,-24.84],[-68.41,-25.04],[-68.59,-25.44],[-68.41,-25.95],[-68.37,-26.19],[-68.59,-26.31],[-68.59,-26.5],[-68.37,-26.82],[-68.28,-26.86],[-68.5,-27.13],[-68.81,-27.09],[-68.98,-27.6],[-69.07,-27.64],[-69.11,-27.91],[-69.33,-28.18],[-69.47,-28.18],[-69.51,-28.34],[-69.69,-28.45],[-69.69,-28.8],[-69.77,-28.88],[-69.77,-29.15],[-69.95,-29.18],[-69.95,-29.64],[-69.9,-30.02],[-69.82,-30.14],[-69.9,-30.33],[-70.12,-30.37],[-70.26,-30.59],[-70.26,-30.82],[-70.34,-30.93],[-70.34,-31.16],[-70.52,-31.16],[-70.56,-31.61],[-70.48,-31.8],[-70.21,-31.95],[-70.34,-32.06],[-70.26,-32.43],[-70.12,-32.5],[-70.12,-32.8],[-69.99,-32.95],[-70.08,-33.2],[-69.82,-33.5],[-69.9,-33.68],[-69.9,-33.94],[-69.82,-34.26],[-70.04,-34.3],[-70.04,-34.45],[-70.21,-34.59],[-70.26,-34.81],[-70.52,-35.2],[-70.39,-35.49],[-70.43,-36.17],[-70.7,-36.27],[-70.7,-36.41],[-71.05,-36.49],[-71.09,-36.7],[-71.13,-36.77],[-71.13,-37.89],[-71,-38.06],[-71,-38.4],[-70.83,-38.61],[-71,-38.78],[-71.27,-38.82],[-71.44,-38.92],[-71.4,-39.36],[-71.62,-39.63],[-71.66,-40.1],[-71.84,-40.21],[-71.66,-40.31],[-71.84,-40.41],[-71.84,-40.64],[-71.97,-40.71],[-71.84,-40.97],[-71.88,-41.27],[-71.79,-41.99],[-71.93,-42.19],[-72.15,-42.19],[-72.15,-42.38],[-72.01,-42.51],[-72.15,-42.67],[-72.1,-42.97],[-71.84,-43.16],[-71.75,-43.32],[-71.84,-43.51],[-71.57,-43.67],[-71.75,-43.76],[-71.66,-43.99],[-71.84,-44.17],[-71.79,-44.39],[-71.35,-44.39],[-71.22,-44.43],[-71.22,-44.8],[-71.62,-44.77],[-72.01,-44.8],[-71.93,-44.96],[-71.62,-44.96],[-71.31,-45.3],[-71.49,-45.51],[-71.75,-45.54],[-71.75,-45.85],[-71.62,-45.91],[-71.75,-46.13],[-71.75,-46.34],[-71.66,-46.7],[-71.93,-46.79],[-71.88,-47.24],[-72.15,-47.33],[-72.32,-47.48],[-72.32,-47.6],[-72.5,-47.75],[-72.23,-48.3],[-72.54,-48.51],[-72.54,-48.8],[-72.94,-48.94],[-73.16,-49.26],[-73.46,-49.2],[-73.46,-49.49],[-73.55,-49.52],[-73.46,-49.83],[-73.55,-49.94],[-73.55,-50.28],[-73.42,-50.48],[-72.98,-50.76],[-72.8,-50.62],[-72.28,-50.67],[-72.28,-51.23],[-72.32,-51.64],[-72.01,-51.83],[-71.93,-51.99],[-69.99,-51.99],[-69.47,-52.15],[-69.2,-52.15],[-68.85,-52.29],[-68.5,-52.34],[-68.41,-52.34],[-68.41,-52.39]]],[[[-68.59,-53.19],[-68.28,-53.01],[-68.59,-52.66],[-68.59,-53.03],[-68.59,-53.19]]],[[[-67.53,-54.92],[-67.44,-54.87],[-67.49,-54.87],[-67.53,-54.92]]],[[[-67.44,-54.87],[-66.83,-54.94],[-66.39,-55.05],[-65.34,-54.89],[-65.12,-54.64],[-65.69,-54.67],[-66.43,-54.49],[-66.7,-54.28],[-67.27,-54.08],[-67.58,-53.84],[-68.02,-53.58],[-68.15,-53.32],[-68.5,-53.3],[-68.59,-53.19],[-68.59,-53.35],[-68.59,-54.89],[-68.28,-54.79],[-67.88,-54.87],[-67.49,-54.87],[-67.44,-54.87]]]]},"properties":{"ISO_A3":"ARG"}},
{"type":"Feature","geometry":{"type":"Polygon","coordinates":[[[46.13,38.85],[46.35,38.92],[46.53,38.89],[46.53,38.92],[46.57,39.19],[46.53,39.6],[46.18,39.63],[45.82,39.84],[46,40.21],[45.43,40.51],[45.38,40.74],[45.6,40.84],[45.43,41.01],[45.21,41.01],[45.21,41.14],[45.03,41.3],[44.81,41.24],[44.29,41.21],[44.2,41.24],[43.76,41.11],[43.5,41.14],[43.45,41.04],[43.67,40.94],[43.76,40.74],[43.63,40.57],[43.63,40.37],[43.72,40.07],[44.33,40.04],[44.64,39.84],[44.77,39.7],[45.08,39.8],[45.47,39.5],[45.74,39.6],[45.87,39.36],[46,39.29],[46.13,38.85]]]},"properties":{"ISO_A3":"ARM"}},
{"type":"Feature","geometry":{"type":"Polygon","coordinates":[[[-61.91,17.01],[-61.69,17.01],[-61.78,17.18],[-61.91,17.01]]]},"properties":{"ISO_A3":"ATG"}},
{"type":"Feature","geometry":null,"properties":{"ISO_A3":"AUS"}},
{"type":"Feature","geometry":{"type":"MultiPolygon","coordinates":[[[[142.18,-10.57],[142.27,-10.7],[142.27,-10.66],[142.22,-10.61],[142.18,-10.57]]],[[[135.89,-11.82],[135.94,-11.78],[135.89,-11.78],[135.89,-11.82]]],[[[130.18,-11.65],[130.05,-11.82],[130.58,-11.82],[131.06,-11.86],[131.46,-11.61],[131.54,-11.48],[131.41,-11.3],[131.19,-11.3],[131.06,-11.35],[130.75,-11.35],[130.75,-11.48],[130.4,-11.18],[130.4,-11.48],[130.36,-11.35],[130.18,-11.43],[130.18,-11.65]]],[[[136.11,-13.45],[136.16,-13.49],[136.16,-13.41],[136.11,-13.45]]],[[[136.42,-14.18],[136.55,-14.26],[136.69,-14.18],[136.77,-13.96],[136.69,-13.71],[136.42,-13.83],[136.42,-14.18]]],[[[129.61,-14.9],[129.66,-14.86],[129.61,-14.86],[129.61,-14.9]]],[[[129.57,-14.94],[129.61,-14.9],[129.57,-14.86],[129.57,-14.94]]],[[[124.34,-15.37],[124.34,-15.32],[124.3,-15.32],[124.34,-15.37]]],[[[124.51,-15.45],[124.65,-15.41],[124.47,-15.32],[124.51,-15.41],[124.51,-15.45]]],[[[124.43,-16.51],[124.43,-16.46],[124.4,-16.48],[124.43,-16.51]]],[[[139.45,-16.67],[139.45,-16.55],[139.72,-16.55],[139.63,-16.42],[139.28,-16.46],[139.15,-16.59],[139.15,-16.72],[139.45,-16.67]]],[[[146.22,-18.48],[146.35,-18.43],[146.31,-18.27],[146.18,-18.27],[146.22,-18.48]]],[[[147.58,-19.72],[147.58,-19.68],[147.54,-19.68],[147.58,-19.72]]],[[[151.71,-24.12],[151.71,-24.08],[151.71,-24.04],[151.67,-24.08],[151.71,-24.12]]],[[[153.03,-25.79],[153.12,-25.52],[153.34,-25.08],[153.25,-24.96],[153.07,-25.16],[152.99,-25.44],[153.03,-25.79]]],[[[113.71,-26.19],[113.75,-26.03],[113.71,-25.79],[113.49,-25.75],[113.57,-26.11],[113.71,-26.19]]],[[[135.37,-34.66],[135.37,-34.59],[135.28,-34.55],[135.37,-34.66]]],[[[137.78,-35.85],[138,-35.92],[138.14,-35.81],[137.96,-35.7],[137.78,-35.85]]],[[[137.74,-35.85],[137.65,-35.63],[137.34,-35.6],[137.12,-35.67],[136.73,-35.7],[136.55,-35.78],[136.73,-36.02],[137.39,-35.99],[137.48,-36.06],[137.74,-35.85]]],[[[146.15,-38.84],[146.18,-38.82],[146.13,-38.82],[146.15,-38.84]]],[[[146.15,-38.85],[146.31,-39.09],[146.44,-39.12],[146.48,-38.78],[146.31,-38.88],[146.26,-38.68],[146.48,-38.71],[146.92,-38.61],[147.05,-38.47],[147.49,-38.13],[147.85,-37.92],[148.2,-37.82],[148.72,-37.82],[148.77,-37.78],[149.47,-37.78],[149.69,-37.68],[149.78,-37.54],[149.95,-37.54],[149.95,-37.26],[149.87,-37.08],[150,-36.77],[150.04,-36.49],[150.13,-36.31],[150.13,-35.99],[150.22,-35.7],[150.39,-35.56],[150.53,-35.2],[150.7,-35.13],[150.79,-34.99],[150.92,-34.34],[151.23,-34.01],[151.32,-33.64],[151.32,-33.61],[151.32,-33.57],[151.23,-33.61],[151.23,-33.57],[151.23,-33.53],[151.14,-33.5],[151.14,-33.46],[151.14,-33.5],[151.23,-33.53],[151.27,-33.53],[151.32,-33.57],[151.45,-33.5],[151.62,-33.13],[151.58,-33.17],[151.62,-33.02],[151.62,-33.13],[151.8,-32.87],[152.19,-32.69],[152.55,-32.36],[152.5,-32.09],[152.85,-31.65],[152.85,-31.53],[152.99,-31.31],[152.94,-31.23],[153.07,-30.9],[152.99,-30.82],[153.03,-30.48],[153.16,-30.33],[153.16,-30.18],[153.29,-29.91],[153.38,-29.38],[153.47,-29.15],[153.42,-29.07],[153.6,-28.88],[153.56,-28.61],[153.56,-28.18],[153.42,-28.07],[153.42,-27.79],[153.29,-27.68],[153.29,-27.52],[153.07,-27.33],[153.03,-27.17],[153.16,-27.01],[153.12,-26.86],[153.12,-26.39],[153.07,-26.23],[153.16,-25.99],[153.07,-25.87],[153.03,-25.95],[153.07,-25.87],[152.99,-25.79],[152.9,-25.75],[152.9,-25.52],[152.94,-25.48],[152.9,-25.28],[152.72,-25.28],[152.5,-25],[152.46,-24.8],[152.28,-24.72],[152.02,-24.48],[151.98,-24.28],[151.71,-24.08],[151.71,-24.12],[151.67,-24.08],[151.54,-24.08],[151.49,-24.04],[151.23,-23.8],[151.14,-23.68],[151.23,-23.72],[151.23,-23.8],[151.32,-23.76],[151.18,-23.52],[151.01,-23.56],[150.79,-23.36],[150.79,-22.55],[150.74,-22.51],[150.66,-22.35],[150.53,-22.35],[150.48,-22.51],[150,-22.14],[149.95,-22.18],[149.91,-22.39],[150,-22.55],[149.73,-22.39],[149.69,-22.39],[149.56,-22.22],[149.43,-21.82],[149.47,-21.61],[149.29,-21.49],[149.29,-21.28],[149.21,-21.04],[149.03,-21],[148.86,-20.87],[148.68,-20.63],[148.72,-20.5],[148.9,-20.5],[148.81,-20.34],[148.46,-20.05],[148.28,-19.97],[147.89,-19.93],[147.58,-19.72],[147.54,-19.68],[147.58,-19.64],[147.49,-19.43],[147.19,-19.43],[146.79,-19.18],[146.53,-19.14],[146.26,-18.89],[146.35,-18.52],[146.22,-18.48],[146,-18.27],[146,-18.1],[146.09,-17.97],[146.09,-17.39],[145.91,-17.14],[145.91,-16.93],[145.65,-16.72],[145.38,-16.42],[145.47,-16.3],[145.47,-16.04],[145.38,-15.96],[145.34,-15.58],[145.25,-15.53],[145.3,-15.28],[145.25,-14.94],[145.03,-14.81],[144.9,-14.6],[144.64,-14.52],[144.64,-14.35],[144.51,-14.18],[144.37,-14.3],[144.2,-14.35],[144.07,-14.47],[143.85,-14.47],[143.72,-14.26],[143.72,-14.05],[143.54,-13.83],[143.58,-13.36],[143.5,-13.28],[143.5,-12.89],[143.36,-12.77],[143.45,-12.64],[143.28,-12.42],[143.1,-12.29],[143.1,-12.12],[143.19,-11.99],[143.01,-11.95],[142.84,-11.82],[142.88,-11.74],[142.79,-11.3],[142.79,-11.09],[142.7,-10.96],[142.53,-10.92],[142.57,-10.7],[142.44,-10.7],[142.31,-10.92],[142.13,-10.96],[142.13,-11.39],[142.05,-11.65],[141.87,-11.99],[141.78,-12.25],[141.74,-12.47],[141.87,-12.64],[141.78,-12.81],[141.56,-12.98],[141.69,-13.24],[141.65,-13.36],[141.52,-13.58],[141.47,-13.83],[141.47,-13.96],[141.61,-14.09],[141.61,-14.3],[141.52,-14.47],[141.56,-14.81],[141.65,-14.94],[141.65,-15.11],[141.65,-15.15],[141.65,-15.24],[141.47,-15.49],[141.43,-15.66],[141.43,-16.08],[141.34,-16.21],[141.3,-16.51],[140.95,-17.01],[140.9,-17.39],[140.42,-17.68],[139.98,-17.72],[139.8,-17.56],[139.63,-17.56],[139.5,-17.39],[139.19,-17.3],[139.1,-17.01],[139.01,-16.88],[138.84,-16.88],[138.66,-16.76],[138.18,-16.72],[137.87,-16.42],[137.7,-16.21],[137.48,-16.17],[136.99,-15.87],[136.69,-15.92],[136.69,-15.75],[136.55,-15.75],[136.25,-15.53],[136.25,-15.41],[135.72,-15.11],[135.67,-15.15],[135.72,-15.11],[135.5,-14.98],[135.41,-14.73],[135.85,-14.18],[135.89,-14.01],[136.03,-13.83],[136.03,-13.71],[135.89,-13.75],[135.85,-13.45],[135.89,-13.28],[136.11,-13.19],[136.29,-13.15],[136.38,-13.24],[136.55,-13.15],[136.64,-12.98],[136.47,-12.85],[136.6,-12.77],[136.73,-12.55],[136.95,-12.29],[136.6,-12.08],[136.29,-12.04],[136.2,-12.17],[136.33,-12.21],[136.25,-12.47],[136.03,-12.47],[136.03,-12.25],[135.94,-12.17],[135.76,-12.25],[135.63,-12.21],[135.85,-11.99],[135.85,-11.95],[135.85,-11.86],[135.59,-11.99],[135.59,-12.08],[135.63,-12.04],[135.59,-12.08],[135.37,-12.08],[135.28,-12.21],[135.32,-12.25],[135.37,-12.21],[135.32,-12.25],[135.28,-12.21],[135.19,-12.25],[134.88,-12.12],[134.84,-12.04],[134.75,-11.99],[134.4,-12.08],[134.14,-11.91],[133.87,-11.91],[133.92,-11.74],[133.65,-11.82],[133.39,-11.78],[133.3,-11.74],[133.08,-11.61],[132.99,-11.43],[132.77,-11.43],[132.56,-11.35],[132.38,-11.18],[132.2,-11.22],[131.85,-11.22],[131.85,-11.3],[131.98,-11.35],[132.07,-11.52],[132.42,-11.43],[132.64,-11.69],[132.69,-11.65],[132.64,-11.69],[132.64,-11.95],[132.69,-12.12],[132.56,-12.08],[132.42,-12.21],[132.42,-12.34],[132.34,-12.21],[132.12,-12.29],[131.46,-12.29],[131.32,-12.21],[131.32,-12.08],[131.02,-12.21],[130.93,-12.51],[130.75,-12.42],[130.58,-12.47],[130.53,-12.68],[130.36,-12.68],[130.31,-12.94],[130.14,-12.94],[130.14,-13.19],[130.27,-13.32],[130.05,-13.54],[129.92,-13.54],[129.74,-13.79],[129.74,-14.01],[129.52,-14.09],[129.39,-14.26],[129.52,-14.56],[129.66,-14.6],[129.7,-14.79],[129.74,-14.81],[129.83,-14.81],[129.92,-14.77],[129.96,-14.77],[129.92,-14.77],[129.83,-14.81],[129.66,-14.86],[129.57,-14.94],[129.7,-15.15],[129.44,-14.94],[129.35,-14.86],[129.22,-15.11],[129.13,-14.94],[128.95,-14.86],[128.73,-14.86],[128.64,-14.77],[128.47,-14.77],[128.47,-14.94],[128.29,-14.9],[128.03,-14.56],[127.94,-14.56],[127.77,-14.3],[127.68,-14.26],[127.41,-13.92],[127.15,-13.92],[126.98,-13.75],[126.76,-13.79],[126.76,-14.01],[126.49,-14.13],[126.49,-14.01],[126.4,-14.01],[126.05,-14.26],[126.05,-14.3],[126.05,-14.35],[125.96,-14.39],[126.05,-14.47],[125.83,-14.6],[125.79,-14.47],[125.26,-14.56],[125.22,-14.64],[125.17,-14.77],[125.26,-14.94],[125.39,-15.15],[125.22,-15.11],[125.04,-15.03],[124.87,-15.15],[124.87,-15.2],[124.69,-15.28],[124.65,-15.41],[124.51,-15.45],[124.43,-15.53],[124.38,-15.79],[124.51,-15.96],[124.6,-16.13],[124.38,-16.17],[124.38,-16.34],[124.43,-16.38],[124.73,-16.38],[124.43,-16.38],[124.38,-16.34],[124.34,-16.42],[124.43,-16.46],[124.43,-16.51],[124.4,-16.48],[124.34,-16.42],[124.25,-16.42],[124.16,-16.3],[123.94,-16.3],[123.9,-16.34],[123.77,-16.17],[123.59,-16.17],[123.64,-16.55],[123.59,-16.55],[123.55,-16.59],[123.77,-16.84],[123.9,-16.88],[123.81,-17.09],[123.86,-17.18],[123.68,-17.01],[123.64,-17.18],[123.55,-17.43],[123.37,-17.3],[123.37,-17.18],[123.24,-16.97],[123.15,-16.93],[123.11,-16.72],[122.89,-16.51],[122.76,-16.59],[122.76,-16.72],[122.54,-16.8],[122.58,-16.97],[122.41,-16.97],[122.27,-17.09],[122.14,-17.35],[122.14,-17.6],[122.23,-17.93],[122.36,-17.97],[122.36,-18.14],[122.23,-18.18],[121.92,-18.48],[121.83,-18.43],[121.75,-18.68],[121.61,-18.81],[121.57,-19.02],[121.35,-19.35],[121.13,-19.56],[120.21,-19.93],[119.73,-19.97],[119.51,-20.05],[119.33,-19.97],[119.11,-19.97],[118.98,-20.05],[118.8,-20.3],[118.28,-20.34],[118.01,-20.46],[117.75,-20.67],[117.35,-20.75],[117.18,-20.71],[116.83,-20.71],[116.83,-20.55],[116.65,-20.71],[116.47,-20.83],[116.21,-20.87],[116.21,-20.96],[115.86,-21.12],[115.46,-21.53],[115.16,-21.61],[115.02,-21.73],[114.89,-21.73],[114.85,-21.73],[114.67,-22.1],[114.5,-22.26],[114.45,-22.55],[114.32,-22.43],[114.19,-22.55],[114.1,-22.39],[114.15,-21.86],[113.93,-21.94],[113.84,-22.26],[113.66,-22.55],[113.66,-22.67],[113.79,-22.79],[113.84,-23.03],[113.79,-23.2],[113.79,-23.48],[113.57,-23.68],[113.44,-23.92],[113.4,-24.48],[113.62,-24.72],[113.66,-25.04],[113.84,-25.2],[114.06,-25.68],[114.28,-25.91],[114.19,-25.99],[114.28,-26.15],[114.23,-26.35],[114.1,-26.47],[113.93,-26.27],[113.75,-26.23],[113.88,-26.31],[113.88,-26.5],[113.79,-26.58],[113.62,-26.54],[113.57,-26.5],[113.53,-26.39],[113.4,-26.11],[113.31,-26.07],[113.18,-26.19],[113.35,-26.47],[113.66,-26.74],[113.97,-27.21],[114.15,-27.6],[114.1,-27.87],[114.19,-28.14],[114.41,-28.34],[114.59,-28.57],[114.63,-28.88],[114.89,-29.11],[114.98,-29.38],[114.98,-30.22],[115.07,-30.37],[115.11,-30.63],[115.73,-31.72],[115.77,-32.02],[115.88,-31.96],[115.9,-31.95],[115.88,-31.96],[115.86,-32.02],[115.77,-32.02],[115.77,-32.43],[115.68,-32.58],[115.6,-32.65],[115.68,-32.95],[115.68,-33.31],[115.38,-33.64],[114.98,-33.68],[114.98,-34.12],[115.11,-34.34],[115.33,-34.3],[115.6,-34.41],[115.95,-34.73],[115.99,-34.84],[116.3,-34.88],[116.52,-35.02],[117.31,-35.02],[117.35,-35.02],[117.4,-35.02],[117.48,-35.1],[117.75,-35.06],[117.88,-35.1],[118.19,-34.99],[118.41,-34.92],[118.54,-34.7],[118.76,-34.63],[118.93,-34.45],[119.2,-34.48],[119.51,-34.37],[119.64,-34.08],[119.99,-33.94],[120.47,-33.97],[120.82,-33.86],[121.57,-33.83],[121.83,-33.9],[122.1,-33.9],[122.1,-34.01],[122.45,-33.9],[122.98,-33.9],[123.11,-33.86],[123.24,-34.01],[123.46,-33.9],[123.55,-33.94],[123.99,-33.53],[123.99,-33.42],[124.21,-33.02],[124.38,-32.95],[124.73,-32.91],[124.91,-32.84],[125.35,-32.58],[125.48,-32.58],[125.96,-32.28],[126.27,-32.24],[126.54,-32.32],[126.76,-32.28],[127.24,-32.28],[127.55,-32.21],[127.85,-32.09],[127.99,-32.09],[128.43,-31.95],[128.95,-31.68],[129.87,-31.61],[129.96,-31.57],[130.58,-31.57],[130.84,-31.61],[131.15,-31.46],[131.59,-31.65],[132.12,-31.95],[132.38,-32.02],[132.47,-31.95],[132.86,-31.98],[133.13,-32.17],[133.43,-32.17],[133.83,-32.24],[133.92,-32.39],[133.87,-32.39],[134.27,-32.54],[134.27,-32.73],[134.09,-32.73],[134.18,-33.02],[134.27,-33.09],[134.27,-33.06],[134.27,-33.09],[134.36,-33.2],[134.71,-33.17],[134.84,-33.39],[134.84,-33.61],[135.19,-33.86],[135.28,-34.01],[135.28,-34.19],[135.37,-34.3],[135.41,-34.52],[135.45,-34.59],[135.37,-34.66],[135.5,-34.73],[135.63,-34.92],[135.76,-34.84],[135.98,-34.99],[135.98,-34.77],[135.85,-34.63],[135.94,-34.52],[136.11,-34.52],[136.16,-34.34],[136.38,-34.08],[136.73,-33.83],[136.86,-33.79],[137.26,-33.61],[137.39,-33.28],[137.61,-32.98],[137.92,-32.87],[138.05,-33.09],[137.83,-33.2],[137.96,-33.57],[137.61,-33.86],[137.48,-34.41],[137.52,-34.59],[137.48,-34.88],[137.39,-34.95],[136.99,-34.92],[136.99,-35.24],[137.17,-35.24],[137.48,-35.1],[137.65,-35.17],[137.87,-34.77],[137.87,-34.52],[138,-34.37],[138.09,-34.12],[138.27,-34.48],[138.53,-34.77],[138.49,-35.24],[138.44,-35.35],[138.14,-35.56],[138.14,-35.63],[138.53,-35.63],[138.66,-35.53],[138.84,-35.53],[139.23,-35.74],[139.54,-36.06],[139.76,-36.38],[139.85,-36.63],[139.85,-36.84],[139.72,-36.91],[139.85,-37.33],[140.2,-37.61],[140.38,-37.89],[140.68,-38.06],[141.03,-38.06],[141.39,-38.3],[141.39,-38.37],[141.65,-38.4],[141.65,-38.27],[141.91,-38.27],[142.13,-38.4],[142.35,-38.33],[142.62,-38.44],[142.79,-38.58],[143.01,-38.61],[143.19,-38.75],[143.58,-38.82],[144.02,-38.51],[144.42,-38.27],[144.64,-38.27],[144.73,-38.16],[144.59,-37.99],[144.81,-37.89],[144.99,-37.95],[145.12,-38.16],[144.99,-38.33],[144.77,-38.37],[144.99,-38.51],[145.21,-38.4],[145.25,-38.23],[145.47,-38.23],[145.43,-38.51],[145.6,-38.68],[145.74,-38.64],[145.91,-38.82],[146.13,-38.82],[146.18,-38.82],[146.15,-38.85]],[[123.55,-16.59],[123.59,-16.55],[123.64,-16.55],[123.55,-16.59]]],[[[125.13,-15.49],[125.09,-15.45],[125,-15.32],[124.91,-15.37],[124.87,-15.32],[124.87,-15.28],[124.91,-15.24],[124.95,-15.2],[124.91,-15.24],[124.87,-15.28],[124.87,-15.32],[124.91,-15.37],[125.09,-15.45],[125.13,-15.49]]],[[[143.89,-40.14],[144.11,-40.04],[144.11,-39.67],[143.85,-39.7],[143.89,-40.14]]],[[[147.89,-39.77],[147.89,-40.04],[148.02,-40.24],[148.33,-40.21],[148.28,-40.1],[148.2,-39.94],[147.89,-39.77]]],[[[147.32,-43.13],[147.41,-43.19],[147.36,-43.06],[147.32,-43.09],[147.32,-43.13]]],[[[147.8,-42.9],[147.71,-43.19],[147.98,-43.19],[147.8,-42.9]]],[[[145.21,-42.22],[145.25,-42.51],[145.38,-42.64],[145.43,-42.87],[146,-43.32],[146.04,-43.54],[146.48,-43.54],[146.7,-43.6],[146.92,-43.51],[147.1,-43.29],[147.01,-43.22],[146.97,-43.19],[147.01,-43.13],[146.97,-43.19],[147.01,-43.22],[147.19,-43.29],[147.32,-43.09],[147.36,-43.06],[147.36,-42.87],[147.32,-42.84],[147.36,-42.87],[147.49,-42.9],[147.49,-42.8],[147.8,-42.9],[147.98,-42.67],[147.98,-42.42],[148.06,-42.12],[148.28,-42.12],[148.28,-42.29],[148.28,-41.37],[148.33,-41.3],[148.28,-40.91],[148.02,-40.74],[147.89,-40.87],[147.58,-40.84],[147.45,-41.01],[147.32,-40.97],[146.79,-41.07],[146.83,-41.14],[146.88,-41.14],[146.92,-41.2],[146.97,-41.3],[147.05,-41.34],[147.07,-41.36],[147.08,-41.37],[147.07,-41.36],[147.05,-41.34],[146.97,-41.3],[146.92,-41.2],[146.88,-41.14],[146.83,-41.14],[146.31,-41.17],[145.74,-41.01],[145.52,-40.87],[144.73,-40.74],[144.59,-40.94],[144.68,-41.24],[144.95,-41.73],[145.21,-41.96],[145.25,-42.19],[145.47,-42.42],[145.21,-42.22]]]]},"properties":{"ISO_A3":"AUS"}},
{"type":"Feature","geometry":{"type":"Polygon","coordinates":[[[105.71,-10.4],[105.58,-10.53],[105.67,-10.57],[105.67,-10.49],[105.71,-10.4]]]},"properties":{"ISO_A3":"CXR"}},
{"type":"Feature","geometry":{"type":"Polygon","coordinates":[[[96.83,-12.16],[96.82,-12.14],[96.82,-12.16],[96.83,-12.16]]]},"properties":{"ISO_A3":"CCK"}},
{"type":"Feature","geometry":{"type":"Polygon","coordinates":[[[73.33,-52.98],[73.46,-53.19],[73.64,-53.03],[73.33,-52.98]]]},"properties":{"ISO_A3":"HMD"}},
{"type":"Feature","geometry":{"type":"Polygon","coordinates":[[[167.92,-28.99],[167.92,-29.07],[167.97,-29.07],[167.97,-28.99],[167.92,-28.99]]]},"properties":{"ISO_A3":"NFK"}},
{"type":"Feature","geometry":{"type":"Polygon","coordinates":[[[17.09,48.04],[16.96,48.16],[16.87,48.39],[16.96,48.63],[16.91,48.71],[16.47,48.8],[16.12,48.74],[15.86,48.86],[15.51,48.94],[14.98,49],[14.98,48.77],[14.81,48.77],[14.72,48.6],[14.41,48.57],[14.06,48.6],[13.84,48.77],[13.71,48.51],[13.44,48.57],[13.44,48.39],[13.05,48.28],[12.74,48.1],[12.96,47.95],[13.09,47.63],[13.05,47.51],[12.65,47.69],[12.17,47.69],[12.21,47.6],[11.69,47.6],[11.42,47.45],[10.98,47.42],[10.76,47.54],[10.5,47.54],[10.37,47.3],[9.97,47.54],[9.53,47.54],[9.66,47.36],[9.53,47.24],[9.62,47.06],[9.84,47.03],[10.06,46.85],[10.46,46.85],[10.98,46.76],[11.16,46.97],[11.86,47],[12.12,46.94],[12.48,46.67],[13.31,46.55],[13.71,46.52],[14.1,46.49],[14.15,46.43],[14.67,46.43],[14.85,46.61],[15.46,46.64],[15.9,46.7],[16.12,46.88],[16.43,47.18],[16.47,47.42],[16.69,47.57],[16.74,47.75],[16.96,47.69],[17.18,48.01],[17.09,48.04]]]},"properties":{"ISO_A3":"AUT"}},
{"type":"Feature","geometry":{"type":"MultiPolygon","coordinates":[[[[46.13,38.85],[46,39.29],[45.87,39.36],[45.74,39.6],[45.47,39.5],[45.08,39.8],[44.77,39.7],[44.81,39.63],[45.17,39.26],[45.52,38.95],[45.69,38.95],[46.13,38.85]]],[[[46.53,38.85],[46.88,39.16],[47.63,39.57],[48.02,39.7],[48.37,39.4],[48.15,39.29],[48.15,39.19],[48.33,39.02],[48.02,38.89],[48.24,38.65],[48.46,38.61],[48.59,38.4],[48.9,38.44],[48.86,38.78],[48.9,38.92],[48.94,39.16],[49.03,39.23],[48.9,39.19],[49.03,39.23],[49.25,39.33],[49.25,39.5],[49.38,39.67],[49.43,40.11],[49.73,40.31],[50.35,40.41],[50.22,40.51],[49.69,40.57],[49.51,40.67],[49.51,40.84],[49.3,40.94],[49.16,41.11],[49.08,41.37],[48.59,41.83],[48.2,41.5],[47.8,41.21],[47.36,41.27],[47.14,41.57],[46.7,41.83],[46.44,41.9],[46.18,41.63],[46.53,41.4],[46.7,41.34],[46.66,41.11],[46.48,41.07],[46.26,41.21],[45.91,41.21],[45.56,41.37],[45.47,41.47],[45.25,41.47],[45.03,41.3],[45.21,41.14],[45.21,41.01],[45.43,41.01],[45.6,40.84],[45.38,40.74],[45.43,40.51],[46,40.21],[45.82,39.84],[46.18,39.63],[46.53,39.6],[46.57,39.19],[46.53,38.92],[46.53,38.85]]]]},"properties":{"ISO_A3":"AZE"}},
{"type":"Feature","geometry":{"type":"Polygon","coordinates":[[[29.04,-2.72],[29.08,-2.9],[29.26,-3.07],[29.22,-3.42],[29.26,-3.69],[29.22,-3.82],[29.35,-3.99],[29.44,-4.43],[29.88,-4.39],[30.23,-4.04],[30.23,-3.95],[30.4,-3.78],[30.49,-3.51],[30.67,-3.42],[30.71,-3.29],[30.84,-3.25],[30.84,-2.99],[30.49,-2.94],[30.45,-2.63],[30.53,-2.42],[30.45,-2.33],[30.18,-2.37],[30.01,-2.33],[29.92,-2.55],[29.92,-2.72],[29.74,-2.81],[29.35,-2.81],[29.3,-2.63],[29.04,-2.59],[29.04,-2.72]]]},"properties":{"ISO_A3":"BDI"}},
{"type":"Feature","geometry":{"type":"Polygon","coordinates":[[[6.02,50.76],[5.71,50.76],[5.8,51.14],[5.49,51.31],[5.4,51.25],[5.05,51.39],[4.39,51.42],[4.17,51.28],[3.86,51.2],[3.78,51.28],[3.38,51.36],[2.55,51.09],[2.63,50.81],[2.85,50.7],[3.03,50.79],[3.25,50.7],[3.29,50.53],[3.6,50.51],[3.65,50.34],[4.08,50.34],[4.22,50.25],[4.13,49.97],[4.52,49.94],[4.83,50.11],[4.88,49.8],[5.27,49.69],[5.45,49.52],[5.84,49.55],[5.89,49.66],[5.75,49.8],[5.75,49.97],[6.02,50.17],[6.15,50.14],[6.33,50.31],[6.28,50.62],[6.02,50.76]]]},"properties":{"ISO_A3":"BEL"}},
{"type":"Feature","geometry":{"type":"Polygon","coordinates":[[[1.8,6.27],[2.24,6.36],[2.72,6.36],[2.72,7.01],[2.77,7.06],[2.77,7.54],[2.72,7.54],[2.72,8.45],[2.77,8.45],[2.77,9.06],[3.07,9.1],[3.16,9.27],[3.12,9.45],[3.25,9.58],[3.34,9.84],[3.56,9.88],[3.6,9.97],[3.6,10.4],[3.82,10.44],[3.78,10.92],[3.69,11.13],[3.51,11.26],[3.51,11.48],[3.6,11.69],[3.51,11.87],[3.34,11.87],[3.25,12.04],[2.85,12.42],[2.55,12.25],[2.37,12.25],[2.41,11.91],[2.24,11.65],[2.02,11.44],[1.67,11.44],[1.45,11.48],[1.27,11.26],[1.14,11.26],[1.1,11.05],[0.92,11],[0.88,10.79],[0.79,10.75],[0.79,10.4],[1.1,10.14],[1.36,10.01],[1.36,9.49],[1.4,9.32],[1.62,9.06],[1.62,8.45],[1.62,7.01],[1.58,6.71],[1.76,6.49],[1.8,6.27]]]},"properties":{"ISO_A3":"BEN"}},
{"type":"Feature","geometry":{"type":"Polygon","coordinates":[[[0.26,14.9],[-0.18,15.07],[-0.4,14.99],[-0.44,15.07],[-0.75,15.07],[-1.1,14.77],[-1.32,14.73],[-1.76,14.48],[-1.98,14.48],[-1.98,14.18],[-2.11,14.13],[-2.29,14.26],[-2.46,14.3],[-2.68,14.13],[-2.86,14.05],[-2.86,13.88],[-2.95,13.62],[-3.21,13.67],[-3.25,13.28],[-3.43,13.28],[-3.43,13.15],[-3.78,13.37],[-4,13.45],[-4.22,13.28],[-4.35,13.11],[-4.22,12.98],[-4.22,12.72],[-4.4,12.6],[-4.44,12.34],[-4.75,11.99],[-5.05,11.99],[-5.23,11.87],[-5.27,11.61],[-5.19,11.44],[-5.36,11.09],[-5.49,11.09],[-5.45,10.79],[-5.49,10.44],[-5.45,10.31],[-5.19,10.31],[-4.97,10.05],[-4.97,9.88],[-4.83,9.88],[-4.79,9.75],[-4.53,9.71],[-4.26,9.62],[-4.26,9.75],[-3.91,9.92],[-3.3,9.92],[-2.99,9.75],[-2.95,9.58],[-2.77,9.4],[-2.68,9.49],[-2.77,9.58],[-2.77,10.23],[-2.9,10.49],[-2.9,10.83],[-2.81,11],[-1.76,11],[-0.48,11],[-0.44,11.13],[-0.22,11.18],[-0.13,11.13],[0,11.09],[0.26,11.05],[0.53,10.96],[0.92,11],[1.1,11.05],[1.14,11.26],[1.27,11.26],[1.45,11.48],[1.67,11.44],[2.02,11.44],[2.24,11.65],[2.41,11.91],[2.06,12.34],[2.28,12.42],[2.24,12.6],[2.11,12.72],[1.98,12.72],[1.89,12.6],[1.14,13.02],[1.01,13.11],[1.01,13.58],[0.66,13.67],[0.39,14.05],[0.17,14.52],[0.26,14.9]]]},"properties":{"ISO_A3":"BFA"}},
{"type":"Feature","geometry":{"type":"MultiPolygon","coordinates":[[[[89.32,21.98],[89.37,21.98],[89.32,22.02],[89.32,21.98]]],[[[90.29,21.9],[90.46,21.9],[90.46,22.06],[90.38,21.98],[90.29,21.9]]],[[[91.96,21.49],[92.05,21.33],[92.05,21.16],[92.35,20.79],[92.31,20.88],[92.27,20.96],[92.22,21.12],[92.22,21.16],[92.22,21.33],[92.62,21.45],[92.62,21.65],[92.62,21.82],[92.62,21.94],[92.62,21.98],[92.62,22.02],[92.57,22.02],[92.57,22.14],[92.62,22.14],[92.62,22.18],[92.57,22.22],[92.57,22.27],[92.57,22.31],[92.57,22.43],[92.53,22.75],[92.48,22.75],[92.48,22.79],[92.44,22.83],[92.48,22.87],[92.44,22.87],[92.44,22.91],[92.4,23],[92.4,23.08],[92.35,23.24],[92.4,23.24],[92.27,23.72],[92.13,23.72],[92.05,23.64],[91.96,23.44],[91.78,23.32],[91.83,23.2],[91.83,23.12],[91.83,23.08],[91.78,23.08],[91.69,23],[91.65,22.95],[91.61,22.95],[91.61,23],[91.56,22.95],[91.52,23.04],[91.52,23.12],[91.52,23.16],[91.47,23.28],[91.34,23.24],[91.25,23.48],[91.17,23.6],[91.17,23.68],[91.17,23.72],[91.17,23.76],[91.21,23.76],[91.21,23.8],[91.25,23.8],[91.25,23.84],[91.21,23.88],[91.25,23.92],[91.25,23.96],[91.3,23.96],[91.34,24],[91.39,23.96],[91.39,24.04],[91.39,24.08],[91.39,24.12],[91.43,24.12],[91.47,24.08],[91.56,24.08],[91.61,24.08],[91.78,24.2],[91.83,24.2],[91.83,24.24],[91.87,24.2],[91.87,24.16],[91.91,24.12],[91.91,24.16],[92,24.36],[92.09,24.36],[92.13,24.4],[92.13,24.44],[92.18,24.4],[92.18,24.44],[92.13,24.48],[92.18,24.52],[92.22,24.52],[92.22,24.56],[92.27,24.68],[92.31,24.72],[92.27,24.76],[92.31,24.8],[92.27,24.8],[92.27,24.84],[92.22,24.84],[92.22,24.88],[92.27,24.92],[92.31,24.92],[92.31,24.88],[92.35,24.88],[92.4,24.84],[92.44,24.84],[92.44,24.88],[92.48,24.88],[92.48,24.96],[92.44,24.92],[92.44,24.96],[92.44,25.04],[92.35,25.08],[92.31,25.08],[92.22,25.08],[92.22,25.12],[92.18,25.12],[92.13,25.16],[92.05,25.2],[92,25.2],[91.96,25.16],[91.91,25.2],[91.91,25.16],[91.87,25.16],[91.83,25.16],[91.78,25.16],[91.69,25.16],[91.69,25.12],[91.65,25.12],[91.61,25.12],[91.61,25.16],[91.56,25.16],[91.52,25.16],[91.52,25.12],[91.47,25.12],[91.47,25.16],[91.43,25.16],[91.39,25.16],[91.34,25.16],[91.34,25.2],[91.3,25.2],[91.25,25.2],[91.17,25.2],[91.12,25.2],[91.08,25.2],[90.99,25.16],[90.82,25.16],[90.77,25.2],[90.77,25.16],[90.68,25.16],[90.64,25.2],[90.64,25.16],[90.38,25.16],[90.02,25.28],[89.94,25.28],[89.89,25.32],[89.89,25.28],[89.85,25.28],[89.8,25.36],[89.85,25.44],[89.85,25.56],[89.89,25.6],[89.89,25.68],[89.89,25.95],[89.8,26.11],[89.63,26.23],[89.63,26.07],[89.59,26.03],[89.59,25.99],[89.59,25.95],[89.54,25.99],[89.37,25.99],[89.15,26.11],[89.1,26.27],[89.15,26.31],[89.1,26.31],[89.1,26.35],[89.1,26.39],[89.06,26.39],[89.01,26.43],[88.97,26.43],[88.97,26.47],[88.93,26.43],[88.93,26.39],[88.93,26.35],[88.97,26.31],[89.01,26.31],[89.01,26.27],[89.06,26.27],[89.01,26.23],[88.93,26.27],[88.84,26.23],[88.79,26.31],[88.4,26.62],[88.35,26.58],[88.35,26.55],[88.35,26.51],[88.49,26.47],[88.53,26.35],[88.49,26.35],[88.44,26.35],[88.4,26.35],[88.35,26.31],[88.35,26.23],[88.31,26.23],[88.31,26.19],[88.18,26.15],[88.09,25.91],[88.27,25.8],[88.53,25.52],[88.79,25.52],[88.84,25.36],[88.88,25.32],[88.93,25.32],[88.97,25.32],[89.01,25.28],[88.97,25.24],[88.97,25.2],[88.93,25.2],[88.93,25.16],[88.88,25.2],[88.84,25.2],[88.79,25.16],[88.75,25.2],[88.44,25.2],[88.44,25],[88.4,25],[88.27,24.92],[88.22,24.96],[88.05,24.76],[88.09,24.76],[88.05,24.72],[88.05,24.68],[88,24.68],[88.05,24.64],[88.05,24.6],[88.35,24.36],[88.4,24.36],[88.44,24.36],[88.53,24.36],[88.75,24.28],[88.75,24.16],[88.71,24.12],[88.75,24.08],[88.75,24.04],[88.75,24],[88.75,23.96],[88.75,23.92],[88.71,23.92],[88.71,23.88],[88.66,23.88],[88.62,23.88],[88.57,23.88],[88.57,23.84],[88.62,23.8],[88.57,23.8],[88.57,23.76],[88.57,23.72],[88.57,23.68],[88.57,23.64],[88.57,23.6],[88.75,23.44],[88.71,23.24],[88.93,23.2],[88.88,23.12],[88.88,23.08],[88.88,23.04],[88.88,23],[88.84,22.95],[88.88,22.95],[88.88,22.91],[88.93,22.79],[88.93,22.75],[88.93,22.71],[88.97,22.71],[88.93,22.67],[88.93,22.63],[88.97,22.63],[88.93,22.59],[88.93,22.55],[88.97,22.35],[89.06,22.18],[89.1,21.86],[89.15,21.78],[89.23,21.74],[89.45,21.78],[89.5,22.1],[89.45,22.14],[89.45,22.27],[89.45,22.39],[89.41,22.43],[89.45,22.39],[89.45,22.27],[89.45,22.14],[89.5,22.1],[89.54,22.06],[89.59,22.1],[89.59,22.14],[89.63,22.14],[89.59,22.1],[89.59,22.02],[89.54,21.98],[89.67,21.86],[89.8,21.9],[89.8,22.06],[89.89,22.06],[90.11,21.82],[90.29,21.9],[90.42,22.06],[90.64,22.22],[90.6,22.18],[90.46,22.06],[90.68,22.02],[90.86,22.27],[90.9,22.47],[91.17,22.47],[91.25,22.55],[91.25,22.75],[91.39,22.79],[91.43,22.79],[91.69,22.55],[91.87,22.1],[91.87,21.94],[91.87,21.82],[91.96,21.49]]],[[[89.37,21.9],[89.37,21.98],[89.37,22.1],[89.32,22.22],[89.32,22.27],[89.32,22.22],[89.37,22.1],[89.32,22.02],[89.28,22.06],[89.23,22.1],[89.28,22.06],[89.32,21.98],[89.37,21.9]]],[[[89.19,21.94],[89.23,21.9],[89.19,21.94],[89.23,21.98],[89.19,21.98],[89.15,22.02],[89.19,21.98],[89.19,21.94]]]]},"properties":{"ISO_A3":"BGD"}},
{"type":"Feature","geometry":{"type":"Polygon","coordinates":[[[23.02,41.34],[23.28,41.4],[23.77,41.4],[23.99,41.44],[24.08,41.54],[24.47,41.54],[24.56,41.47],[24.95,41.4],[25.22,41.3],[25.96,41.3],[26.18,41.4],[26.1,41.73],[26.32,41.73],[26.54,41.83],[26.62,41.96],[26.98,41.99],[27.02,42.09],[27.28,42.09],[27.55,41.93],[28.03,41.99],[27.81,42.22],[27.81,42.32],[27.5,42.55],[27.9,42.71],[27.9,43.06],[28.07,43.38],[28.47,43.38],[28.6,43.51],[28.56,43.73],[28.03,43.83],[27.68,44.02],[27.41,44.02],[27.15,44.14],[26.89,44.14],[26.67,44.05],[26.36,44.05],[26.14,43.99],[25.83,43.76],[25.57,43.64],[25,43.73],[24.69,43.7],[24.56,43.76],[24.16,43.67],[23.77,43.8],[23.42,43.86],[22.98,43.8],[22.85,43.92],[22.98,44.08],[22.67,44.21],[22.63,44.05],[22.41,44.02],[22.36,43.76],[22.49,43.67],[22.49,43.51],[22.85,43.32],[22.98,43.13],[22.67,42.87],[22.45,42.77],[22.45,42.55],[22.54,42.38],[22.36,42.32],[22.58,42.09],[22.85,42.03],[23.02,41.7],[22.98,41.34],[23.02,41.34]]]},"properties":{"ISO_A3":"BGR"}},
{"type":"Feature","geometry":{"type":"MultiPolygon","coordinates":[[[[50.66,26.23],[50.66,26.31],[50.61,26.27],[50.66,26.23]]],[[[50.61,26.27],[50.44,26.23],[50.48,25.91],[50.61,25.84],[50.61,26.27]]]]},"properties":{"ISO_A3":"BHR"}},
{"type":"Feature","geometry":{"type":"MultiPolygon","coordinates":[[[[-77.9,26.66],[-78.08,26.7],[-78.56,26.7],[-78.52,26.58],[-78.12,26.66],[-77.9,26.66]]],[[[-78.25,24.72],[-78.23,24.74],[-78.25,24.76],[-78.25,24.72]]],[[[-78.25,24.68],[-78.38,24.56],[-78.08,24.32],[-77.9,24.32],[-77.73,24.48],[-77.77,24.72],[-77.95,24.88],[-78.03,25.16],[-78.25,24.76],[-78.23,24.74],[-78.25,24.68]]],[[[-77.59,23.92],[-77.55,23.92],[-77.55,24],[-77.59,23.92]]],[[[-77.55,23.84],[-77.55,23.92],[-77.59,23.88],[-77.55,23.84]]],[[[-77.64,23.88],[-77.55,23.84],[-77.59,23.88],[-77.64,23.88]]],[[[-77.81,23.96],[-77.64,23.88],[-77.59,23.92],[-77.55,24],[-77.64,24.2],[-77.68,24.12],[-77.68,24.16],[-77.64,24.2],[-77.77,24.28],[-77.9,24.16],[-77.81,23.96]]],[[[-75.05,23.12],[-75.09,23.28],[-75.13,23.16],[-75.05,23.12]]],[[[-73.68,20.92],[-73.16,20.96],[-73.02,21.16],[-73.02,21.33],[-73.29,21.12],[-73.46,21.2],[-73.64,21.12],[-73.68,20.92]]]]},"properties":{"ISO_A3":"BHS"}},
{"type":"Feature","geometry":{"type":"Polygon","coordinates":[[[18.23,42.61],[18.45,42.58],[18.5,43],[18.67,43.03],[18.72,43.29],[19.02,43.29],[19.02,43.51],[19.24,43.54],[19.51,43.57],[19.55,43.67],[19.33,43.89],[19.64,44.02],[19.15,44.27],[19.11,44.49],[19.24,44.58],[19.37,44.9],[19.15,44.93],[19.02,44.86],[18.8,44.86],[18.72,45.05],[18.45,45.11],[17.84,45.05],[17.66,45.14],[17.18,45.14],[16.91,45.27],[16.83,45.21],[16.52,45.24],[16.3,44.99],[16.04,45.21],[15.77,45.21],[15.77,44.74],[15.9,44.74],[16.3,44.11],[16.43,44.08],[17,43.57],[17.27,43.48],[17.31,43.29],[17.66,43.09],[17.62,42.93],[17.62,42.9],[17.66,42.9],[18.19,42.68],[18.23,42.61]]]},"properties":{"ISO_A3":"BIH"}},
{"type":"Feature","geometry":{"type":"Polygon","coordinates":[[[23.68,51.5],[23.68,51.67],[24.08,51.61],[24.34,51.75],[24.38,51.88],[24.82,51.88],[25.09,51.96],[25.48,51.91],[26.01,51.94],[26.45,51.8],[26.8,51.75],[27.2,51.77],[27.24,51.61],[27.55,51.64],[28.03,51.56],[28.25,51.67],[28.38,51.56],[29.26,51.56],[29.52,51.42],[29.92,51.5],[30.23,51.5],[30.4,51.31],[30.62,51.36],[30.53,51.61],[30.71,51.88],[30.93,52.02],[31.41,52.15],[31.76,52.1],[31.63,52.29],[31.59,52.8],[31.37,52.93],[31.33,53.09],[31.63,53.22],[31.9,53.09],[32.16,53.09],[32.73,53.32],[32.73,53.45],[32.42,53.61],[32.51,53.72],[32.16,53.79],[31.81,53.79],[31.9,54.08],[31.37,54.21],[31.15,54.49],[31.19,54.67],[30.75,54.82],[30.93,54.95],[31.02,55.15],[30.8,55.32],[30.75,55.6],[30.49,55.82],[30.27,55.87],[29.83,55.79],[29.35,55.77],[29.39,55.89],[29.08,56.04],[28.73,55.97],[28.65,56.11],[28.38,56.06],[28.16,56.16],[27.63,55.92],[27.63,55.79],[26.98,55.82],[26.62,55.67],[26.54,55.52],[26.67,55.35],[26.62,55.15],[26.32,55.15],[26.23,55],[25.88,54.92],[25.75,54.82],[25.75,54.56],[25.53,54.31],[25.22,54.26],[24.82,54.03],[24.34,53.9],[23.5,53.95],[23.55,53.77],[23.94,53.03],[23.94,52.72],[23.46,52.56],[23.2,52.34],[23.2,52.23],[23.5,52.18],[23.68,52.05],[23.55,51.53],[23.64,51.5],[23.68,51.5]]]},"properties":{"ISO_A3":"BLR"}},
{"type":"Feature","geometry":{"type":"Polygon","coordinates":[[[-89.15,17.81],[-89.15,16.8],[-89.19,16.25],[-89.24,15.92],[-88.93,15.92],[-88.75,16.13],[-88.67,16.3],[-88.53,16.34],[-88.36,16.51],[-88.23,17.05],[-88.31,17.14],[-88.27,17.31],[-88.31,17.64],[-88.09,18.1],[-88.09,18.31],[-88.36,18.35],[-88.31,18.48],[-88.53,18.48],[-88.53,18.35],[-88.89,17.89],[-88.97,17.98],[-89.15,17.98],[-89.15,17.81]]]},"properties":{"ISO_A3":"BLZ"}},
{"type":"Feature","geometry":{"type":"Polygon","coordinates":[[[-69.47,-17.51],[-69.33,-17.72],[-69.29,-17.97],[-69.07,-18.06],[-69.16,-18.18],[-69.03,-18.31],[-69.03,-18.64],[-68.94,-18.97],[-68.45,-19.43],[-68.67,-19.76],[-68.54,-19.84],[-68.54,-20.01],[-68.72,-20.13],[-68.67,-20.3],[-68.72,-20.46],[-68.45,-20.63],[-68.54,-20.71],[-68.54,-20.92],[-68.28,-21.08],[-68.19,-21.28],[-68.19,-21.61],[-68.06,-21.73],[-68.06,-21.98],[-67.93,-22.1],[-67.88,-22.39],[-67.88,-22.83],[-67.58,-22.91],[-67.18,-22.83],[-67.05,-22.55],[-66.79,-22.47],[-66.74,-22.22],[-66.35,-22.14],[-66.21,-21.82],[-66.08,-21.82],[-65.77,-22.1],[-64.9,-22.1],[-64.54,-22.26],[-64.54,-22.43],[-64.41,-22.51],[-64.32,-22.75],[-64.11,-22.39],[-64.11,-22.3],[-63.93,-22.02],[-63.45,-21.98],[-62.83,-21.98],[-62.83,-22.1],[-62.66,-22.22],[-62.52,-21.94],[-62.26,-21.04],[-62.26,-20.55],[-61.91,-20.09],[-61.73,-19.64],[-60.59,-19.47],[-59.98,-19.31],[-59.05,-19.31],[-58.22,-19.76],[-58.22,-19.97],[-58.13,-20.13],[-57.87,-19.97],[-58.13,-19.76],[-57.78,-19.02],[-57.78,-18.89],[-57.56,-18.23],[-57.56,-18.14],[-57.73,-17.85],[-57.73,-17.68],[-57.87,-17.43],[-58.09,-17.47],[-58.39,-17.18],[-58.39,-17.01],[-58.48,-16.93],[-58.48,-16.63],[-58.35,-16.55],[-58.44,-16.34],[-58.83,-16.3],[-59.62,-16.3],[-60.19,-16.25],[-60.19,-15.96],[-60.24,-15.75],[-60.24,-15.49],[-60.59,-15.11],[-60.24,-15.11],[-60.28,-14.64],[-60.41,-14.43],[-60.5,-14.13],[-60.41,-14.05],[-60.46,-13.79],[-60.9,-13.62],[-60.9,-13.54],[-61.86,-13.54],[-62.08,-13.28],[-62.13,-13.15],[-62.39,-13.15],[-62.61,-12.98],[-62.79,-13.02],[-62.87,-12.85],[-63.18,-12.64],[-63.31,-12.68],[-63.45,-12.55],[-63.71,-12.42],[-63.89,-12.51],[-64.19,-12.51],[-64.5,-12.38],[-64.5,-12.25],[-64.76,-12.17],[-64.85,-11.99],[-65.03,-11.99],[-65.12,-11.74],[-65.25,-11.74],[-65.25,-11.56],[-65.34,-11.43],[-65.34,-11.09],[-65.25,-10.92],[-65.42,-10.66],[-65.42,-10.44],[-65.29,-10.27],[-65.34,-10.05],[-65.34,-9.71],[-65.42,-9.66],[-65.56,-9.84],[-65.73,-9.79],[-66.21,-9.79],[-66.35,-9.88],[-66.61,-9.88],[-67.05,-10.27],[-67.31,-10.31],[-67.4,-10.4],[-67.58,-10.49],[-67.71,-10.7],[-68.02,-10.66],[-68.28,-11],[-68.72,-11.13],[-68.76,-11],[-69.07,-10.96],[-69.55,-10.96],[-69.11,-11.65],[-68.98,-11.95],[-68.81,-12.21],[-68.67,-12.51],[-68.72,-12.72],[-68.85,-12.81],[-68.85,-13.28],[-68.94,-13.62],[-68.98,-14.01],[-68.89,-14.05],[-69.03,-14.39],[-69.25,-14.6],[-69.38,-14.94],[-69.16,-15.2],[-69.25,-15.45],[-69.42,-15.62],[-69.29,-16.13],[-69.11,-16.21],[-68.94,-16.21],[-68.81,-16.34],[-68.98,-16.42],[-69.03,-16.67],[-69.16,-16.72],[-69.29,-16.93],[-69.38,-16.97],[-69.6,-17.22],[-69.47,-17.39],[-69.47,-17.51]]]},"properties":{"ISO_A3":"BOL"}},
{"type":"Feature","geometry":{"type":"MultiPolygon","coordinates":[[[[-50.4,0.22],[-50.31,0.26],[-50.05,0.53],[-50.05,0.62],[-50.35,0.62],[-50.44,0.48],[-50.48,0.26],[-50.4,0.22]]],[[[-50.4,0.22],[-50.35,0.04],[-49.87,0],[-49.56,0.31],[-49.61,0.35],[-49.91,0.31],[-50.13,0.31],[-50.22,0.22],[-50.4,0.22]]],[[[-49.74,-0.13],[-49.43,-0.13],[-49.43,0.09],[-49.65,0.09],[-49.74,-0.13]]],[[[-48.38,-1.27],[-48.33,-1.23],[-48.33,-1.19],[-48.29,-1.1],[-48.33,-1.05],[-48.42,-1.23],[-48.38,-1.27]]],[[[-45.39,-1.45],[-45.34,-1.36],[-45.41,-1.43],[-45.39,-1.45]]],[[[-48.51,-1.58],[-48.51,-1.54],[-48.55,-1.54],[-48.51,-1.58]]],[[[-42.22,-2.72],[-42.14,-2.77],[-42.09,-2.77],[-42.05,-2.77],[-42.22,-2.68],[-42.22,-2.72]]],[[[-40.34,-20.34],[-40.34,-20.3],[-40.36,-20.32],[-40.34,-20.34]]],[[[-48.42,-25.4],[-48.38,-25.32],[-48.42,-25.32],[-48.46,-25.36],[-48.42,-25.4]]],[[[-48.64,-26.39],[-48.6,-26.39],[-48.73,-26.31],[-48.68,-26.35],[-48.64,-26.39]]],[[[-52.02,-31.65],[-52.02,-31.57],[-52.07,-31.61],[-52.02,-31.65]]],[[[-52.15,-32.06],[-52.07,-32.06],[-52.11,-32.02],[-52.15,-32.06]]],[[[-57.6,-30.18],[-57.56,-30.29],[-57.21,-30.29],[-57.12,-30.1],[-56.81,-30.1],[-56.46,-30.44],[-56.15,-30.63],[-56.02,-30.78],[-56.02,-31.08],[-55.89,-31.08],[-55.58,-30.86],[-55.36,-31.01],[-55.32,-31.16],[-55.14,-31.31],[-55.01,-31.27],[-54.88,-31.38],[-54.57,-31.46],[-54.44,-31.65],[-54.13,-31.91],[-53.96,-31.95],[-53.74,-32.09],[-53.6,-32.47],[-53.43,-32.58],[-53.16,-32.65],[-53.08,-32.8],[-53.52,-33.13],[-53.52,-33.68],[-53.38,-33.75],[-53.25,-33.68],[-52.77,-33.28],[-52.46,-32.84],[-52.37,-32.47],[-52.11,-32.13],[-52.15,-32.06],[-52.24,-31.98],[-52.24,-31.76],[-52.02,-31.65],[-52.07,-31.61],[-52.02,-31.57],[-51.98,-31.35],[-51.5,-31.08],[-51.41,-30.9],[-51.41,-30.67],[-51.32,-30.63],[-51.19,-30.4],[-50.66,-30.29],[-50.57,-30.4],[-50.7,-30.52],[-50.7,-30.78],[-50.88,-30.9],[-50.97,-31.05],[-51.19,-31.08],[-51.14,-31.31],[-51.28,-31.5],[-51.41,-31.5],[-51.67,-31.8],[-51.93,-31.87],[-52.07,-32.06],[-52.11,-32.13],[-51.71,-31.83],[-51.28,-31.61],[-51.06,-31.35],[-50.75,-31.12],[-50.53,-30.75],[-50.4,-30.63],[-50.09,-29.87],[-49.83,-29.45],[-49.39,-28.95],[-49.08,-28.72],[-48.77,-28.57],[-48.77,-28.45],[-48.64,-28.14],[-48.64,-27.6],[-48.55,-27.6],[-48.64,-27.52],[-48.55,-27.17],[-48.68,-26.78],[-48.64,-26.43],[-48.64,-26.39],[-48.68,-26.35],[-48.73,-26.31],[-48.6,-26.19],[-48.55,-25.87],[-48.51,-25.56],[-48.64,-25.48],[-48.42,-25.4],[-48.46,-25.36],[-48.42,-25.32],[-48.38,-25.32],[-48.29,-25.36],[-48.24,-25.32],[-48.24,-25.36],[-48.24,-25.32],[-48.29,-25.36],[-48.33,-25.48],[-48.11,-25.28],[-48.07,-25.24],[-47.98,-25.08],[-47.85,-24.96],[-47.89,-24.96],[-47.85,-24.92],[-47.8,-24.88],[-47.85,-24.92],[-47.85,-24.96],[-47.58,-24.8],[-47.5,-24.68],[-47.58,-24.72],[-47.5,-24.68],[-47.41,-24.68],[-47.01,-24.4],[-46.84,-24.2],[-46.4,-24],[-46.4,-23.96],[-46.18,-24],[-46.14,-23.84],[-45.92,-23.76],[-45.65,-23.76],[-45.43,-23.84],[-45.43,-23.64],[-45.04,-23.48],[-44.95,-23.36],[-44.6,-23.36],[-44.69,-23.24],[-44.69,-23.07],[-44.29,-22.95],[-44.25,-23.07],[-43.98,-22.91],[-43.81,-22.91],[-43.54,-23.03],[-43.19,-22.99],[-43.15,-22.91],[-43.24,-22.71],[-43.02,-22.71],[-43.15,-22.91],[-43.1,-22.95],[-42.05,-22.95],[-41.87,-22.75],[-42.01,-22.59],[-41.87,-22.51],[-41.7,-22.3],[-40.99,-22.02],[-41.04,-21.78],[-40.99,-21.61],[-41.08,-21.53],[-40.95,-21.37],[-40.82,-20.96],[-40.38,-20.59],[-40.34,-20.34],[-40.36,-20.32],[-40.34,-20.3],[-40.2,-20.26],[-40.16,-19.93],[-39.94,-19.68],[-39.76,-19.56],[-39.68,-19.27],[-39.76,-18.81],[-39.72,-18.48],[-39.59,-18.14],[-39.37,-17.89],[-39.19,-17.77],[-39.19,-17.01],[-39.11,-16.55],[-38.93,-16.17],[-38.93,-16],[-38.84,-15.87],[-38.93,-15.7],[-38.97,-15.15],[-39.02,-15.07],[-39.06,-14.56],[-38.97,-14.3],[-38.97,-14.05],[-39.11,-14.01],[-39.06,-13.79],[-39.02,-13.79],[-38.89,-13.41],[-39.06,-13.41],[-39.06,-13.45],[-39.02,-13.49],[-39.06,-13.49],[-39.06,-13.45],[-39.06,-13.41],[-38.71,-13.02],[-38.8,-12.85],[-38.89,-12.81],[-38.93,-12.81],[-38.89,-12.72],[-38.93,-12.81],[-38.89,-12.81],[-38.8,-12.85],[-38.75,-12.64],[-38.49,-12.72],[-38.49,-13.02],[-38.31,-12.94],[-37.83,-12.34],[-37.61,-11.95],[-37.44,-11.56],[-37.3,-11.43],[-37.26,-11.26],[-36.82,-10.7],[-36.6,-10.57],[-36.43,-10.53],[-36.34,-10.36],[-35.99,-10.01],[-35.77,-9.66],[-35.68,-9.66],[-35.28,-9.19],[-35.15,-8.93],[-35.11,-8.71],[-34.93,-8.36],[-34.93,-8.14],[-34.84,-8.06],[-34.84,-7.58],[-34.8,-7.53],[-34.8,-7.1],[-34.98,-6.66],[-34.98,-6.36],[-35.11,-6.18],[-35.11,-5.96],[-35.19,-5.88],[-35.24,-5.48],[-35.5,-5.13],[-35.9,-5.05],[-36.07,-5.05],[-36.29,-5.13],[-36.53,-5.11],[-36.56,-5.13],[-36.82,-5.05],[-36.95,-4.91],[-37.13,-4.96],[-37.26,-4.74],[-37.66,-4.61],[-37.74,-4.43],[-37.87,-4.39],[-38.14,-4.08],[-38.49,-3.73],[-38.67,-3.69],[-38.97,-3.42],[-39.06,-3.42],[-39.32,-3.16],[-40.12,-2.81],[-40.56,-2.81],[-40.95,-2.9],[-41.61,-2.9],[-41.79,-2.77],[-42.01,-2.77],[-42.05,-2.77],[-42.09,-2.77],[-42.14,-2.77],[-42.58,-2.68],[-42.71,-2.55],[-42.84,-2.55],[-43.19,-2.37],[-43.45,-2.33],[-43.63,-2.37],[-43.76,-2.42],[-43.81,-2.37],[-43.85,-2.5],[-44.2,-2.85],[-44.25,-2.77],[-44.29,-2.77],[-44.11,-2.68],[-44.03,-2.42],[-44.25,-2.46],[-44.38,-2.55],[-44.38,-2.77],[-44.47,-2.99],[-44.6,-3.03],[-44.64,-2.72],[-44.6,-2.55],[-44.47,-2.42],[-44.38,-2.2],[-44.51,-2.15],[-44.64,-2.28],[-44.69,-2.33],[-44.64,-2.28],[-44.51,-2.06],[-44.51,-1.89],[-44.6,-1.76],[-44.64,-1.76],[-44.69,-1.58],[-44.77,-1.54],[-44.82,-1.58],[-44.86,-1.45],[-44.95,-1.54],[-45.17,-1.49],[-45.3,-1.67],[-45.39,-1.45],[-45.43,-1.45],[-45.48,-1.36],[-45.7,-1.19],[-45.74,-1.19],[-45.78,-1.23],[-45.87,-1.14],[-45.96,-1.23],[-46.14,-1.05],[-46.22,-1.1],[-46.18,-0.97],[-46.35,-1.05],[-46.49,-1.01],[-46.75,-0.83],[-46.93,-0.83],[-47.06,-0.79],[-47.1,-0.83],[-47.06,-0.79],[-47.1,-0.7],[-47.45,-0.57],[-47.58,-0.61],[-47.63,-0.7],[-47.76,-0.57],[-47.89,-0.61],[-47.98,-0.79],[-48.02,-0.75],[-48.33,-0.97],[-48.33,-1.05],[-48.29,-1.1],[-48.33,-1.19],[-48.33,-1.23],[-48.38,-1.27],[-48.42,-1.23],[-48.51,-1.54],[-48.51,-1.58],[-48.55,-1.54],[-48.6,-1.45],[-48.77,-1.58],[-48.82,-1.36],[-48.64,-1.1],[-48.64,-0.97],[-48.51,-0.92],[-48.51,-0.75],[-48.55,-0.7],[-48.51,-0.75],[-48.42,-0.22],[-48.68,-0.26],[-48.95,-0.17],[-49.12,-0.17],[-49.17,-0.13],[-49.39,-0.22],[-49.65,-0.26],[-50.09,-0.13],[-50.4,-0.09],[-50.84,-0.35],[-50.88,-0.35],[-50.84,-0.35],[-50.79,-0.22],[-50.62,-0.09],[-50.79,0.18],[-50.35,0.75],[-50.09,0.75],[-49.91,0.97],[-49.91,1.1],[-49.87,1.14],[-49.87,1.49],[-49.96,1.71],[-50.09,1.8],[-50.48,1.8],[-50.7,2.15],[-50.75,2.46],[-51.01,2.99],[-51.01,3.21],[-51.1,3.34],[-51.06,3.86],[-51.19,3.82],[-51.19,4.13],[-51.32,4.3],[-51.5,4.43],[-51.63,4.21],[-51.67,4.08],[-51.93,3.78],[-52.11,3.43],[-52.29,3.25],[-52.37,2.9],[-52.55,2.64],[-52.55,2.5],[-52.86,2.28],[-52.95,2.15],[-53.12,2.24],[-53.21,2.2],[-53.38,2.33],[-53.47,2.24],[-53.91,2.28],[-53.96,2.2],[-54.18,2.2],[-54.35,2.15],[-54.83,2.42],[-54.97,2.59],[-55.36,2.5],[-55.36,2.42],[-55.76,2.42],[-55.93,2.55],[-55.98,2.42],[-56.11,2.37],[-56.11,2.24],[-55.93,2.11],[-55.93,1.85],[-56.11,1.85],[-56.33,1.93],[-56.5,1.93],[-56.99,1.89],[-57.08,2.02],[-57.34,1.98],[-57.51,1.8],[-57.51,1.71],[-58,1.67],[-58.04,1.54],[-58.35,1.58],[-58.48,1.45],[-58.53,1.27],[-58.74,1.19],[-58.92,1.32],[-59.23,1.36],[-59.54,1.71],[-59.76,1.85],[-59.76,2.2],[-59.89,2.33],[-59.98,2.59],[-59.98,2.94],[-59.93,2.99],[-59.84,3.6],[-59.58,3.78],[-59.54,3.95],[-59.76,4.21],[-59.71,4.35],[-59.89,4.48],[-60.15,4.52],[-60.02,4.7],[-59.98,5.09],[-60.11,5.22],[-60.72,5.22],[-60.59,4.92],[-60.77,4.74],[-60.94,4.65],[-60.99,4.52],[-61.34,4.52],[-61.47,4.43],[-61.56,4.26],[-61.78,4.26],[-61.82,4.17],[-62.08,4.17],[-62.17,4.08],[-62.48,4.17],[-62.52,4.04],[-62.74,4.04],[-62.79,3.73],[-62.96,3.6],[-63.09,3.78],[-63.23,3.82],[-63.36,3.95],[-63.53,3.86],[-63.67,4],[-63.93,3.95],[-64.19,4.13],[-64.63,4.13],[-64.59,3.95],[-64.32,3.69],[-64.11,3.47],[-64.11,3.29],[-64.19,3.07],[-64.06,2.94],[-63.97,2.68],[-64.02,2.46],[-63.53,2.46],[-63.36,2.42],[-63.36,2.2],[-63.45,2.11],[-63.62,2.11],[-63.75,1.98],[-64.06,1.93],[-64.06,1.67],[-64.28,1.45],[-64.54,1.45],[-64.72,1.23],[-64.81,1.27],[-64.98,1.14],[-65.16,1.14],[-65.16,0.92],[-65.51,0.92],[-65.73,1.01],[-66.04,0.84],[-66.08,0.75],[-66.3,0.75],[-66.7,1.06],[-66.87,1.23],[-67.09,1.19],[-67.09,1.58],[-67.14,1.8],[-67.31,1.89],[-67.44,2.15],[-67.58,2.15],[-67.62,2.02],[-67.8,2.02],[-67.97,1.8],[-68.15,1.98],[-68.24,1.98],[-68.19,1.71],[-69.86,1.71],[-69.86,1.06],[-69.33,1.1],[-69.2,1.01],[-69.16,0.88],[-69.2,0.62],[-69.38,0.62],[-69.47,0.7],[-69.69,0.66],[-69.77,0.57],[-70.04,0.53],[-70.04,-0.17],[-69.9,-0.35],[-69.6,-0.48],[-69.6,-0.75],[-69.42,-1.01],[-69.42,-1.45],[-69.47,-1.49],[-69.6,-2.46],[-69.73,-3.03],[-69.95,-4.21],[-70.04,-4.34],[-70.34,-4.17],[-70.65,-4.17],[-70.78,-4.17],[-71,-4.39],[-71.49,-4.43],[-71.57,-4.52],[-71.79,-4.48],[-71.93,-4.61],[-72.23,-4.78],[-72.32,-4.78],[-72.63,-5.05],[-72.89,-5.18],[-72.98,-5.7],[-73.24,-6.01],[-73.24,-6.18],[-73.11,-6.44],[-73.51,-6.66],[-73.77,-6.92],[-73.73,-7.36],[-73.95,-7.36],[-73.95,-7.58],[-73.68,-7.88],[-73.46,-8.45],[-73.33,-8.62],[-72.94,-8.97],[-72.98,-9.14],[-73.2,-9.4],[-72.72,-9.4],[-72.54,-9.49],[-72.32,-9.49],[-72.15,-9.79],[-72.15,-10.01],[-71.35,-10.01],[-71.22,-9.97],[-70.61,-9.45],[-70.52,-9.45],[-70.61,-9.58],[-70.61,-11],[-70.43,-11.05],[-70.12,-11.05],[-69.95,-10.92],[-69.55,-10.96],[-69.07,-10.96],[-68.76,-11],[-68.72,-11.13],[-68.28,-11],[-68.02,-10.66],[-67.71,-10.7],[-67.58,-10.49],[-67.4,-10.4],[-67.31,-10.31],[-67.05,-10.27],[-66.61,-9.88],[-66.35,-9.88],[-66.21,-9.79],[-65.73,-9.79],[-65.56,-9.84],[-65.42,-9.66],[-65.34,-9.71],[-65.34,-10.05],[-65.29,-10.27],[-65.42,-10.44],[-65.42,-10.66],[-65.25,-10.92],[-65.34,-11.09],[-65.34,-11.43],[-65.25,-11.56],[-65.25,-11.74],[-65.12,-11.74],[-65.03,-11.99],[-64.85,-11.99],[-64.76,-12.17],[-64.5,-12.25],[-64.5,-12.38],[-64.19,-12.51],[-63.89,-12.51],[-63.71,-12.42],[-63.45,-12.55],[-63.31,-12.68],[-63.18,-12.64],[-62.87,-12.85],[-62.79,-13.02],[-62.61,-12.98],[-62.39,-13.15],[-62.13,-13.15],[-62.08,-13.28],[-61.86,-13.54],[-60.9,-13.54],[-60.9,-13.62],[-60.46,-13.79],[-60.41,-14.05],[-60.5,-14.13],[-60.41,-14.43],[-60.28,-14.64],[-60.24,-15.11],[-60.59,-15.11],[-60.24,-15.49],[-60.24,-15.75],[-60.19,-15.96],[-60.19,-16.25],[-59.62,-16.3],[-58.83,-16.3],[-58.44,-16.34],[-58.35,-16.55],[-58.48,-16.63],[-58.48,-16.93],[-58.39,-17.01],[-58.39,-17.18],[-58.09,-17.47],[-57.87,-17.43],[-57.73,-17.68],[-57.73,-17.85],[-57.56,-18.14],[-57.56,-18.23],[-57.78,-18.89],[-57.78,-19.02],[-58.13,-19.76],[-57.87,-19.97],[-58.13,-20.13],[-58.17,-20.18],[-58,-20.42],[-58,-20.71],[-57.87,-20.83],[-57.87,-21.24],[-57.95,-21.49],[-57.95,-22.02],[-57.87,-22.14],[-57.38,-22.22],[-56.77,-22.22],[-56.64,-22.26],[-56.37,-22.18],[-56.15,-22.3],[-55.89,-22.3],[-55.63,-22.63],[-55.67,-22.91],[-55.54,-23.16],[-55.54,-23.64],[-55.45,-23.68],[-55.45,-23.92],[-55.36,-24],[-55.05,-24],[-54.83,-23.88],[-54.57,-23.84],[-54.35,-24],[-54.35,-24.16],[-54.26,-24.28],[-54.35,-24.52],[-54.31,-24.64],[-54.44,-24.88],[-54.48,-25.28],[-54.61,-25.44],[-54.61,-25.6],[-54.44,-25.68],[-54.35,-25.56],[-54.18,-25.56],[-54,-25.56],[-53.82,-25.75],[-53.82,-25.99],[-53.65,-26.23],[-53.74,-26.5],[-53.74,-26.78],[-53.69,-26.98],[-53.82,-27.17],[-53.96,-27.17],[-54.22,-27.41],[-54.48,-27.41],[-54.61,-27.56],[-54.92,-27.64],[-55.14,-27.87],[-55.32,-27.91],[-55.45,-28.1],[-55.63,-28.1],[-55.89,-28.38],[-56.02,-28.61],[-56.28,-28.76],[-56.28,-28.88],[-56.59,-29.11],[-56.77,-29.45],[-56.86,-29.49],[-57.16,-29.8],[-57.34,-29.87],[-57.34,-30.02],[-57.6,-30.18]]]]},"properties":{"ISO_A3":"BRA"}},
{"type":"Feature","geometry":{"type":"Polygon","coordinates":[[[-59.49,13.07],[-59.45,13.15],[-59.62,13.28],[-59.62,13.07],[-59.49,13.07]]]},"properties":{"ISO_A3":"BRB"}},
{"type":"Feature","geometry":{"type":"MultiPolygon","coordinates":[[[[115.02,4.83],[115.02,4.65],[115.11,4.43],[115.29,4.35],[115.29,4.65],[115.16,4.92],[115.02,4.83]]],[[[114.06,4.57],[114.19,4.57],[114.32,4.43],[114.32,4.26],[114.45,4.21],[114.67,4],[114.85,4.21],[114.8,4.48],[114.8,4.74],[115.02,4.87],[114.85,4.96],[114.54,4.7],[114.32,4.61],[114.06,4.57]]]]},"properties":{"ISO_A3":"BRN"}},
{"type":"Feature","geometry":{"type":"Polygon","coordinates":[[[92.09,27.29],[92.05,27.45],[91.65,27.48],[91.56,27.68],[91.65,27.72],[91.65,27.76],[91.65,27.8],[91.61,27.83],[91.56,27.8],[91.56,27.83],[91.56,27.87],[91.52,27.91],[91.52,27.95],[91.43,28.03],[91.34,28.07],[91.25,28.03],[91.25,27.99],[91.25,27.95],[91.21,27.99],[91.17,27.99],[91.17,27.95],[91.12,27.95],[91.04,27.83],[90.9,27.95],[90.82,28.03],[90.77,28.03],[90.77,28.07],[90.73,28.07],[90.68,28.07],[90.64,28.03],[90.6,28.03],[90.38,28.07],[90.33,28.15],[90.29,28.15],[90.2,28.15],[90.2,28.18],[90.16,28.18],[90.11,28.18],[90.11,28.15],[90.07,28.15],[90.02,28.15],[90.02,28.18],[89.98,28.18],[89.94,28.18],[89.89,28.18],[89.76,28.22],[89.76,28.18],[89.72,28.18],[89.67,28.18],[89.63,28.18],[89.59,28.15],[89.59,28.11],[89.54,28.11],[89.5,28.11],[89.41,27.95],[89.41,27.91],[89.41,27.87],[89.15,27.64],[89.15,27.33],[89.01,27.21],[88.93,27.29],[88.84,27.25],[88.79,27.25],[88.79,27.21],[88.79,27.17],[88.75,27.17],[88.75,27.13],[88.79,27.13],[88.88,26.98],[88.93,26.94],[89.01,26.94],[89.06,26.94],[89.1,26.9],[89.1,26.86],[89.1,26.82],[89.15,26.82],[89.19,26.82],[89.23,26.82],[89.28,26.82],[89.32,26.86],[89.37,26.86],[89.45,26.86],[89.54,26.82],[89.59,26.78],[89.67,26.78],[89.63,26.74],[89.63,26.7],[89.67,26.7],[89.67,26.74],[89.72,26.74],[89.76,26.74],[89.76,26.7],[89.8,26.7],[89.85,26.7],[89.85,26.74],[89.98,26.74],[90.02,26.74],[90.07,26.74],[90.2,26.78],[90.2,26.86],[90.24,26.86],[90.29,26.86],[90.33,26.86],[90.38,26.9],[90.42,26.9],[90.46,26.86],[90.51,26.86],[90.51,26.82],[90.64,26.78],[90.68,26.78],[90.73,26.78],[90.77,26.78],[90.82,26.78],[91.04,26.78],[91.12,26.82],[91.25,26.82],[91.34,26.78],[91.43,26.86],[91.47,26.82],[91.52,26.78],[91.78,26.82],[91.83,26.86],[91.87,26.9],[91.91,26.94],[91.96,26.9],[92,26.86],[92.05,26.86],[92.09,26.86],[92.13,26.9],[92.05,27.05],[92.09,27.25],[92.09,27.29]]]},"properties":{"ISO_A3":"BTN"}},
{"type":"Feature","geometry":{"type":"Polygon","coordinates":[[[20.78,-25.79],[20.82,-26.19],[20.6,-26.54],[20.6,-26.78],[20.69,-26.86],[21.7,-26.86],[21.79,-26.66],[22.01,-26.66],[22.23,-26.35],[22.54,-26.23],[22.71,-26.03],[22.71,-25.87],[22.85,-25.6],[22.85,-25.48],[22.98,-25.32],[23.46,-25.28],[23.9,-25.64],[24.21,-25.64],[24.34,-25.75],[24.78,-25.79],[24.95,-25.75],[25.39,-25.75],[25.57,-25.64],[25.66,-25.48],[25.88,-24.92],[25.88,-24.76],[26.4,-24.64],[26.49,-24.48],[26.67,-24.4],[26.89,-24.2],[26.84,-24.08],[26.93,-23.96],[26.98,-23.72],[27.33,-23.4],[27.55,-23.4],[27.59,-23.24],[27.94,-23.07],[28.03,-22.83],[28.29,-22.59],[28.56,-22.59],[28.95,-22.43],[29,-22.22],[29.39,-22.18],[29.26,-22.06],[29.04,-22.02],[29.04,-21.82],[28.86,-21.78],[28.65,-21.65],[28.16,-21.61],[27.94,-21.49],[27.94,-21.33],[27.68,-21.08],[27.72,-20.96],[27.72,-20.5],[27.63,-20.46],[27.28,-20.5],[27.28,-20.18],[27.06,-20.01],[26.62,-19.89],[26.32,-19.6],[26.23,-19.6],[26.05,-19.31],[25.79,-18.64],[25.53,-18.39],[25.39,-18.14],[25.26,-18.02],[25.26,-17.81],[25.17,-17.77],[24.91,-17.81],[24.65,-17.97],[24.47,-18.02],[24.21,-18.02],[23.94,-18.27],[23.55,-18.48],[23.55,-18.31],[23.28,-18.02],[23.11,-18.02],[22.49,-18.1],[22.05,-18.23],[21.44,-18.31],[21,-18.31],[21,-19.84],[21,-20.79],[21,-22.02],[19.99,-22.02],[19.99,-22.99],[19.99,-24.76],[20.43,-25.08],[20.65,-25.48],[20.69,-25.72],[20.78,-25.79]]]},"properties":{"ISO_A3":"BWA"}},
{"type":"Feature","geometry":{"type":"Polygon","coordinates":[[[15.51,7.54],[15.29,7.32],[15.2,7.1],[14.89,6.62],[14.81,6.36],[14.41,6.05],[14.63,5.88],[14.59,5.57],[14.63,5.48],[14.54,5.27],[14.67,5.22],[14.67,4.92],[14.72,4.65],[15.11,4.3],[15.07,4.04],[15.24,3.73],[15.51,3.47],[15.9,3.03],[16.08,2.9],[16.08,2.42],[16.21,2.24],[16.25,2.37],[16.52,2.81],[16.52,3.29],[16.65,3.56],[17.22,3.56],[17.4,3.69],[17.84,3.65],[17.97,3.56],[18.45,3.6],[18.63,3.47],[18.58,3.56],[18.58,3.91],[18.67,4],[18.54,4.35],[18.72,4.35],[18.8,4.57],[19.07,4.83],[19.07,4.92],[19.29,5],[19.42,5.13],[19.77,5.13],[19.95,4.96],[20.12,4.92],[20.47,4.61],[20.52,4.43],[21,4.43],[21.18,4.3],[21.79,4.3],[22.19,4.13],[22.45,4.13],[22.58,4.3],[22.58,4.48],[22.71,4.48],[22.76,4.7],[23.15,4.74],[23.42,4.61],[23.64,4.78],[23.81,4.78],[24.25,4.96],[24.38,5.09],[24.52,5.09],[24.65,4.92],[25.04,4.92],[25.22,5],[25.35,5.13],[25.44,5.35],[25.7,5.31],[25.79,5.22],[26.1,5.22],[26.18,5.27],[26.32,5.13],[26.54,5.09],[26.89,5.09],[27.15,5.22],[27.24,5.13],[27.37,5.09],[27.46,5.09],[27.33,5.22],[27.33,5.27],[27.28,5.27],[27.28,5.31],[27.24,5.35],[27.24,5.44],[27.24,5.48],[27.28,5.53],[27.28,5.57],[27.28,5.62],[27.24,5.7],[27.2,5.7],[27.2,5.75],[27.15,5.79],[27.02,5.88],[26.93,5.88],[26.93,5.92],[26.89,5.88],[26.84,5.88],[26.84,5.97],[26.8,5.97],[26.8,6.01],[26.71,6.01],[26.67,6.01],[26.62,6.01],[26.58,6.05],[26.54,6.05],[26.54,6.1],[26.49,6.1],[26.45,6.05],[26.45,6.1],[26.49,6.14],[26.54,6.14],[26.54,6.23],[26.45,6.31],[26.4,6.31],[26.36,6.31],[26.32,6.36],[26.32,6.4],[26.32,6.45],[26.27,6.49],[26.32,6.49],[26.32,6.53],[26.36,6.53],[26.36,6.58],[26.4,6.62],[26.4,6.66],[26.36,6.66],[26.36,6.71],[26.32,6.71],[26.27,6.71],[26.27,6.75],[26.23,6.75],[26.14,6.84],[26.1,6.79],[26.1,6.84],[26.1,6.88],[26.05,6.93],[26.01,7.01],[25.96,7.06],[25.92,7.06],[25.92,7.1],[25.57,7.27],[25.44,7.27],[25.44,7.32],[25.39,7.32],[25.35,7.36],[25.35,7.41],[25.31,7.41],[25.31,7.49],[25.22,7.49],[25.17,7.54],[25.17,7.58],[25.17,7.62],[25.22,7.62],[25.26,7.62],[25.31,7.67],[25.31,7.75],[25.26,7.8],[25.26,7.84],[25.22,7.88],[25.17,7.93],[25.13,7.93],[25.09,7.88],[25.09,7.93],[25.04,7.93],[24.91,8.01],[24.91,8.06],[24.87,8.1],[24.91,8.1],[24.87,8.19],[24.73,8.19],[24.47,8.28],[24.38,8.28],[24.38,8.23],[24.34,8.23],[24.34,8.28],[24.3,8.28],[24.25,8.28],[24.16,8.32],[24.16,8.36],[24.16,8.41],[24.16,8.49],[24.25,8.58],[24.25,8.62],[24.21,8.62],[24.25,8.67],[24.25,8.71],[23.5,8.71],[23.59,8.88],[23.46,8.97],[23.46,9.14],[23.64,9.27],[23.64,9.58],[23.68,9.88],[23.28,10.49],[22.89,10.92],[22.71,11],[22.45,11],[22.27,10.92],[22.01,10.92],[21.79,10.79],[21.75,10.66],[21.75,10.31],[21.53,10.23],[21.4,9.97],[21,9.75],[21,9.62],[20.78,9.4],[20.52,9.32],[20.47,9.14],[20.03,9.14],[19.9,9.06],[19.59,9.06],[19.55,9.01],[19.02,9.01],[18.89,8.93],[19.07,8.58],[18.67,8.23],[18.63,8.06],[17.92,7.97],[17.66,7.97],[17.31,7.84],[17.05,7.62],[16.78,7.54],[16.56,7.84],[16.3,7.62],[16.04,7.58],[15.99,7.49],[15.77,7.45],[15.73,7.54],[15.51,7.54]]]},"properties":{"ISO_A3":"CAF"}},
{"type":"Feature","geometry":{"type":"MultiPolygon","coordinates":[[[[-98.9,79.67],[-98.68,79.97],[-99.12,80.14],[-100.05,80.08],[-100.18,79.89],[-99.3,79.84],[-98.9,79.67]]],[[[-86.34,78.89],[-85.28,78.98],[-85.77,79.08],[-86.34,78.89]]],[[[-113.14,78.27],[-112.17,78.37],[-110.28,78.28],[-109.36,78.32],[-109.45,78.6],[-110.41,78.77],[-111.42,78.6],[-112.3,78.55],[-113.14,78.41],[-113.14,78.27]]],[[[-90.77,78.14],[-90.34,78.26],[-89.59,78.28],[-88.75,78.19],[-88.45,78.54],[-88.01,78.48],[-87.3,78.81],[-86.51,79.05],[-84.89,79.27],[-85.68,79.62],[-86.64,79.67],[-87.52,80.19],[-87.61,80.4],[-89.24,80.53],[-90.73,80.56],[-91.92,81.19],[-93.28,81.37],[-94.11,81.36],[-94.03,81.03],[-95.21,81.01],[-95.48,80.81],[-94.73,80.73],[-94.9,80.59],[-95.96,80.58],[-96.05,80.39],[-96.53,80.29],[-95.3,80.11],[-95.78,80.05],[-96.71,80.14],[-96.62,79.89],[-94.99,79.27],[-94.11,79.27],[-92.58,79.39],[-93.15,79.17],[-94.29,78.98],[-92.93,78.42],[-92.14,78.22],[-90.77,78.14]]],[[[-96.93,77.79],[-95.52,77.95],[-94.9,78.12],[-95.26,78.22],[-94.82,78.35],[-95.3,78.48],[-96.22,78.53],[-96.53,78.69],[-97.5,78.81],[-98.38,78.77],[-98.07,78.57],[-98.38,78.45],[-97.85,78.29],[-96.93,77.79]]],[[[-101.71,78.26],[-100.75,78.08],[-100.26,77.82],[-99.08,77.87],[-99.03,78.08],[-99.87,78.43],[-99.47,78.59],[-100.35,78.83],[-101.63,79.08],[-102.59,79.07],[-103.08,79.28],[-103.96,79.39],[-105.36,79.33],[-105.63,79.03],[-104.09,78.98],[-103.43,78.73],[-103.52,78.5],[-104.83,78.57],[-105.01,78.45],[-104.44,78.26],[-103.12,78.37],[-102.77,78.27],[-101.71,78.26]]],[[[-114.28,77.71],[-113.58,77.82],[-114.41,78.08],[-115.03,77.92],[-114.28,77.71]]],[[[-101.8,77.68],[-100.97,77.73],[-101.76,77.91],[-102.51,77.79],[-101.8,77.68]]],[[[-93.89,77.44],[-93.1,77.67],[-93.67,77.78],[-95.92,77.76],[-96.31,77.66],[-95.87,77.47],[-94.86,77.49],[-93.89,77.44]]],[[[-112.04,77.33],[-110.41,77.46],[-110.06,77.57],[-110.11,77.79],[-109.71,77.95],[-110.02,78.12],[-111.51,78.08],[-112.39,78.01],[-113.31,77.85],[-113.18,77.58],[-112.48,77.37],[-112.04,77.33]]],[[[-90.12,77.2],[-89.63,77.34],[-90.25,77.61],[-90.82,77.65],[-91.21,77.53],[-90.99,77.32],[-90.12,77.2]]],[[[-104.79,77.11],[-104.39,77.29],[-105.71,77.76],[-106.11,77.73],[-105.41,77.2],[-104.79,77.11]]],[[[-113.75,76.7],[-113.8,76.9],[-114.68,76.87],[-114.81,76.76],[-113.75,76.7]]],[[[-89.98,76.47],[-89.72,76.77],[-90.6,76.72],[-89.98,76.47]]],[[[-103.78,76.32],[-102.99,76.45],[-104.26,76.68],[-104.61,76.62],[-104.31,76.33],[-103.78,76.32]]],[[[-84.89,77.9],[-85.28,77.67],[-84.01,77.4],[-84.76,77.33],[-85.72,77.43],[-85.94,77.71],[-86.47,77.85],[-87.26,77.9],[-88.09,77.82],[-88.23,77.66],[-87.61,77.49],[-87.13,77.21],[-88.31,77.13],[-89.46,76.88],[-89.41,76.65],[-89.68,76.57],[-89.02,76.41],[-87.87,76.36],[-86.34,76.38],[-85.24,76.28],[-84.98,76.42],[-84.18,76.45],[-82.78,76.38],[-81.2,76.52],[-80.8,76.43],[-81.02,76.26],[-80.63,76.17],[-79.53,76.3],[-79.18,76.44],[-78.6,76.49],[-77.81,76.65],[-77.9,76.95],[-79.4,76.93],[-79.04,77.16],[-79.66,77.25],[-80.23,77.22],[-81.11,77.29],[-81.77,77.16],[-82.08,77.27],[-81.15,77.33],[-80.01,77.28],[-78.69,77.32],[-77.68,77.61],[-77.99,77.81],[-77.29,77.95],[-75.62,78.04],[-75.22,78.4],[-75.97,78.46],[-74.83,78.64],[-74.74,78.83],[-75.7,78.97],[-77.02,79.08],[-76.54,79.2],[-75.27,79.04],[-74.39,79.05],[-74.83,79.24],[-76.23,79.35],[-76.01,79.43],[-74.03,79.44],[-73.11,79.54],[-72.67,79.67],[-71.09,79.78],[-70.12,80.19],[-69.99,80.34],[-68.19,80.77],[-66.57,81.05],[-66.08,81.21],[-65.34,81.27],[-64.41,81.48],[-66.08,81.46],[-65.29,81.74],[-64.37,81.71],[-62.57,81.96],[-61.07,82.32],[-61.69,82.49],[-62.92,82.51],[-63.62,82.69],[-63.58,82.83],[-65.69,82.85],[-68.98,83.03],[-69.82,83.11],[-72.94,83.09],[-75.79,83.14],[-77.46,83.05],[-78.43,82.86],[-79.35,82.96],[-81.28,82.82],[-82.16,82.67],[-82.6,82.35],[-85.5,82.42],[-85.59,82.24],[-86.86,82.2],[-86.21,82.04],[-88.49,82.07],[-89.37,81.91],[-91.04,81.83],[-91.92,81.64],[-89.94,81.32],[-90.12,81.05],[-88.89,80.97],[-89.28,80.85],[-87.48,80.62],[-86.03,80.53],[-84.32,80.51],[-83.66,80.63],[-82.95,80.54],[-80.89,80.66],[-79.48,80.85],[-79.31,80.56],[-81.15,80.43],[-84.1,80.27],[-86.47,80.31],[-86.64,80.12],[-86.47,79.78],[-85.15,79.65],[-84.49,79.42],[-84.23,79.19],[-85.06,78.92],[-86.86,78.75],[-87.52,78.41],[-87.08,78.2],[-85.41,78.1],[-85.68,77.94],[-84.89,77.9]]],[[[-103.91,76.04],[-103.21,76.05],[-102.51,76.21],[-102.73,76.33],[-104.22,76.22],[-103.91,76.04]]],[[[-122.56,75.93],[-121.84,76.05],[-121.22,75.98],[-120.43,76.01],[-120.48,75.84],[-119.73,75.88],[-119.51,76.05],[-119.07,76.12],[-118.54,76.34],[-118.02,76.41],[-117.27,76.26],[-116.92,76.39],[-117.05,76.54],[-116.48,76.57],[-115.86,76.7],[-115.73,76.95],[-116.35,77.11],[-115.42,77.33],[-116.39,77.56],[-117.88,77.39],[-119.2,77.32],[-120.08,77],[-120.34,76.82],[-121.22,76.67],[-121.4,76.48],[-122.63,76.34],[-122.56,75.93]]],[[[-118.59,75.5],[-117.93,75.75],[-117.44,76.1],[-117.8,76.12],[-118.59,75.93],[-119.38,75.6],[-118.59,75.5]]],[[[-96.84,75.36],[-96,75.51],[-96.49,75.59],[-97.01,75.5],[-96.84,75.36]]],[[[-104.22,75.02],[-103.6,75.18],[-103.96,75.41],[-104.39,75.44],[-104.92,75.15],[-104.22,75.02]]],[[[-99.66,75.67],[-100,75.46],[-100.57,75.43],[-100.35,75.03],[-100.09,74.99],[-98.64,74.99],[-97.98,75.02],[-97.58,75.14],[-98.02,75.29],[-97.72,75.57],[-97.94,75.74],[-97.54,75.87],[-97.5,76.2],[-97.8,76.32],[-97.8,76.52],[-98.99,76.61],[-100.26,76.64],[-101.01,76.5],[-100,76.33],[-100.18,76.19],[-99.91,75.88],[-101.5,76.45],[-101.98,76.42],[-102.07,76.25],[-101.85,75.91],[-102.77,75.55],[-101.98,75.55],[-100.4,75.66],[-99.66,75.67],[-99.57,75.67],[-99.66,75.67]]],[[[-95.48,74.8],[-94.73,74.64],[-93.72,74.64],[-93.41,74.79],[-93.5,75.28],[-94.29,75.59],[-94.9,75.64],[-95.61,75.54],[-95.87,75.4],[-96.57,75.11],[-96.4,74.93],[-95.48,74.8]]],[[[-87.74,74.46],[-84.18,74.51],[-83.48,74.57],[-81.77,74.47],[-81.37,74.57],[-80.27,74.58],[-80.36,74.8],[-79.4,74.87],[-79.57,75.02],[-79.61,75.46],[-80.23,75.63],[-81.24,75.64],[-81.11,75.76],[-82.34,75.84],[-82.95,75.75],[-83.96,75.82],[-85.19,75.56],[-85.68,75.59],[-86.86,75.48],[-87.3,75.62],[-88.18,75.51],[-90.2,76.06],[-89.28,76.2],[-90.69,76.45],[-90.55,76.56],[-91.48,76.69],[-92.31,76.6],[-93.1,76.6],[-93.63,76.92],[-94.29,76.9],[-95.43,77.06],[-96.31,77.04],[-96.84,76.94],[-96.49,76.69],[-95.87,76.41],[-94.77,76.29],[-93.85,76.26],[-93.1,76.32],[-92,75.68],[-92.4,75.46],[-92.44,75.26],[-92.14,75.14],[-92.09,74.79],[-91.17,74.62],[-90.6,74.62],[-89.98,74.53],[-89.15,74.6],[-89.11,74.69],[-88.36,74.78],[-88.53,74.5],[-87.74,74.46]]],[[[-112.08,75.82],[-111.69,75.91],[-112.39,76.04],[-112.7,76.2],[-113.23,76.27],[-113.97,76.2],[-114.46,76.51],[-115.6,76.43],[-115.77,76.24],[-116.61,76.12],[-116.83,75.81],[-117.66,75.25],[-116.26,75.07],[-114.81,74.99],[-113.93,75.06],[-112.35,75.12],[-111.29,75.2],[-111.34,75.07],[-112.92,74.98],[-113.36,74.86],[-114.46,74.7],[-114.24,74.58],[-113.53,74.43],[-112.3,74.43],[-111.25,74.57],[-110.55,74.71],[-110.28,74.85],[-109.58,74.86],[-109.01,75],[-108.39,74.92],[-107.73,75.03],[-106.94,74.93],[-106.02,75.06],[-105.63,75.37],[-105.71,75.5],[-105.36,75.63],[-105.41,75.85],[-105.93,76.02],[-106.55,76.07],[-107.03,75.9],[-107.43,75.91],[-107.91,76.07],[-108.26,76.39],[-108.57,76.44],[-108.44,76.76],[-109.36,76.78],[-109.76,76.56],[-110.37,76.43],[-110.37,76.3],[-109.27,76.11],[-109.62,75.83],[-108.96,75.72],[-108.92,75.51],[-110.46,75.58],[-111.25,75.51],[-111.42,75.83],[-112.08,75.82]]],[[[-98.9,73.81],[-98.16,73.88],[-97.67,74.12],[-98.77,74.04],[-99.43,73.92],[-98.9,73.81]]],[[[-105.23,72.87],[-104.53,73.33],[-104.53,73.6],[-105.05,73.73],[-106.33,73.73],[-106.94,73.51],[-106.33,73.36],[-105.63,73],[-105.23,72.87]]],[[[-79.35,72.74],[-78.43,72.89],[-77.55,72.9],[-76.23,72.82],[-76.06,72.94],[-76.23,73.09],[-76.63,73.17],[-76.76,73.32],[-77.37,73.52],[-78.12,73.67],[-79.53,73.63],[-80.32,73.76],[-80.84,73.76],[-80.76,73.28],[-80.14,73.22],[-80.01,72.86],[-79.35,72.74]]],[[[-100.48,73.45],[-100.88,73.6],[-101.58,73.48],[-100.57,73.16],[-100.18,73.09],[-100.09,72.93],[-100.35,72.76],[-101.19,72.72],[-102.02,73.08],[-102.51,73.03],[-102.73,72.73],[-101.93,72.5],[-101.76,72.3],[-100.48,72.14],[-100.31,71.97],[-99.69,71.77],[-99.34,71.57],[-99.21,71.35],[-98.55,71.29],[-98.07,71.53],[-98.2,71.64],[-97.37,71.63],[-96.75,71.82],[-96.44,71.95],[-96.66,72.31],[-96.31,72.51],[-96.49,72.67],[-97.01,72.74],[-97.58,73.03],[-98.38,73.04],[-97.85,73.28],[-97.15,73.37],[-97.63,73.55],[-96.97,73.63],[-97.19,73.86],[-97.76,73.92],[-98.33,73.79],[-99.21,73.75],[-100,73.95],[-100.97,73.82],[-101.14,73.73],[-100.53,73.57],[-100.48,73.45]]],[[[-123.11,71.08],[-122.85,71.08],[-122.06,71.29],[-121.62,71.48],[-121.4,71.38],[-120.65,71.49],[-120.39,71.7],[-120.43,71.97],[-120.12,72.16],[-119.29,72.36],[-119.16,72.63],[-117.58,73.02],[-115.29,73.47],[-117.09,74.16],[-118.15,74.28],[-118.76,74.21],[-120.12,74.28],[-121.57,74.56],[-122.15,74.49],[-124.25,74.4],[-124.56,74.29],[-124.21,73.88],[-123.81,73.83],[-124.12,73.51],[-124.65,73.16],[-124.43,72.94],[-125.13,72.86],[-125.05,72.56],[-125.66,72.26],[-125.75,71.96],[-125.13,71.93],[-124.17,71.74],[-123.6,71.49],[-123.42,71.21],[-123.11,71.08]]],[[[-72.15,70.82],[-71.44,70.92],[-72.01,71.04],[-72.15,70.82]]],[[[-81.42,69.89],[-81.42,69.9],[-81.44,69.91],[-81.42,69.89]]],[[[-91.43,69.85],[-91.43,69.82],[-91.39,69.85],[-91.43,69.85]]],[[[-90.8,69.5],[-90.73,69.51],[-90.81,69.5],[-90.8,69.5]]],[[[-80.01,69.5],[-79.35,69.71],[-80.36,69.8],[-80.49,69.67],[-80.01,69.5]]],[[[-82.47,69.51],[-82.29,69.5],[-82.47,69.53],[-82.47,69.51]]],[[[-96.18,69.36],[-96.13,69.57],[-96.62,69.56],[-96.18,69.36]]],[[[-135.41,69.34],[-135.37,69.37],[-135.5,69.39],[-135.41,69.34]]],[[[-95.61,69.33],[-95.34,69.53],[-95.78,69.64],[-95.96,69.4],[-95.61,69.33]]],[[[-90.51,69.33],[-90.2,69.42],[-90.25,69.42],[-90.51,69.33]]],[[[-77.11,69.12],[-76.63,69.36],[-77.33,69.42],[-77.33,69.19],[-77.11,69.12]]],[[[-136.03,69.01],[-135.99,68.95],[-135.99,68.97],[-135.99,68.98],[-136.03,69.01]]],[[[-79.26,68.84],[-78.87,68.9],[-78.38,69.2],[-78.65,69.3],[-79.4,68.92],[-79.26,68.84]]],[[[-132.87,68.95],[-132.65,68.84],[-132.56,68.86],[-132.6,68.89],[-132.87,68.95]]],[[[-101.8,68.57],[-101.67,68.75],[-102.33,68.7],[-101.8,68.57]]],[[[-98.68,68.79],[-97.72,68.67],[-97.5,68.55],[-96.27,68.47],[-95.74,68.76],[-96.31,69.36],[-97.01,69.56],[-97.37,69.76],[-97.98,69.91],[-98.29,69.73],[-98.33,69.57],[-98.6,69.47],[-98.38,69.3],[-99.08,69.16],[-99.56,69.01],[-99.17,68.84],[-98.68,68.79]]],[[[-111.95,70.28],[-112.52,70.19],[-113.23,70.28],[-113.97,70.28],[-114.46,70.33],[-115.95,70.24],[-117.18,70.09],[-117.4,69.97],[-117.18,69.74],[-116.61,69.57],[-116.52,69.4],[-115.69,69.28],[-115.16,69.25],[-114.28,69.3],[-113.67,69.22],[-113.53,68.95],[-113.67,68.81],[-113.36,68.62],[-112.96,68.49],[-110.94,68.55],[-110.15,68.65],[-109.76,68.63],[-109.14,68.71],[-108.39,68.95],[-107.47,68.98],[-106.9,69.23],[-106.55,69.5],[-106.24,69.28],[-104.92,69.03],[-104.92,68.87],[-103.69,68.83],[-102.68,68.84],[-101.76,69.01],[-101.71,69.16],[-102.02,69.23],[-101.98,69.47],[-102.29,69.51],[-103.03,69.33],[-102.95,69.56],[-102.46,69.6],[-102.51,69.76],[-102.15,69.86],[-101.67,69.7],[-100.97,69.67],[-100.84,69.79],[-100.97,70.18],[-101.63,70.18],[-102.29,70.42],[-102.86,70.52],[-103.52,70.59],[-104,70.77],[-104.04,70.91],[-104.61,71.11],[-104.26,71.38],[-104.48,71.75],[-104.83,71.89],[-104.97,72.2],[-105.27,72.44],[-105.45,72.9],[-106.06,73.04],[-106.86,73.31],[-107.16,73.2],[-108,73.35],[-108.26,73.17],[-108.09,72.98],[-107.91,72.48],[-107.69,72.3],[-107.6,72.01],[-107.25,71.9],[-107.82,71.62],[-108.31,71.81],[-108.17,71.93],[-108.66,72.35],[-108.57,72.55],[-109.62,72.94],[-110.41,73.02],[-110.72,72.94],[-110.15,72.81],[-110.24,72.64],[-110.99,72.48],[-111.21,72.73],[-113.01,73.02],[-113.23,72.99],[-113.84,72.64],[-114.37,72.74],[-114.02,72.87],[-113.93,73.13],[-114.19,73.32],[-114.72,73.37],[-116.7,73],[-117.31,72.93],[-117.62,72.78],[-118.5,72.51],[-118.1,72.23],[-118.59,72.18],[-119.07,71.92],[-119.11,71.74],[-118.19,71.63],[-118.19,71.38],[-117.31,71.39],[-116.61,71.48],[-116.04,71.42],[-118.37,71.04],[-118.19,70.84],[-117.58,70.62],[-115.91,70.59],[-115.03,70.61],[-113.8,70.71],[-112.96,70.59],[-112.13,70.52],[-111.69,70.28],[-111.95,70.28]]],[[[-75.05,68.7],[-75.4,68.51],[-74.83,68.34],[-74.74,68.49],[-75.05,68.7]]],[[[-106.99,68.33],[-106.94,68.34],[-106.99,68.34],[-106.99,68.33]]],[[[-107.73,68.05],[-107.73,67.97],[-107.69,68.03],[-107.73,68.05]]],[[[-73.55,68.02],[-74.74,68.07],[-74.78,67.98],[-74.43,67.77],[-73.42,67.77],[-73.55,68.02]]],[[[-86.6,67.72],[-86.38,67.84],[-86.42,68.23],[-86.64,68.31],[-87,68.08],[-86.86,67.8],[-86.6,67.72]]],[[[-76.89,67.21],[-76.23,67.27],[-75.88,67.25],[-75.4,67.35],[-75.05,67.6],[-75.13,67.97],[-75,68.12],[-75.18,68.25],[-75.84,68.34],[-76.67,68.26],[-76.98,68.07],[-77.29,67.74],[-77.2,67.4],[-76.89,67.21]]],[[[-67.44,65.72],[-67.36,65.76],[-67.44,65.74],[-67.44,65.72]]],[[[-83.66,65.87],[-84.14,65.98],[-84.1,65.76],[-83.66,65.63],[-83.48,65.72],[-83.66,65.87]]],[[[-84.71,65.54],[-84.54,65.69],[-84.93,66.03],[-85.11,66.03],[-85.06,65.72],[-84.71,65.54]]],[[[-67.09,65.32],[-67.14,65.36],[-67.16,65.33],[-67.09,65.32]]],[[[-67.05,65.25],[-66.92,65.27],[-66.96,65.27],[-67.05,65.27],[-67.05,65.25]]],[[[-65.69,64.52],[-65.56,64.5],[-65.47,64.5],[-65.69,64.52]]],[[[-74.08,64.43],[-74.17,64.47],[-74.17,64.45],[-74.08,64.43]]],[[[-64.24,63.78],[-64.15,63.83],[-64.32,63.8],[-64.28,63.79],[-64.24,63.78]]],[[[-72.28,63.78],[-72.23,63.79],[-72.28,63.81],[-72.28,63.78]]],[[[-64.32,63.79],[-64.24,63.78],[-64.28,63.79],[-64.32,63.79]]],[[[-64.54,63.72],[-64.37,63.68],[-64.63,63.91],[-64.9,63.79],[-64.85,63.78],[-64.54,63.72]]],[[[-64.98,63.5],[-64.97,63.57],[-64.98,63.56],[-64.98,63.5]]],[[[-77.37,63.68],[-77.42,63.6],[-76.98,63.4],[-76.58,63.5],[-77.02,63.68],[-77.37,63.68]]],[[[-85.5,63.11],[-85.19,63.11],[-84.45,63.36],[-84.27,63.62],[-84.05,63.62],[-83.74,63.78],[-83.66,64.01],[-83.48,64.12],[-83.13,64.01],[-82.51,63.95],[-82.34,63.85],[-82.34,63.66],[-81.77,63.64],[-81.06,63.44],[-80.49,63.68],[-80.54,63.99],[-80.84,64.1],[-81.06,64.03],[-81.59,64.12],[-81.77,64.29],[-81.72,64.48],[-82.38,64.77],[-82.69,64.77],[-83.17,64.94],[-83.48,65.16],[-83.92,65.16],[-84.4,65.45],[-84.71,65.36],[-85.19,65.51],[-85.02,65.63],[-85.15,65.78],[-85.5,65.92],[-85.9,65.8],[-86.12,65.45],[-86.21,65.03],[-86.12,64.94],[-86.38,64.58],[-86.38,64.37],[-86.16,64.08],[-86.38,64.07],[-86.91,63.91],[-87.22,63.72],[-87.08,63.54],[-86.64,63.64],[-85.81,63.7],[-85.59,63.66],[-85.68,63.35],[-85.5,63.11]]],[[[-77.95,63.09],[-77.55,63.17],[-77.68,63.42],[-78.3,63.48],[-78.52,63.38],[-77.95,63.09]]],[[[-65.03,62.53],[-65.03,62.59],[-65.12,62.57],[-65.03,62.53]]],[[[-70.87,62.87],[-71.05,62.87],[-70.83,62.77],[-70.74,62.57],[-70.34,62.53],[-70.34,62.73],[-70.78,62.85],[-70.87,62.85],[-70.87,62.87]]],[[[-64.63,62.36],[-64.46,62.55],[-64.81,62.55],[-64.94,62.44],[-64.63,62.36]]],[[[-83.74,62.14],[-83.31,62.26],[-83.04,62.18],[-82.47,62.44],[-82.38,62.55],[-81.94,62.71],[-81.86,62.91],[-82.34,62.99],[-82.73,62.95],[-83,62.85],[-83.31,62.93],[-83.57,62.69],[-83.96,62.46],[-83.74,62.3],[-83.74,62.14]]],[[[-67.58,62.16],[-67.09,62.04],[-66.7,62.01],[-66.48,61.89],[-65.95,61.91],[-66.13,62.1],[-65.95,62.18],[-66.35,62.3],[-66.35,62.42],[-67.71,63.11],[-68.1,63.19],[-68.19,63.25],[-68.63,63.48],[-68.81,63.66],[-68.45,63.74],[-68.24,63.66],[-67.8,63.42],[-67.75,63.62],[-67.75,63.64],[-67.22,63.35],[-66.96,63.38],[-67,63.27],[-66.65,63.03],[-66.04,63.01],[-65.99,62.99],[-65.86,63.01],[-65.86,62.93],[-65.77,62.91],[-65.12,62.57],[-65.03,62.59],[-64.94,62.73],[-65.2,62.91],[-64.76,62.97],[-65.03,63.56],[-64.98,63.56],[-64.97,63.57],[-64.94,63.6],[-65.14,63.74],[-65.2,63.78],[-65.14,63.74],[-64.94,63.6],[-64.76,63.33],[-64.54,63.29],[-64.46,63.44],[-64.54,63.72],[-64.85,63.78],[-64.9,63.79],[-64.76,64.03],[-65.03,64.07],[-65.2,64.2],[-65.42,64.26],[-65.03,64.47],[-65.29,64.5],[-65.47,64.5],[-65.56,64.5],[-65.69,64.52],[-65.51,64.73],[-65.95,64.88],[-66.3,64.77],[-66.39,64.73],[-66.39,64.69],[-66.36,64.67],[-66.39,64.69],[-66.39,64.73],[-66.3,64.77],[-66.21,64.9],[-66.74,65.01],[-67.05,65.25],[-67.14,65.32],[-67.16,65.33],[-67.27,65.36],[-67.14,65.36],[-67.05,65.41],[-67.27,65.56],[-67.4,65.69],[-67.8,65.6],[-67.71,65.58],[-67.8,65.6],[-67.88,65.81],[-68.15,65.81],[-68.1,65.99],[-68.02,65.99],[-68.19,66.14],[-68.63,66.19],[-68.19,66.14],[-68.02,65.99],[-67.49,65.89],[-67.22,65.98],[-67.27,66.1],[-67.75,66.26],[-67.63,66.41],[-67.62,66.41],[-67.18,66.37],[-67.36,66.4],[-67.18,66.37],[-67.36,66.56],[-67.8,66.59],[-67.49,66.59],[-67.18,66.52],[-66.79,66.54],[-66.7,66.38],[-66.3,66.26],[-65.95,65.98],[-65.42,65.98],[-64.85,66.1],[-64.81,66.24],[-64.37,66.33],[-64.76,66.19],[-64.76,66.08],[-65.42,65.87],[-65.42,65.71],[-65.12,65.67],[-65.29,65.63],[-65.07,65.38],[-64.46,65.43],[-64.9,65.27],[-64.5,65.12],[-64.28,65.41],[-64.15,65.21],[-64.13,65.23],[-64.15,65.21],[-63.75,64.95],[-63.4,65.01],[-63.45,65.34],[-63.53,65.49],[-63.23,65.65],[-62.92,65.6],[-62.87,65.63],[-62.61,65.62],[-62.39,65.96],[-62.87,66.1],[-62.3,65.96],[-62.08,65.99],[-62,66.03],[-62.17,66.12],[-62.79,66.24],[-62.22,66.33],[-61.82,66.3],[-61.47,66.35],[-61.56,66.49],[-61.29,66.68],[-61.95,66.96],[-62.44,66.87],[-63.14,66.94],[-63.27,67.09],[-62.96,67.2],[-63.18,67.3],[-63.89,67.23],[-63.93,67.42],[-64.19,67.67],[-64.5,67.82],[-65.16,67.72],[-65.12,67.82],[-65.64,68],[-65.91,67.87],[-66.39,68.13],[-66.83,68.13],[-67.18,68.36],[-67.58,68.3],[-67.31,68.41],[-67.66,68.57],[-68.1,68.67],[-68.15,68.68],[-68.5,68.81],[-68.06,68.9],[-67.66,69.17],[-66.65,69.25],[-67.22,69.47],[-68.02,69.47],[-68.54,69.59],[-69.33,69.5],[-69.99,69.53],[-69.33,69.53],[-68.85,69.64],[-68.28,69.65],[-67.88,69.79],[-67.18,69.76],[-67.27,70.03],[-67.58,70.18],[-68.15,70.33],[-68.37,70.16],[-68.37,70.58],[-69.47,70.79],[-69.69,70.69],[-70.17,70.66],[-70.61,70.74],[-70.52,70.92],[-70.78,71.12],[-71.31,70.9],[-72.1,70.79],[-72.28,70.87],[-72.15,71.05],[-71.49,71.07],[-71.13,71.25],[-71.53,71.49],[-72.58,71.66],[-72.98,71.34],[-73.46,71.45],[-73.82,71.66],[-74.52,71.81],[-74.21,71.82],[-74.25,72.08],[-75.27,72.12],[-74.91,72.26],[-75.18,72.5],[-76.36,72.61],[-76.71,72.72],[-77.64,72.76],[-78.56,72.51],[-78.47,72.4],[-78.96,72.3],[-80.01,72.4],[-80.27,72.27],[-80.32,72.07],[-80.8,72.09],[-80.84,72.23],[-80.45,72.46],[-80.54,72.63],[-80.23,72.78],[-80.54,72.85],[-80.58,73.16],[-81.2,73.26],[-81.2,73.53],[-81.59,73.73],[-82.69,73.72],[-83.66,73.6],[-83.96,73.51],[-85.15,73.31],[-85.06,73.14],[-85.68,72.85],[-85.68,72.64],[-85.24,72.39],[-84.49,72.36],[-85.46,72.22],[-85.72,71.95],[-85.28,71.67],[-84.62,71.66],[-84.54,71.55],[-84.92,71.36],[-84.9,71.38],[-85.59,71.57],[-86.21,71.85],[-86.42,72.08],[-86.25,72.44],[-86.73,72.69],[-86.16,73.25],[-85.55,73.51],[-84.93,73.67],[-85.11,73.81],[-86.47,73.86],[-88.05,73.65],[-89.15,73.2],[-89.28,72.91],[-89.76,72.61],[-89.98,72.31],[-89.81,72.12],[-90.12,71.93],[-89.81,71.77],[-90.03,71.59],[-89.9,71.36],[-89.59,71.31],[-87.87,71.2],[-87.3,71.04],[-87.35,70.95],[-88.18,70.94],[-88.49,71.04],[-89.11,71.02],[-89.41,70.91],[-88.8,70.5],[-88.14,70.4],[-87.87,70.24],[-87.52,70.33],[-87,70.28],[-86.86,70.37],[-85.85,70.01],[-84.76,70.01],[-83.7,69.95],[-83.04,70.01],[-82.29,69.8],[-81.44,69.91],[-81.42,69.9],[-81.42,69.89],[-81.33,70.09],[-80.05,70],[-79.92,69.98],[-79.75,69.86],[-78.78,69.89],[-78.78,70.45],[-78.38,70.24],[-77.68,70.21],[-77.68,69.82],[-77.07,69.82],[-76.8,69.73],[-77.02,69.6],[-76.14,69.42],[-75.57,69.23],[-75.57,69.16],[-75.92,69.01],[-76.63,69.01],[-76.28,68.7],[-75.48,68.94],[-75.05,68.97],[-74.69,68.94],[-74.69,68.78],[-74.39,68.59],[-73.99,68.51],[-73.51,68.3],[-72.98,68.2],[-72.94,67.95],[-72.58,67.74],[-72.28,67.28],[-72.32,67.11],[-72.67,67.08],[-73.02,66.72],[-73.38,66.56],[-74.47,66.15],[-74.03,65.83],[-73.51,65.51],[-74.12,65.54],[-74.56,65.32],[-74.87,65.4],[-75.27,65.25],[-75.97,65.32],[-76.01,65.25],[-77.15,65.47],[-77.51,65.32],[-77.29,65.19],[-78.12,64.97],[-78.16,64.64],[-78.03,64.43],[-77.68,64.31],[-77.42,64.33],[-76.76,64.2],[-76.63,64.28],[-76.32,64.35],[-75.79,64.39],[-75.79,64.6],[-74.52,64.37],[-74.43,64.56],[-74.83,64.69],[-74.74,64.77],[-74.61,64.65],[-74.12,64.54],[-74.03,64.54],[-74.12,64.54],[-74.08,64.43],[-73.24,64.54],[-73.29,64.6],[-73.24,64.54],[-73.46,64.37],[-73.4,64.36],[-73.2,64.28],[-73.02,64.2],[-72.98,64.16],[-72.94,64.05],[-72.89,64.03],[-72.54,63.83],[-72.5,63.81],[-72.2,63.89],[-72.23,63.91],[-72.2,63.89],[-72.23,63.83],[-72.23,63.79],[-72.28,63.78],[-72.1,63.72],[-71.97,63.64],[-71.93,63.81],[-71.65,63.68],[-71.53,63.68],[-71.35,63.52],[-71.62,63.4],[-71.71,63.25],[-71.44,63.09],[-70.96,63.01],[-70.92,62.95],[-70.17,62.75],[-69.82,62.83],[-69.51,62.69],[-69.47,62.63],[-69.42,62.57],[-69.29,62.55],[-69.07,62.38],[-68.54,62.24],[-67.58,62.16]]],[[[-79.79,61.58],[-79.44,61.87],[-79.26,62.24],[-79.48,62.38],[-79.97,62.36],[-80.23,62.14],[-80.23,61.81],[-79.79,61.58]]],[[[-65.07,61.68],[-65.47,61.64],[-64.81,61.33],[-64.76,61.37],[-64.63,61.6],[-65.07,61.68]]],[[[-64.63,60.34],[-64.46,60.41],[-64.5,60.43],[-64.63,60.34]]],[[[-68.37,60.19],[-67.97,60.3],[-67.84,60.49],[-68.24,60.58],[-68.45,60.25],[-68.37,60.19]]],[[[-78.43,58.56],[-78.34,58.53],[-78.38,58.58],[-78.43,58.56]]],[[[-61.91,57.44],[-61.64,57.49],[-61.78,57.56],[-61.91,57.44]]],[[[-61.91,57.25],[-61.86,57.25],[-61.86,57.27],[-61.91,57.25]]],[[[-62.04,56.62],[-62,56.65],[-62.08,56.67],[-62.04,56.62]]],[[[-61.6,56.46],[-61.34,56.46],[-61.29,56.48],[-61.6,56.48],[-61.6,56.46]]],[[[-61.34,56.46],[-61.21,56.43],[-61.29,56.48],[-61.34,56.46]]],[[[-61.29,56.09],[-61.25,56.11],[-61.34,56.11],[-61.29,56.09]]],[[[-61.38,55.99],[-61.29,56.09],[-61.42,56.04],[-61.42,56.02],[-61.38,55.99]]],[[[-61.03,55.87],[-60.94,55.87],[-61.07,55.94],[-61.03,55.87]]],[[[-79.53,56.19],[-79.7,56.16],[-80.01,55.92],[-79.83,55.84],[-79.57,56.11],[-79.53,56.19]]],[[[-79.57,56.11],[-79.61,55.94],[-79.44,55.89],[-79.18,56.21],[-79.04,56.19],[-79.09,56.24],[-79,56.36],[-79.04,56.19],[-79.07,56.14],[-78.96,56.29],[-78.91,56.43],[-79.18,56.55],[-79.4,56.21],[-79.53,56.19],[-79.57,56.11]]],[[[-77.42,55.53],[-77.46,55.47],[-77.42,55.5],[-77.42,55.53]]],[[[-130.49,54.82],[-130.32,54.95],[-130.41,54.89],[-130.49,54.82]]],[[[-130.32,54.69],[-130.27,54.72],[-130.19,54.79],[-130.32,54.69]]],[[[-130.27,53.9],[-130.45,54.08],[-130.63,53.95],[-130.41,53.82],[-130.27,53.9]]],[[[-56.11,53.51],[-56.11,53.53],[-56.2,53.53],[-56.11,53.51]]],[[[-129.13,53.4],[-128.91,53.38],[-128.96,53.45],[-128.87,53.61],[-128.96,53.72],[-129.04,53.69],[-129.18,53.64],[-129.13,53.4]]],[[[-129.92,53.45],[-129.61,53.22],[-129.48,53.35],[-129.44,53.35],[-129.39,53.4],[-129.53,53.49],[-129.66,53.56],[-129.72,53.62],[-130.19,53.92],[-130.27,53.9],[-130.23,53.79],[-130.1,53.66],[-129.92,53.45]]],[[[-130.41,53.51],[-129.97,53.19],[-129.75,53.22],[-129.97,53.45],[-130.27,53.59],[-130.41,53.51]]],[[[-132.47,53.11],[-132.38,53.11],[-132.43,53.14],[-132.47,53.11]]],[[[-129.61,53.02],[-129.61,53.03],[-129.66,53.06],[-129.66,53.03],[-129.61,53.02]]],[[[-55.85,52.98],[-55.85,53.09],[-55.89,53.03],[-55.89,53.01],[-55.85,52.98]]],[[[-129.66,53.03],[-129.57,52.98],[-129.57,53.01],[-129.61,53.02],[-129.66,53.03]]],[[[-131.77,52.77],[-131.68,52.74],[-131.59,52.77],[-131.77,52.77]]],[[[-80.71,52.66],[-80.76,52.95],[-81.11,53.19],[-81.86,53.17],[-82.03,52.98],[-80.71,52.66]]],[[[-56.02,52.58],[-55.98,52.61],[-56.02,52.64],[-56.11,52.66],[-56.11,52.64],[-56.06,52.61],[-56.02,52.58]]],[[[-131.68,52.64],[-131.64,52.72],[-131.68,52.74],[-131.72,52.72],[-131.68,52.64]]],[[[-55.89,52.56],[-55.89,52.61],[-55.98,52.61],[-55.98,52.58],[-55.89,52.56]]],[[[-129.31,52.8],[-129.13,52.56],[-128.91,52.61],[-129.31,52.8]]],[[[-128.43,52.56],[-128.34,52.37],[-128.25,52.5],[-128.21,52.8],[-128.34,52.8],[-128.47,52.74],[-128.43,52.56]]],[[[-81.5,52.29],[-81.5,52.31],[-81.53,52.3],[-81.5,52.29]]],[[[-128.74,52.48],[-128.6,52.45],[-128.65,52.48],[-128.74,52.48]]],[[[-128.16,52.26],[-128.12,52.29],[-128.03,52.31],[-128.08,52.42],[-128.16,52.26]]],[[[-128.16,52.26],[-128.08,52.23],[-127.99,52.29],[-128.03,52.31],[-128.12,52.29],[-128.16,52.26]]],[[[-128.25,52.23],[-128.43,52.23],[-128.43,52.15],[-128.3,52.21],[-128.25,52.23]]],[[[-128.3,52.21],[-128.25,52.18],[-128.25,52.21],[-128.3,52.21]]],[[[-132.12,52.74],[-131.59,52.42],[-131.28,52.13],[-131.15,52.13],[-131.06,52.15],[-131.28,52.29],[-131.46,52.5],[-131.68,52.64],[-131.86,52.85],[-131.59,52.98],[-131.81,53.25],[-132.03,53.19],[-132.12,53.19],[-132.12,53.25],[-131.9,53.4],[-131.9,53.77],[-131.72,53.97],[-132.25,54.03],[-132.65,54.16],[-133,54.18],[-133.17,53.92],[-132.95,53.61],[-133,53.56],[-132.95,53.53],[-132.73,53.48],[-132.78,53.32],[-132.51,53.14],[-132.43,53.14],[-132.38,53.11],[-132.34,52.95],[-132.12,52.74]]],[[[-132.21,53.79],[-132.12,53.79],[-132.12,53.85],[-132.21,53.79]]],[[[-127.59,52.1],[-127.55,52.1],[-127.46,52.15],[-127.59,52.13],[-127.59,52.1]]],[[[-128.25,52.18],[-128.16,52.02],[-128.12,52.1],[-128.12,52.13],[-128.16,52.18],[-128.25,52.18]]],[[[-131.06,52.02],[-131.02,52.05],[-131.06,52.15],[-131.15,52.13],[-131.06,52.02]]],[[[-128.25,51.86],[-128.08,51.77],[-127.9,52.15],[-127.9,52.23],[-127.94,52.29],[-127.99,52.31],[-127.99,52.29],[-128.08,52.23],[-128.12,52.13],[-128.12,52.1],[-128.16,52.02],[-128.25,51.86]]],[[[-127.59,51.47],[-127.59,51.56],[-127.64,51.53],[-127.64,51.5],[-127.59,51.47]]],[[[-58.66,51.12],[-58.57,51.14],[-58.61,51.17],[-58.64,51.14],[-58.66,51.12]]],[[[-126.93,51.06],[-126.89,51.09],[-126.98,51.12],[-127.02,51.09],[-126.93,51.06]]],[[[-126.89,50.87],[-126.71,50.87],[-126.8,50.9],[-126.89,50.87]]],[[[-59.36,50.59],[-59.32,50.59],[-59.36,50.65],[-59.4,50.62],[-59.36,50.59]]],[[[-126.5,50.56],[-126.41,50.59],[-126.54,50.65],[-126.54,50.59],[-126.5,50.56]]],[[[-124.74,50.17],[-124.65,50.28],[-124.69,50.31],[-124.78,50.28],[-124.83,50.23],[-124.74,50.17]]],[[[-124.96,50.2],[-124.74,50.17],[-124.83,50.23],[-124.78,50.28],[-124.98,50.23],[-124.96,50.2]]],[[[-127.24,50.03],[-127.2,50.06],[-127.24,50.09],[-127.24,50.03]]],[[[-54.7,49.6],[-54.61,49.55],[-54.57,49.55],[-54.7,49.6]]],[[[-55.71,49.46],[-55.71,49.49],[-55.67,49.58],[-55.76,49.55],[-55.76,49.49],[-55.71,49.46]]],[[[-126.23,49.4],[-126.06,49.32],[-126.06,49.4],[-126.1,49.43],[-126.23,49.4]]],[[[-62.26,49.06],[-61.69,49.09],[-61.95,49.38],[-62.22,49.4],[-62.57,49.6],[-63.36,49.83],[-63.8,49.86],[-64.11,49.94],[-64.5,49.92],[-64.41,49.8],[-63.93,49.69],[-63.62,49.52],[-63.58,49.38],[-62.79,49.15],[-62.39,49.12],[-62.26,49.06]]],[[[-53.56,48.19],[-53.52,48.19],[-53.56,48.22],[-53.56,48.19]]],[[[-56.02,47.72],[-55.89,47.72],[-55.85,47.78],[-56.02,47.72]]],[[[-53.65,47],[-53.65,46.67],[-53.25,46.7],[-52.95,46.79],[-52.86,47.21],[-52.68,47.42],[-52.68,47.66],[-53.21,47.45],[-53.16,47.51],[-53.25,47.69],[-53.08,47.95],[-53.3,48.01],[-53.52,47.75],[-53.56,47.51],[-53.87,47.72],[-53.65,47.95],[-53.69,48.04],[-53.69,48.07],[-53.56,48.19],[-53.6,48.19],[-53.69,48.16],[-53.6,48.19],[-53.56,48.22],[-53.38,48.39],[-53.12,48.39],[-53.12,48.66],[-53.34,48.63],[-53.65,48.48],[-53.87,48.39],[-53.87,48.48],[-53.74,48.66],[-54,48.83],[-53.82,48.94],[-53.87,48.97],[-53.82,48.97],[-53.6,49.03],[-53.47,49.26],[-53.96,49.46],[-54.22,49.4],[-54.57,49.55],[-54.57,49.52],[-54.66,49.46],[-54.7,49.43],[-54.88,49.29],[-55.01,49.29],[-55.05,49.32],[-55.32,49.2],[-55.32,49.35],[-55.36,49.49],[-55.71,49.46],[-55.76,49.49],[-55.8,49.52],[-55.89,49.66],[-55.63,49.86],[-56.11,50.03],[-56.15,50.14],[-56.64,49.8],[-56.81,49.6],[-56.86,49.77],[-56.64,50.11],[-56.46,50.37],[-56.11,50.65],[-56.15,50.76],[-55.8,50.95],[-55.71,51.17],[-55.98,51.2],[-56.11,51.34],[-55.49,51.39],[-55.45,51.58],[-55.85,51.61],[-56.68,51.36],[-56.81,51.12],[-57.03,51.01],[-56.99,50.87],[-57.29,50.62],[-57.38,50.59],[-57.6,50.17],[-57.95,49.72],[-57.91,49.55],[-57.87,49.52],[-57.91,49.55],[-58.22,49.43],[-58.26,49.29],[-58,49.17],[-58,49.15],[-58.13,49.15],[-58.13,49.03],[-58.39,49.06],[-58.7,48.68],[-58.7,48.57],[-58.35,48.51],[-58.57,48.42],[-59.01,48.13],[-59.32,47.98],[-59.32,47.63],[-59.18,47.57],[-58.7,47.6],[-58.35,47.69],[-57.91,47.69],[-57.82,47.63],[-56.72,47.6],[-56.33,47.63],[-56.02,47.72],[-55.85,47.78],[-55.85,47.84],[-55.8,47.78],[-55.89,47.72],[-55.71,47.66],[-55.85,47.54],[-55.8,47.48],[-55.58,47.42],[-55.45,47.6],[-55.41,47.69],[-55.1,47.6],[-55.05,47.66],[-55.1,47.6],[-55.32,47.27],[-55.49,47.15],[-55.8,47.09],[-55.93,46.88],[-55.36,46.88],[-55.05,47.09],[-55.1,47.15],[-54.88,47.36],[-54.61,47.39],[-54.48,47.42],[-54.13,47.84],[-54,47.81],[-53.91,47.6],[-53.91,47.39],[-54,47.27],[-54.18,46.97],[-54.04,46.82],[-53.6,47.15],[-53.56,47.18],[-53.65,47]]],[[[-73.11,46.13],[-73.02,46.13],[-73.02,46.16],[-73.11,46.13]]],[[[-62.83,46.43],[-63.01,46.37],[-63.71,46.55],[-64.06,46.82],[-64.24,46.88],[-64.41,46.67],[-64.15,46.58],[-64.02,46.37],[-63.89,46.4],[-63.67,46.25],[-63.4,46.16],[-62.96,46.19],[-62.96,46.07],[-62.66,45.94],[-62.44,46.07],[-62.44,46.25],[-62.26,46.46],[-62.83,46.43]]],[[[-60.85,45.64],[-60.68,45.58],[-60.41,45.64],[-59.98,45.88],[-59.8,46.13],[-60.02,46.25],[-60.19,46.25],[-60.41,46.28],[-60.5,46.22],[-60.55,46.16],[-60.81,45.94],[-60.63,45.91],[-60.81,45.7],[-60.85,45.64]]],[[[-81.72,46.07],[-82.12,45.91],[-82.38,45.98],[-82.95,45.98],[-82.91,45.79],[-82.51,45.76],[-82.08,45.58],[-81.81,45.52],[-81.64,45.67],[-81.72,45.82],[-81.9,45.98],[-81.72,46.07]]],[[[-60.99,45.48],[-60.94,45.61],[-60.85,45.64],[-60.81,45.7],[-60.99,45.91],[-60.81,45.94],[-60.85,46.07],[-60.99,45.98],[-61.03,45.98],[-60.99,45.98],[-60.85,46.07],[-60.59,46.16],[-60.5,46.22],[-60.41,46.28],[-60.55,46.37],[-60.41,46.49],[-60.33,46.88],[-60.5,47],[-61.03,46.64],[-61.03,46.55],[-61.25,46.28],[-61.47,46.16],[-61.51,46.01],[-61.47,45.7],[-61.42,45.64],[-61.34,45.58],[-61.16,45.61],[-60.99,45.48]]],[[[-76.41,44.24],[-76.36,44.11],[-76.36,44.21],[-76.41,44.24]]],[[[-83.13,42.12],[-83,41.99],[-82.47,42.06],[-81.81,42.35],[-81.59,42.55],[-81.24,42.68],[-80.98,42.68],[-80.67,42.58],[-80.45,42.58],[-80.23,42.77],[-79.88,42.84],[-79,42.87],[-78.91,42.9],[-78.91,42.93],[-78.96,42.97],[-79,43],[-79,43.06],[-79.04,43.09],[-79.04,43.19],[-79.04,43.25],[-79.26,43.19],[-79.57,43.19],[-79.83,43.29],[-79.48,43.61],[-79.26,43.67],[-79.09,43.83],[-78.47,43.89],[-78.3,43.95],[-77.99,43.95],[-77.81,44.02],[-77.55,44.02],[-77.46,43.92],[-77.2,43.86],[-76.98,43.89],[-76.98,44.05],[-76.8,44.18],[-76.41,44.24],[-76.19,44.3],[-76.14,44.3],[-75.97,44.33],[-75.92,44.36],[-75.79,44.46],[-75.75,44.52],[-75.7,44.55],[-75.62,44.62],[-75.48,44.71],[-75.35,44.77],[-75.35,44.8],[-75.31,44.83],[-75.22,44.86],[-75.13,44.9],[-75.09,44.93],[-75.05,44.93],[-74.87,44.99],[-73.64,44.99],[-73.42,45.02],[-71.49,45.02],[-71.4,45.24],[-71.18,45.24],[-70.7,45.39],[-70.7,45.58],[-70.39,45.73],[-70.26,45.88],[-70.26,46.28],[-70.04,46.43],[-69.99,46.7],[-69.25,47.45],[-69.07,47.42],[-69.07,47.24],[-68.85,47.18],[-68.24,47.36],[-67.8,47.06],[-67.8,45.67],[-67.44,45.61],[-67.4,45.14],[-67.22,45.18],[-67.14,45.14],[-66.92,45.05],[-66.52,45.14],[-66.26,45.14],[-65.73,45.24],[-65.2,45.52],[-64.76,45.64],[-64.59,45.88],[-64.63,45.94],[-64.59,45.88],[-64.41,45.73],[-64.94,45.42],[-64.68,45.39],[-63.58,45.39],[-63.49,45.33],[-63.75,45.33],[-64.15,45.21],[-64.19,45.11],[-64.54,45.21],[-64.76,45.18],[-65.16,45.02],[-65.77,44.68],[-66.13,44.36],[-66.17,43.86],[-65.97,43.76],[-65.95,43.76],[-65.82,43.64],[-65.77,43.61],[-65.6,43.51],[-65.56,43.51],[-65.47,43.48],[-65.34,43.7],[-65.21,43.72],[-64.94,43.83],[-64.72,43.95],[-64.37,44.3],[-64.32,44.52],[-63.93,44.68],[-63.93,44.49],[-63.53,44.46],[-63.62,44.68],[-63.49,44.62],[-63.01,44.71],[-62.44,44.9],[-61.64,45.08],[-61.56,45.18],[-61.12,45.21],[-60.99,45.3],[-61.25,45.45],[-61.34,45.58],[-61.42,45.64],[-61.47,45.7],[-61.6,45.64],[-61.91,45.64],[-61.91,45.88],[-62.44,45.64],[-62.7,45.67],[-62.7,45.76],[-63.27,45.76],[-63.45,45.88],[-63.8,45.88],[-63.8,46.16],[-64.28,46.25],[-64.59,46.25],[-64.76,46.67],[-64.94,46.85],[-64.81,47.06],[-65.29,47.06],[-64.9,47.39],[-64.9,47.57],[-64.68,47.75],[-64.76,47.78],[-64.81,47.81],[-65.12,47.84],[-65.51,47.66],[-65.69,47.69],[-65.82,47.92],[-66.08,47.92],[-66.48,48.07],[-66.79,47.98],[-66.43,48.1],[-66.04,48.1],[-65.91,48.16],[-65.47,48.01],[-65.25,48.01],[-64.85,48.19],[-64.63,48.36],[-64.32,48.42],[-64.28,48.63],[-64.46,48.83],[-64.24,48.8],[-64.19,48.86],[-64.59,49.12],[-65.34,49.26],[-66.26,49.2],[-66.65,49.12],[-66.96,49],[-68.06,48.68],[-68.59,48.42],[-68.98,48.28],[-69.51,47.92],[-69.6,47.78],[-69.9,47.54],[-70.04,47.36],[-70.26,47.24],[-70.48,47.03],[-71,46.82],[-71.18,46.82],[-71.22,46.78],[-71.18,46.82],[-71.13,46.88],[-70.96,47],[-70.78,47.09],[-70.43,47.42],[-70.21,47.6],[-69.9,47.75],[-69.73,48.13],[-69.38,48.33],[-69.07,48.77],[-68.63,48.94],[-68.63,49.03],[-68.19,49.09],[-68.06,49.29],[-67.36,49.32],[-67.22,49.46],[-67.18,49.77],[-66.96,49.97],[-66.61,50.14],[-66.04,50.2],[-65.6,50.28],[-64.94,50.25],[-64.41,50.31],[-64.19,50.25],[-63.8,50.31],[-63.62,50.23],[-63.36,50.23],[-63.18,50.28],[-62.35,50.28],[-61.91,50.23],[-61.82,50.11],[-61.69,50.09],[-61.29,50.2],[-60.28,50.25],[-60.28,50.28],[-60.28,50.31],[-60.28,50.28],[-60.28,50.25],[-59.89,50.28],[-59.76,50.45],[-59.49,50.56],[-59.4,50.62],[-59.36,50.65],[-58.96,50.81],[-58.96,51.01],[-59.01,50.98],[-58.96,51.01],[-58.79,51.06],[-58.64,51.14],[-58.61,51.17],[-58.61,51.25],[-58.35,51.25],[-58.26,51.28],[-58.26,51.31],[-58.28,51.34],[-58.26,51.31],[-58.26,51.28],[-58.04,51.31],[-58,51.39],[-58.04,51.42],[-58,51.39],[-58.04,51.31],[-57.78,51.42],[-57.25,51.5],[-56.9,51.47],[-56.46,51.72],[-56.24,51.77],[-55.92,52],[-55.93,52],[-55.92,52],[-55.71,52.07],[-55.63,52.23],[-55.67,52.42],[-55.85,52.53],[-56.11,52.56],[-56.15,52.54],[-56.2,52.53],[-56.33,52.56],[-56.37,52.58],[-56.33,52.56],[-56.2,52.53],[-56.15,52.54],[-56.11,52.56],[-56.06,52.58],[-56.06,52.61],[-56.11,52.64],[-56.15,52.66],[-56.11,52.66],[-56.02,52.64],[-55.89,52.61],[-55.8,52.61],[-56.11,52.8],[-55.8,52.88],[-55.89,53.01],[-55.93,53.01],[-55.89,53.03],[-55.85,53.09],[-55.8,53.27],[-55.98,53.43],[-56.11,53.51],[-56.2,53.53],[-56.11,53.53],[-56.28,53.59],[-56.68,53.74],[-56.94,53.74],[-57.08,53.69],[-57.12,53.53],[-57.29,53.45],[-57.34,53.66],[-57.21,53.87],[-57.43,54.16],[-57.6,54.21],[-58.22,54.23],[-58.31,54.05],[-58.83,53.95],[-59.23,53.69],[-59.58,53.53],[-59.8,53.51],[-59.89,53.51],[-60.15,53.53],[-60.11,53.69],[-59.89,53.85],[-59.49,53.82],[-58.88,54.05],[-58.44,54.05],[-58.44,54.18],[-58.13,54.31],[-57.82,54.36],[-57.78,54.39],[-57.51,54.46],[-57.56,54.49],[-57.47,54.49],[-57.38,54.51],[-57.34,54.56],[-57.73,54.64],[-57.82,54.74],[-58.09,54.74],[-57.95,54.79],[-58.74,54.79],[-58.96,55],[-59.27,55.07],[-59.54,55.02],[-59.8,54.89],[-59.8,54.84],[-59.8,54.89],[-59.54,55.02],[-59.49,55.17],[-59.89,55.15],[-60.06,55.2],[-60.24,55.25],[-60.5,55.12],[-60.41,55.22],[-60.55,55.2],[-60.33,55.35],[-60.19,55.45],[-60.19,55.47],[-60.5,55.62],[-60.28,55.79],[-60.94,55.87],[-61.03,55.87],[-61.16,55.92],[-61.25,55.92],[-61.16,55.92],[-61.07,55.94],[-61.16,55.99],[-61.38,55.99],[-61.42,56.02],[-61.42,56.04],[-61.34,56.11],[-61.64,56.33],[-61.86,56.48],[-61.91,56.6],[-62.04,56.6],[-62,56.62],[-62.04,56.62],[-62.08,56.67],[-62.17,56.7],[-62,56.65],[-61.91,56.72],[-61.64,56.7],[-61.42,56.6],[-61.47,56.82],[-61.56,56.94],[-61.6,56.89],[-61.56,56.94],[-61.38,56.99],[-61.47,57.18],[-61.73,57.15],[-62,57.25],[-61.91,57.25],[-61.86,57.27],[-61.95,57.44],[-62.3,57.46],[-61.95,57.6],[-62.08,57.79],[-62.13,57.81],[-62.08,57.79],[-62.3,57.95],[-62.39,58.12],[-62.52,58.12],[-62.7,58.26],[-62.79,58.26],[-62.83,58.26],[-62.79,58.26],[-62.7,58.26],[-62.66,58.49],[-63.09,58.42],[-63.09,58.53],[-63.01,58.72],[-63.14,58.87],[-63.23,58.87],[-63.23,59.06],[-63.84,59.06],[-63.97,59.08],[-63.84,59.06],[-63.4,59.12],[-63.53,59.35],[-63.93,59.68],[-64.19,59.77],[-64.15,59.79],[-64.15,60.01],[-64.41,59.99],[-64.41,60.08],[-64.54,60.08],[-64.5,60.25],[-64.63,60.34],[-64.81,60.32],[-65.56,59.7],[-65.38,59.5],[-65.47,59.35],[-65.56,59.24],[-65.51,59.19],[-65.56,59.24],[-65.73,59.17],[-65.66,59.12],[-65.6,59.03],[-65.69,59.06],[-65.77,58.99],[-66.08,58.83],[-66.35,58.85],[-66.57,58.69],[-66.65,58.49],[-67,58.46],[-67.53,58.23],[-67.75,58.3],[-67.75,58.46],[-68.28,58.53],[-68.37,58.78],[-68.59,58.9],[-69.25,58.9],[-69.47,59.03],[-69.64,59.35],[-69.51,59.62],[-69.69,59.93],[-69.6,60.23],[-69.77,60.41],[-69.69,60.69],[-69.38,60.82],[-69.6,61.07],[-69.86,60.86],[-69.86,60.84],[-70.08,60.88],[-70.12,61.09],[-70.7,61.03],[-71,61.14],[-71.4,61.16],[-71.66,61.28],[-71.79,61.54],[-72.19,61.85],[-72.58,61.95],[-72.58,62.08],[-73.82,62.46],[-74.34,62.26],[-74.91,62.24],[-75.31,62.32],[-75.53,62.28],[-75.57,62.28],[-76.1,62.34],[-76.71,62.51],[-77.42,62.59],[-78.03,62.36],[-78.16,62.08],[-78.03,61.72],[-77.68,61.58],[-77.86,61.05],[-78.21,60.86],[-78.12,60.79],[-77.68,60.79],[-77.81,60.6],[-77.77,60.39],[-77.55,60.3],[-77.59,60.04],[-77.33,60.01],[-77.42,59.9],[-77.33,59.79],[-77.46,59.62],[-77.42,59.57],[-77.46,59.62],[-77.73,59.57],[-77.86,59.42],[-78.38,58.92],[-78.47,58.92],[-78.56,58.78],[-78.43,58.56],[-78.38,58.58],[-78.34,58.53],[-78.08,58.39],[-77.81,58.33],[-77.15,58],[-76.85,57.67],[-76.54,57.11],[-76.54,56.31],[-76.67,56.04],[-77.29,55.57],[-77.42,55.5],[-77.46,55.47],[-77.77,55.27],[-78.38,55.02],[-78.82,54.92],[-79,54.82],[-79.66,54.69],[-79.48,54.49],[-79.44,54.31],[-79.13,54.08],[-79,53.85],[-79.13,53.72],[-79,53.61],[-78.96,52.98],[-78.74,52.8],[-78.78,52.64],[-78.52,52.42],[-78.56,52.13],[-78.82,51.86],[-79.04,51.77],[-78.82,51.61],[-78.74,51.5],[-78.91,51.28],[-79.09,51.53],[-79.35,51.67],[-79.7,51.42],[-79.79,51.2],[-80.32,51.31],[-80.58,51.72],[-81.02,52.05],[-81.42,52.13],[-81.5,52.29],[-81.53,52.3],[-81.5,52.31],[-81.94,52.77],[-82.29,52.95],[-82.25,53.19],[-82.12,53.27],[-82.21,53.64],[-82.12,53.74],[-82.16,53.97],[-82.43,54.21],[-82.43,54.34],[-82.21,54.77],[-82.29,55.12],[-82.7,55.19],[-83.39,55.2],[-83.88,55.3],[-84.76,55.25],[-85.06,55.27],[-85.33,55.37],[-85.72,55.6],[-86.29,55.72],[-86.91,55.92],[-87.61,56.02],[-87.7,56.21],[-87.96,56.48],[-88.36,56.55],[-88.84,56.84],[-89.68,56.94],[-90.2,57.08],[-90.38,57.18],[-90.86,57.27],[-91.13,57.25],[-91.96,57.06],[-92.44,57.06],[-92.44,57.44],[-92.71,57.77],[-92.84,58.14],[-93.02,58.33],[-93.24,58.76],[-94.29,58.78],[-94.77,59.03],[-94.73,59.44],[-94.82,59.53],[-94.82,59.99],[-94.68,60.21],[-94.68,60.47],[-94.55,60.54],[-94.16,60.99],[-93.98,61.45],[-93.67,61.62],[-93.32,61.7],[-93.59,61.85],[-93.41,61.93],[-93.45,61.97],[-93.19,62.16],[-92.53,62.3],[-92.75,62.44],[-92.53,62.53],[-92,62.53],[-91.92,62.65],[-92.31,62.71],[-92.09,62.87],[-91.39,62.79],[-90.64,63.03],[-90.64,63.19],[-90.86,63.42],[-91.39,63.52],[-91.74,63.72],[-92.18,63.62],[-92.14,63.74],[-91.74,63.74],[-91.39,63.7],[-90.64,63.48],[-90.55,63.58],[-90.12,63.7],[-90.03,63.95],[-89.98,64.12],[-89.81,64.14],[-89.81,64.18],[-89.76,64.2],[-89.81,64.14],[-89.59,64.03],[-89.06,63.97],[-88.58,63.99],[-88.4,64.1],[-88.05,64.18],[-87.3,64.75],[-86.91,65.16],[-87.44,65.29],[-89.02,65.32],[-89.68,65.72],[-89.72,65.94],[-88.71,65.67],[-88.23,65.41],[-87.87,65.32],[-87.3,65.32],[-86.51,65.67],[-86.34,65.9],[-85.94,66.05],[-85.9,66.19],[-86.6,66.31],[-86.69,66.51],[-86.07,66.49],[-85.41,66.58],[-85.28,66.31],[-84.76,66.21],[-84.36,66.21],[-83.83,66.42],[-84.14,66.56],[-84.32,66.75],[-84.29,66.77],[-84.54,66.82],[-84.93,66.96],[-84.8,66.97],[-84.58,66.99],[-84.58,66.97],[-84.29,66.77],[-84.32,66.75],[-84.02,66.75],[-83.96,66.73],[-83.39,66.35],[-82.65,66.56],[-82.16,66.75],[-81.9,66.99],[-81.46,67.03],[-81.2,67.45],[-81.37,67.6],[-82.03,67.87],[-82.34,68.36],[-82.25,68.46],[-81.77,68.46],[-81.24,68.63],[-81.28,68.86],[-81.59,68.9],[-81.37,69.22],[-82.12,69.23],[-82.47,69.51],[-82.51,69.54],[-82.25,69.64],[-83.26,69.71],[-83.57,69.68],[-84.1,69.82],[-84.67,69.85],[-85.33,69.77],[-85.5,69.54],[-85.46,69.28],[-85.24,69.12],[-84.93,69.08],[-84.89,69.08],[-84.76,69.03],[-85.11,68.94],[-84.84,68.83],[-84.82,68.81],[-85.41,68.78],[-85.68,68.68],[-85.74,68.4],[-85.77,68.38],[-85.9,68.03],[-86.42,67.79],[-86.51,67.49],[-86.86,67.42],[-87,67.23],[-87.35,67.28],[-88.18,67.75],[-88.4,67.98],[-87.96,68.23],[-87.79,68.41],[-87.92,68.73],[-88.23,68.92],[-88.71,69.06],[-88.97,69.25],[-89.28,69.27],[-89.72,68.98],[-89.85,68.7],[-89.85,68.46],[-90.12,68.31],[-90.55,68.42],[-90.42,68.84],[-90.73,69.09],[-90.95,69.2],[-91.08,69.3],[-91.04,69.27],[-90.82,69.25],[-90.77,69.34],[-90.6,69.44],[-90.73,69.51],[-90.8,69.5],[-90.81,69.5],[-90.86,69.52],[-90.88,69.52],[-90.99,69.52],[-91.02,69.51],[-90.99,69.52],[-91.17,69.62],[-91.13,69.65],[-91.43,69.67],[-91.7,69.53],[-92.71,69.67],[-92.66,69.74],[-91.96,70.04],[-91.52,70.15],[-92,70.36],[-92.27,70.58],[-92.88,70.87],[-92.84,71.17],[-93.02,71.38],[-93.67,71.6],[-94.03,71.8],[-94.47,71.85],[-94.03,72.09],[-93.81,72.32],[-93.45,72.5],[-93.94,72.78],[-93.28,72.82],[-92.31,72.71],[-92,72.77],[-91.21,73.27],[-90.99,73.46],[-90.16,73.92],[-91.04,74.01],[-91.96,74.01],[-93.02,74.16],[-93.54,74.18],[-94.73,74.1],[-95.3,73.99],[-95.08,73.78],[-95.65,73.75],[-95.52,73.13],[-95.65,72.91],[-95.61,72.72],[-95.34,72.65],[-95.17,72.23],[-95.3,71.77],[-95.92,71.6],[-95.43,71.39],[-96.18,71.39],[-96.44,71.28],[-96.35,71.08],[-96.62,70.81],[-96.05,70.59],[-96.53,70.33],[-96.49,70.09],[-95.74,69.79],[-94.29,69.45],[-94.29,69.05],[-94.55,68.94],[-94.42,68.75],[-94.07,68.76],[-93.94,68.97],[-93.63,68.98],[-93.72,68.62],[-94.2,68.38],[-94.16,68.28],[-94.82,68.03],[-95.43,68.07],[-95.48,67.85],[-95.7,67.75],[-95.43,67.64],[-95.39,67.47],[-95.7,67.37],[-96.13,67.37],[-96.44,67.52],[-96.49,67.5],[-96.44,67.52],[-96.27,67.62],[-96.22,67.64],[-96.13,67.65],[-96.18,67.8],[-95.92,68.26],[-96.31,68.2],[-96.62,68.25],[-96.88,68.26],[-97.19,68.47],[-97.58,68.49],[-97.54,68.44],[-97.58,68.49],[-97.89,68.39],[-98.46,68.2],[-98.51,68.12],[-98.07,67.87],[-97.58,67.98],[-97.19,67.89],[-97.19,67.64],[-97.54,67.6],[-98.11,67.77],[-98.45,67.79],[-98.38,67.75],[-98.42,67.74],[-98.38,67.75],[-98.45,67.79],[-99.17,67.7],[-99.69,67.82],[-100.22,67.85],[-101.5,67.69],[-101.93,67.77],[-102.24,67.72],[-102.86,67.84],[-103.47,68.07],[-103.82,68.02],[-104.48,68.12],[-105.49,68.42],[-105.49,68.76],[-105.76,68.89],[-106.2,68.92],[-106.81,68.83],[-107.25,68.7],[-108.35,68.6],[-108.79,68.25],[-108.39,68.21],[-108.09,68.16],[-107.82,68.34],[-106.99,68.34],[-106.94,68.34],[-106.55,68.54],[-105.89,68.65],[-105.67,68.47],[-106.2,68.39],[-106.9,68.13],[-107.69,68.03],[-107.73,67.97],[-108.04,67.79],[-107.56,67.5],[-107.69,67.4],[-107.34,67.13],[-107.29,66.94],[-107.6,66.96],[-107.73,66.7],[-108.13,66.82],[-108.09,66.79],[-108.13,66.82],[-108.22,67.03],[-107.87,67.06],[-107.91,67.23],[-108.7,67.62],[-109.97,67.89],[-110.19,67.97],[-111.07,67.77],[-111.34,67.8],[-112.66,67.67],[-114.24,67.72],[-114.41,67.77],[-115.07,67.8],[-115.2,67.98],[-114.9,68.15],[-114.5,68.26],[-114.02,68.25],[-114.1,68.52],[-114.81,68.83],[-115.6,68.98],[-116.35,68.87],[-117.09,68.9],[-117.97,69.01],[-118.89,69.27],[-119.95,69.34],[-120.3,69.4],[-120.92,69.67],[-121.4,69.77],[-122.98,69.82],[-123.2,69.48],[-123.73,69.33],[-124.25,69.33],[-124.56,69.4],[-124.21,69.57],[-124.52,69.71],[-124.39,70.15],[-124.69,70.15],[-124.83,69.97],[-125.09,69.74],[-124.96,69.73],[-125.09,69.74],[-125.44,69.65],[-125.18,69.4],[-125.48,69.33],[-126.28,69.51],[-126.76,69.77],[-127.07,70.18],[-127.37,70.36],[-128.03,70.56],[-128.21,70.37],[-128.08,70.28],[-127.51,70.19],[-128.21,70.15],[-128.3,69.94],[-128.96,69.67],[-128.97,69.67],[-129.18,69.85],[-129.61,69.82],[-130.36,69.68],[-130.71,69.37],[-131.02,69.48],[-131.11,69.56],[-131.15,69.6],[-131.11,69.4],[-131.15,69.42],[-131.37,69.44],[-131.46,69.39],[-131.48,69.34],[-131.46,69.39],[-131.46,69.44],[-131.68,69.42],[-131.86,69.27],[-132.47,69.22],[-132.47,69.19],[-132.47,69.14],[-132.87,68.97],[-132.6,68.89],[-132.43,68.84],[-132.51,68.79],[-133.39,68.81],[-133.17,68.7],[-133.52,68.79],[-132.87,68.95],[-132.91,69.12],[-132.47,69.14],[-132.47,69.19],[-132.47,69.22],[-132.12,69.34],[-132.12,69.47],[-131.77,69.56],[-131.15,69.6],[-130.36,69.82],[-129.61,69.97],[-129.79,70.13],[-130.19,70.01],[-130.84,70.07],[-132.03,69.71],[-132.51,69.74],[-133,69.57],[-133.04,69.4],[-133.92,69.31],[-133.88,69.5],[-134.27,69.57],[-135.37,69.37],[-135.41,69.34],[-135.85,69.23],[-135.68,69.11],[-135.59,69.06],[-135.68,69.11],[-136.07,69.17],[-136.03,69.01],[-135.99,68.98],[-135.96,68.97],[-135.99,68.97],[-135.99,68.95],[-135.81,68.89],[-135.63,68.89],[-135.59,68.89],[-135.55,68.89],[-135.46,68.92],[-135.5,68.95],[-135.46,68.92],[-135.55,68.89],[-135.55,68.86],[-135.24,68.65],[-136.07,68.86],[-136.82,68.86],[-138.45,69.2],[-139.15,69.5],[-139.98,69.62],[-140.69,69.6],[-140.99,69.65],[-140.99,67.97],[-140.99,66.89],[-140.99,65.49],[-140.99,64.6],[-140.99,63.23],[-140.99,62.4],[-140.99,61.43],[-140.99,60.3],[-140.51,60.21],[-140.47,60.3],[-139.98,60.19],[-139.68,60.34],[-139.06,60.36],[-139.19,60.08],[-138.71,59.9],[-138.62,59.77],[-137.61,59.24],[-137.3,59.01],[-136.47,59.26],[-136.21,59.64],[-135.94,59.66],[-135.46,59.79],[-135.02,59.57],[-134.97,59.28],[-134.71,59.26],[-134.32,58.97],[-134.27,58.85],[-133.83,58.74],[-133.48,58.39],[-133.17,58.16],[-133.09,58],[-132.65,57.63],[-132.25,57.2],[-132.38,57.08],[-132.03,57.03],[-132.12,56.87],[-131.86,56.82],[-131.86,56.6],[-131.59,56.6],[-130.8,56.36],[-130.41,56.14],[-130.1,56.11],[-130.01,55.92],[-130.14,55.72],[-129.92,55.3],[-130.14,55.15],[-130.1,54.89],[-130.1,54.87],[-130.19,54.79],[-130.27,54.72],[-130.32,54.69],[-130.41,54.64],[-130.23,54.49],[-130.14,54.41],[-130.1,54.41],[-130.14,54.41],[-130.23,54.49],[-130.45,54.64],[-130.45,54.54],[-130.45,54.34],[-130.36,54.31],[-130.32,54.23],[-130.27,54.21],[-130.14,54.16],[-130.1,53.92],[-129.72,53.62],[-129.66,53.56],[-129.53,53.49],[-129.39,53.4],[-129.26,53.38],[-129.26,53.4],[-129.26,53.61],[-129.04,53.77],[-128.91,53.82],[-128.65,53.85],[-128.56,53.85],[-128.65,53.85],[-128.74,53.82],[-128.82,53.61],[-128.56,53.43],[-128.43,53.43],[-128.38,53.45],[-128.34,53.48],[-128.38,53.45],[-128.43,53.43],[-128.56,53.43],[-128.96,53.45],[-128.91,53.38],[-128.87,53.27],[-128.6,53.14],[-128.56,53.14],[-128.56,53.09],[-128.56,53.06],[-128.56,53.09],[-128.6,53.14],[-128.87,53.27],[-129.13,53.09],[-129.13,52.8],[-129,52.69],[-128.74,52.64],[-128.74,52.5],[-128.65,52.48],[-128.6,52.45],[-128.56,52.69],[-128.56,52.66],[-128.56,52.69],[-128.47,52.74],[-128.34,52.8],[-128.21,52.8],[-128.16,52.85],[-128.12,52.72],[-128.25,52.5],[-128.34,52.37],[-128.38,52.34],[-128.08,52.5],[-128.08,52.53],[-128.08,52.5],[-128.08,52.42],[-127.99,52.31],[-127.94,52.34],[-127.94,52.45],[-127.94,52.34],[-127.94,52.29],[-127.9,52.23],[-127.73,52.26],[-127.86,52.18],[-127.77,51.96],[-127.59,52.13],[-127.2,52.37],[-127.29,52.45],[-127.42,52.42],[-127.29,52.45],[-127.24,52.48],[-127.2,52.37],[-126.89,52.37],[-126.93,52.23],[-126.8,52.13],[-126.93,52.23],[-127.02,52.29],[-127.46,52.15],[-127.55,52.1],[-127.59,52.1],[-127.77,51.96],[-127.9,51.88],[-127.81,51.58],[-127.64,51.53],[-127.59,51.56],[-127.46,51.67],[-127.46,51.75],[-127.42,51.77],[-127.46,51.75],[-127.46,51.67],[-127.59,51.47],[-127.59,51.28],[-127.77,51.17],[-127.42,50.92],[-127.07,50.84],[-126.89,50.87],[-126.8,50.9],[-126.71,50.87],[-126.5,50.95],[-126.58,50.73],[-126.54,50.65],[-126.23,50.7],[-126.14,50.76],[-126.19,50.84],[-126.14,50.76],[-126.1,50.76],[-126.23,50.7],[-125.97,50.67],[-125.75,50.7],[-125.53,50.92],[-125.7,50.67],[-125.97,50.67],[-126.28,50.62],[-126.41,50.59],[-126.5,50.56],[-126.54,50.59],[-126.63,50.56],[-126.58,50.53],[-126.06,50.51],[-125.84,50.51],[-125.75,50.45],[-125.7,50.42],[-125.53,50.56],[-125.7,50.39],[-125.44,50.34],[-125.4,50.37],[-125.4,50.28],[-125.44,50.34],[-125.7,50.39],[-125.7,50.42],[-125.84,50.39],[-126.28,50.48],[-126.58,50.48],[-127.02,50.65],[-127.2,50.62],[-127.86,50.87],[-128.12,50.87],[-128.38,50.73],[-128.03,50.51],[-127.94,50.31],[-127.33,50.03],[-127.24,50.09],[-127.2,50.06],[-127.15,49.86],[-126.89,49.86],[-126.8,49.89],[-126.89,49.86],[-126.93,49.72],[-126.63,49.69],[-126.63,49.75],[-126.58,49.69],[-126.54,49.69],[-126.5,49.72],[-126.45,49.75],[-126.5,49.72],[-126.58,49.46],[-126.23,49.4],[-126.1,49.43],[-126.06,49.4],[-126.06,49.32],[-125.97,49.35],[-125.79,49.23],[-125.75,49.2],[-125.75,49.17],[-125.79,49.15],[-125.75,49.2],[-125.79,49.23],[-125.92,49.17],[-125.88,49.17],[-125.53,48.92],[-125.35,49],[-125,48.97],[-125.05,48.94],[-125.18,48.8],[-124.74,48.6],[-123.99,48.39],[-123.6,48.33],[-123.38,48.51],[-123.51,48.57],[-123.6,48.74],[-123.46,48.86],[-123.73,48.94],[-123.95,49.23],[-124.69,49.46],[-124.83,49.49],[-124.91,49.75],[-125.13,49.86],[-125.31,50.11],[-125.18,50.03],[-125.13,50.2],[-125.31,50.31],[-125.13,50.2],[-125.13,50.34],[-125.18,50.42],[-124.91,50.59],[-124.91,50.76],[-124.87,50.56],[-125.05,50.48],[-125.05,50.31],[-125,50.34],[-124.96,50.37],[-124.69,50.37],[-124.52,50.42],[-124.43,50.45],[-124.52,50.42],[-124.69,50.37],[-124.69,50.31],[-124.65,50.28],[-124.74,50.03],[-124.43,49.77],[-124.12,49.77],[-123.95,49.92],[-123.99,49.97],[-123.81,50.11],[-123.99,49.97],[-123.95,49.92],[-123.9,49.75],[-123.86,49.69],[-123.86,49.66],[-123.64,49.66],[-123.86,49.66],[-123.86,49.69],[-123.9,49.75],[-124.08,49.75],[-123.86,49.46],[-123.55,49.38],[-123.46,49.46],[-123.46,49.49],[-123.24,49.66],[-123.24,49.4],[-123.16,49.32],[-123.02,49.29],[-123.16,49.32],[-123.2,49.09],[-123.11,49],[-123.02,49],[-122.76,49],[-121.09,49],[-120.04,49],[-118.41,49],[-117.05,49],[-115.25,49],[-113.71,49],[-112.04,49],[-110.37,49],[-108.13,49],[-107.12,49],[-105.23,49],[-103.6,49],[-101.36,49],[-100,49],[-98.64,49],[-97.54,49],[-96.27,49],[-95.17,49],[-95.17,49.38],[-94.82,49.32],[-94.68,48.77],[-94.47,48.68],[-94.03,48.66],[-93.81,48.51],[-93.45,48.54],[-93.24,48.66],[-92.97,48.63],[-92.49,48.45],[-92.4,48.25],[-92.05,48.36],[-91.7,48.1],[-91.26,48.07],[-91.08,48.19],[-90.82,48.25],[-90.77,48.1],[-90.07,48.1],[-89.9,47.98],[-89.63,48.01],[-89.32,48.13],[-89.19,48.31],[-89.24,48.42],[-88.53,48.63],[-88.53,48.8],[-88.31,48.8],[-88.36,48.54],[-88.31,48.57],[-88.09,48.8],[-88.09,48.74],[-88.09,48.8],[-88.23,48.92],[-87.7,48.92],[-87.48,48.8],[-87.22,48.74],[-86.38,48.74],[-86.16,48.39],[-86.16,48.28],[-85.94,48.01],[-85.77,47.92],[-84.84,47.95],[-85.02,47.57],[-84.62,47.36],[-84.8,47.03],[-84.76,46.94],[-84.49,46.91],[-84.54,46.82],[-84.4,46.49],[-84.27,46.49],[-84.23,46.52],[-84.18,46.52],[-84.14,46.52],[-84.14,46.37],[-84.14,46.31],[-84.1,46.25],[-84.01,46.13],[-83.79,46.16],[-83.57,46.28],[-83.22,46.19],[-82.34,46.19],[-82.16,46.1],[-81.72,46.07],[-81.59,45.98],[-81.55,45.98],[-81.5,45.98],[-81.2,45.94],[-80.76,45.88],[-80.41,45.52],[-80.19,45.33],[-80.19,45.24],[-79.83,44.9],[-80.14,44.77],[-79.97,44.68],[-80.1,44.46],[-80.45,44.55],[-81.24,44.96],[-81.33,45.21],[-81.59,45.24],[-81.28,44.8],[-81.28,44.58],[-81.59,44.33],[-81.72,44.08],[-81.72,43.35],[-82.03,43.22],[-82.21,43.03],[-82.43,43],[-82.47,42.9],[-82.47,42.81],[-82.47,42.71],[-82.51,42.68],[-82.51,42.61],[-82.56,42.58],[-82.6,42.55],[-82.43,42.48],[-82.43,42.35],[-82.65,42.29],[-82.91,42.35],[-82.95,42.35],[-83.09,42.29],[-83.13,42.25],[-83.13,42.12]],[[-127.11,52.61],[-127.02,52.64],[-126.98,52.69],[-126.98,52.82],[-127.02,52.85],[-126.98,52.82],[-126.98,52.69],[-127.02,52.64],[-127.11,52.61]]],[[[-73.11,46.13],[-72.8,46.13],[-72.63,46.28],[-72.5,46.34],[-72.23,46.43],[-71.88,46.67],[-72.23,46.55],[-72.28,46.43],[-72.5,46.34],[-72.63,46.28],[-72.85,46.28],[-73.02,46.13],[-73.02,46.16],[-73.11,46.13]]],[[[-69.9,48.22],[-69.99,48.25],[-70.12,48.25],[-70.21,48.28],[-70.34,48.36],[-70.78,48.36],[-70.52,48.36],[-70.21,48.28],[-70.12,48.25],[-69.99,48.25],[-69.9,48.22]]],[[[-125.44,50.45],[-125.31,50.45],[-125.26,50.45],[-125.31,50.45],[-125.35,50.51],[-125.44,50.45]]],[[[-127.42,51.06],[-127.33,51.03],[-126.93,51.06],[-126.85,51.06],[-126.76,51.09],[-126.85,51.06],[-126.89,51.09],[-126.98,51.12],[-127.02,51.09],[-127.33,51.03],[-127.42,51.06],[-127.55,51.12],[-127.42,51.06]]],[[[-76.36,56.48],[-76.5,56.24],[-76.1,56.09],[-75.97,56.19],[-76.23,56.29],[-76.19,56.41],[-76.36,56.48],[-76.41,56.53],[-76.36,56.48]]],[[[-77.46,59.48],[-77.46,59.5],[-77.46,59.53],[-77.64,59.53],[-77.46,59.48]]]]},"properties":{"ISO_A3":"CAN"}},
{"type":"Feature","geometry":{"type":"Polygon","coordinates":[[[7.03,45.91],[7.38,45.88],[7.51,45.98],[7.86,45.98],[8.13,46.1],[8.08,46.25],[8.48,46.43],[8.48,46.25],[8.96,45.85],[9.01,46.04],[9.27,46.25],[9.27,46.49],[9.66,46.31],[10.06,46.43],[10.1,46.61],[10.41,46.64],[10.46,46.85],[10.06,46.85],[9.84,47.03],[9.62,47.06],[9.49,47.15],[9.53,47.24],[9.66,47.36],[9.53,47.54],[9.27,47.66],[8.87,47.66],[8.7,47.72],[8.48,47.78],[8.35,47.57],[7.6,47.6],[7.47,47.48],[7.03,47.36],[6.72,47.03],[6.46,46.94],[6.46,46.79],[6.11,46.58],[6.06,46.43],[6.24,46.37],[6.5,46.46],[6.81,46.43],[6.9,46.13],[7.03,45.91]]]},"properties":{"ISO_A3":"CHE"}},
{"type":"Feature","geometry":{"type":"MultiPolygon","coordinates":[[[[-73.42,-42.19],[-73.42,-42.12],[-73.46,-42.16],[-73.42,-42.19]]],[[[-73.51,-42.48],[-73.64,-42.38],[-73.64,-42.42],[-73.6,-42.45],[-73.51,-42.48]]],[[[-73.6,-42.93],[-73.51,-42.93],[-73.55,-42.9],[-73.6,-42.93]]],[[[-74.3,-43.09],[-74.39,-43.29],[-74.08,-43.38],[-73.82,-43.32],[-73.73,-43.22],[-73.73,-43.19],[-73.73,-43.16],[-73.55,-43.03],[-73.6,-42.93],[-73.55,-42.9],[-73.46,-42.8],[-73.73,-42.64],[-73.77,-42.51],[-73.73,-42.48],[-73.77,-42.51],[-73.64,-42.45],[-73.64,-42.42],[-73.64,-42.38],[-73.46,-42.35],[-73.42,-42.19],[-73.46,-42.16],[-73.42,-42.12],[-73.55,-41.96],[-73.51,-41.8],[-73.77,-41.89],[-73.77,-41.93],[-73.77,-41.89],[-73.99,-41.86],[-74.03,-42.16],[-74.17,-42.22],[-74.12,-42.58],[-74.21,-43.03],[-74.3,-43.09]]],[[[-73.9,-43.89],[-73.77,-43.89],[-73.77,-43.83],[-73.9,-43.89]]],[[[-73.64,-44.14],[-73.6,-44.14],[-73.6,-44.05],[-73.6,-44.02],[-73.64,-44.14]]],[[[-73.82,-44.36],[-73.86,-44.24],[-73.9,-44.27],[-73.95,-44.27],[-73.99,-44.27],[-73.95,-44.33],[-73.91,-44.34],[-73.9,-44.34],[-73.82,-44.36]]],[[[-73.77,-44.39],[-73.64,-44.43],[-73.64,-44.36],[-73.68,-44.33],[-73.77,-44.39]]],[[[-74.08,-44.27],[-73.9,-44.46],[-73.77,-44.39],[-73.82,-44.36],[-73.9,-44.34],[-73.91,-44.34],[-73.95,-44.33],[-73.99,-44.27],[-73.95,-44.27],[-73.9,-44.27],[-73.86,-44.24],[-73.99,-44.14],[-73.95,-44.21],[-73.99,-44.14],[-74.12,-44.21],[-74.08,-44.27]]],[[[-74.03,-44.49],[-73.95,-44.49],[-74.03,-44.46],[-74.03,-44.49]]],[[[-73.6,-44.55],[-73.64,-44.49],[-73.82,-44.49],[-73.68,-44.52],[-73.6,-44.55]]],[[[-74.08,-44.49],[-73.9,-44.55],[-73.9,-44.52],[-73.95,-44.49],[-74.03,-44.49],[-74.08,-44.49]]],[[[-73.82,-44.58],[-73.73,-44.74],[-73.64,-44.74],[-73.6,-44.74],[-73.6,-44.55],[-73.68,-44.52],[-73.82,-44.58]]],[[[-73.9,-44.55],[-74.39,-44.61],[-74.3,-44.8],[-73.86,-44.71],[-73.9,-44.55]]],[[[-74.39,-44.89],[-74.34,-44.86],[-74.47,-44.61],[-74.65,-44.65],[-74.39,-44.89]]],[[[-73.38,-44.8],[-73.11,-44.93],[-72.85,-44.74],[-72.67,-44.52],[-72.72,-44.49],[-72.76,-44.46],[-72.85,-44.43],[-72.94,-44.49],[-73.07,-44.3],[-73.11,-44.33],[-73.07,-44.36],[-73.07,-44.43],[-73.02,-44.46],[-73.07,-44.43],[-73.16,-44.39],[-73.16,-44.55],[-73.24,-44.61],[-73.38,-44.58],[-73.38,-44.8]]],[[[-74.39,-44.89],[-74.3,-44.96],[-74.3,-44.89],[-74.39,-44.89]]],[[[-74.08,-45.36],[-74.03,-45.33],[-73.99,-45.36],[-73.82,-45.36],[-73.82,-45.24],[-73.68,-45.11],[-73.77,-45.02],[-73.9,-44.93],[-74.08,-44.86],[-74.3,-44.96],[-74.25,-45.08],[-74.03,-45.21],[-74.17,-45.27],[-74.08,-45.36]]],[[[-74.17,-45.27],[-74.3,-45.17],[-74.47,-45.36],[-74.21,-45.39],[-74.21,-45.36],[-74.17,-45.27]]],[[[-74.03,-45.42],[-73.82,-45.36],[-73.99,-45.36],[-74.03,-45.33],[-74.08,-45.36],[-74.03,-45.42]]],[[[-74.03,-45.42],[-74.08,-45.58],[-73.9,-45.58],[-74.03,-45.42]]],[[[-74.03,-45.73],[-73.9,-45.58],[-74.08,-45.58],[-74.03,-45.73]]],[[[-73.73,-45.76],[-73.55,-45.54],[-73.77,-45.51],[-73.73,-45.76]]],[[[-74.52,-45.76],[-74.52,-45.7],[-74.56,-45.73],[-74.52,-45.76]]],[[[-74.52,-45.58],[-74.56,-45.73],[-74.52,-45.67],[-74.52,-45.58]]],[[[-74.47,-45.73],[-74.34,-45.76],[-74.25,-45.7],[-74.25,-45.48],[-74.52,-45.45],[-74.52,-45.58],[-74.47,-45.61],[-74.47,-45.58],[-74.47,-45.61],[-74.43,-45.67],[-74.47,-45.67],[-74.52,-45.7],[-74.47,-45.73]]],[[[-74.25,-45.82],[-74.17,-45.82],[-74.25,-45.7],[-74.34,-45.76],[-74.25,-45.82]]],[[[-73.99,-45.94],[-74.03,-45.73],[-74.08,-45.82],[-74.03,-45.85],[-74.03,-45.88],[-73.99,-45.94]]],[[[-73.82,-46],[-73.64,-46.04],[-73.82,-45.76],[-73.9,-46],[-73.82,-45.97],[-73.79,-45.94],[-73.82,-45.97],[-73.82,-46]]],[[[-75.57,-46.82],[-75.4,-46.97],[-75.27,-46.85],[-75.48,-46.7],[-75.53,-46.76],[-75.57,-46.82]]],[[[-74.46,-47.73],[-74.43,-47.72],[-74.43,-47.69],[-74.46,-47.73]]],[[[-74.52,-47.75],[-74.47,-47.75],[-74.46,-47.73],[-74.52,-47.75]]],[[[-74.52,-47.78],[-74.52,-47.75],[-74.43,-47.69],[-74.47,-47.69],[-74.39,-47.66],[-74.61,-47.57],[-74.69,-47.69],[-74.52,-47.78]]],[[[-75.22,-47.78],[-75.05,-47.75],[-75.27,-47.75],[-75.22,-47.78]]],[[[-74.34,-47.78],[-74.47,-47.89],[-74.3,-47.95],[-73.77,-47.92],[-73.73,-47.86],[-73.86,-47.83],[-73.95,-47.81],[-74.03,-47.81],[-74.08,-47.81],[-74.17,-47.78],[-74.25,-47.78],[-74.34,-47.81],[-74.34,-47.78]]],[[[-73.73,-47.86],[-73.64,-47.95],[-73.64,-47.89],[-73.73,-47.86]]],[[[-74.32,-48.25],[-74.3,-48.22],[-74.34,-48.22],[-74.32,-48.25]]],[[[-75.09,-48.01],[-75.09,-48.33],[-74.78,-48.33],[-74.65,-48.42],[-74.61,-48.42],[-74.74,-48.22],[-74.91,-48.1],[-74.78,-48.01],[-74.87,-47.98],[-74.78,-48.01],[-74.78,-47.92],[-74.74,-47.89],[-74.91,-47.83],[-75,-47.86],[-75,-47.83],[-75.18,-47.89],[-75.16,-48.03],[-75.09,-48.01]]],[[[-74.39,-48.39],[-74.25,-48.47],[-74.3,-48.42],[-74.39,-48.39]]],[[[-75,-49.23],[-75,-49.2],[-75.05,-49.2],[-75,-49.23]]],[[[-75.44,-49.03],[-75.18,-49.06],[-75.09,-48.97],[-75.05,-48.91],[-75.05,-48.83],[-75,-48.71],[-75,-48.48],[-75.22,-48.22],[-75.22,-48.1],[-75.44,-48.01],[-75.48,-48.42],[-75.57,-48.6],[-75.48,-48.68],[-75.44,-48.67],[-75.48,-48.68],[-75.48,-48.77],[-75.35,-48.71],[-75.31,-48.8],[-75.27,-48.81],[-75.31,-48.8],[-75.44,-48.8],[-75.48,-48.77],[-75.48,-48.94],[-75.44,-49.03],[-75.4,-49],[-75.35,-48.97],[-75.31,-48.94],[-75.35,-48.97],[-75.4,-49],[-75.44,-49.03]]],[[[-75.31,-49.6],[-75.27,-49.55],[-75.31,-49.55],[-75.31,-49.6]]],[[[-75.31,-49.6],[-75.57,-49.72],[-75.31,-49.86],[-75.27,-49.66],[-75.27,-49.63],[-75.31,-49.6]]],[[[-75.35,-50.03],[-75.31,-50.03],[-75.27,-50],[-75.35,-50.03]]],[[[-75.22,-50.25],[-75.27,-50.2],[-75.27,-50.23],[-75.22,-50.25]]],[[[-75.31,-50.37],[-75.27,-50.34],[-75.31,-50.34],[-75.31,-50.37]]],[[[-75.27,-50.34],[-75.09,-50.42],[-74.96,-50.37],[-74.91,-50.23],[-74.91,-50.25],[-74.91,-50.23],[-74.96,-50.06],[-75.27,-50.03],[-75.31,-50.03],[-75.35,-50.03],[-75.22,-50.25],[-75.27,-50.23],[-75.27,-50.2],[-75.4,-50.37],[-75.35,-50.37],[-75.31,-50.34],[-75.27,-50.34]]],[[[-74.61,-50.45],[-74.68,-50.48],[-74.67,-50.48],[-74.61,-50.45]]],[[[-75.4,-50.78],[-75.27,-50.78],[-75.18,-50.56],[-75.48,-50.51],[-75.4,-50.78]]],[[[-74.12,-50.81],[-74.12,-50.78],[-74.17,-50.78],[-74.12,-50.81]]],[[[-74.12,-50.84],[-74.08,-50.81],[-74.12,-50.81],[-74.12,-50.84]]],[[[-74.47,-50.76],[-74.21,-50.81],[-74.12,-50.84],[-74.17,-50.78],[-74.21,-50.7],[-74.34,-50.56],[-74.61,-50.45],[-74.67,-50.48],[-74.68,-50.48],[-74.61,-50.51],[-74.47,-50.53],[-74.61,-50.65],[-74.47,-50.76]]],[[[-74.69,-51.12],[-74.61,-51.09],[-74.61,-51.06],[-74.52,-51.03],[-74.47,-51.01],[-74.47,-51.06],[-74.39,-51.09],[-74.34,-50.98],[-74.47,-50.76],[-74.65,-50.9],[-74.74,-50.7],[-74.91,-50.7],[-74.96,-50.76],[-74.91,-50.87],[-74.87,-50.87],[-74.91,-50.87],[-74.96,-50.95],[-74.96,-51.01],[-74.87,-51.03],[-74.83,-51.01],[-74.87,-50.98],[-74.83,-51.01],[-74.87,-51.03],[-74.69,-51.01],[-74.69,-51.12]]],[[[-74.65,-51.2],[-74.56,-51.17],[-74.61,-51.09],[-74.69,-51.12],[-74.74,-51.17],[-74.65,-51.2]]],[[[-74.78,-51.2],[-74.74,-51.2],[-74.74,-51.17],[-74.78,-51.2]]],[[[-74.56,-51.17],[-74.39,-51.09],[-74.47,-51.06],[-74.52,-51.03],[-74.61,-51.06],[-74.56,-51.17]]],[[[-73.92,-51.31],[-73.9,-51.31],[-73.95,-51.28],[-73.92,-51.31]]],[[[-74.91,-51.23],[-75,-51.31],[-74.96,-51.31],[-74.91,-51.28],[-74.87,-51.25],[-74.87,-51.23],[-74.91,-51.23]]],[[[-73.9,-51.31],[-73.73,-51.36],[-73.73,-51.31],[-73.73,-51.28],[-73.9,-51.31]]],[[[-74.69,-51.36],[-74.65,-51.34],[-74.69,-51.34],[-74.69,-51.36]]],[[[-74.12,-51.31],[-73.92,-51.31],[-73.95,-51.28],[-74.12,-51.31]]],[[[-74.21,-51.39],[-74.17,-51.36],[-74.12,-51.31],[-74.21,-51.39]]],[[[-75,-51.31],[-75.05,-51.42],[-75,-51.42],[-75.05,-51.42],[-74.96,-51.47],[-74.69,-51.36],[-74.69,-51.34],[-74.65,-51.34],[-74.56,-51.28],[-74.65,-51.2],[-74.74,-51.2],[-74.78,-51.2],[-74.91,-51.23],[-74.87,-51.23],[-74.87,-51.25],[-74.91,-51.28],[-74.96,-51.31],[-75,-51.31]]],[[[-74.03,-51.83],[-74.12,-51.58],[-74.12,-51.77],[-74.08,-51.8],[-74.03,-51.83]],[[-74.12,-51.77],[-74.03,-51.83],[-74.08,-51.8],[-74.12,-51.77]]],[[[-74.65,-51.94],[-74.52,-51.91],[-74.56,-51.86],[-74.65,-51.94]]],[[[-74.43,-52.02],[-74.34,-52.04],[-74.39,-52.02],[-74.43,-52.02]]],[[[-74.56,-52.1],[-74.43,-52.02],[-74.52,-52.04],[-74.56,-52.1]]],[[[-74.61,-52.13],[-74.56,-52.13],[-74.56,-52.1],[-74.61,-52.13]]],[[[-74.83,-52.02],[-74.65,-52.1],[-74.52,-52.04],[-74.52,-51.94],[-74.65,-51.94],[-74.65,-51.86],[-74.69,-51.77],[-74.96,-51.83],[-75.05,-51.99],[-74.83,-52.02]]],[[[-73.73,-52.21],[-73.64,-52.18],[-73.68,-52.13],[-74.17,-51.83],[-74.47,-51.72],[-74.43,-51.86],[-73.95,-52.1],[-73.73,-52.21]]],[[[-74.61,-52.34],[-74.56,-52.34],[-74.56,-52.31],[-74.61,-52.31],[-74.61,-52.34]]],[[[-74.83,-52.29],[-74.65,-52.34],[-74.61,-52.31],[-74.56,-52.31],[-74.78,-52.23],[-74.87,-52.26],[-74.83,-52.29]]],[[[-73.33,-52.72],[-73.33,-52.69],[-73.35,-52.7],[-73.33,-52.72]]],[[[-74.03,-52.61],[-73.73,-52.66],[-73.77,-52.26],[-73.95,-52.18],[-73.99,-52.13],[-74.03,-52.13],[-74.06,-52.15],[-74.08,-52.18],[-74.06,-52.15],[-74.03,-52.13],[-74.25,-52.1],[-74.3,-52.1],[-74.39,-52.15],[-74.39,-52.18],[-74.32,-52.22],[-74.3,-52.26],[-74.21,-52.23],[-74.17,-52.42],[-73.9,-52.31],[-74.03,-52.23],[-74.07,-52.23],[-74.1,-52.22],[-74.07,-52.23],[-74.03,-52.23],[-73.9,-52.31],[-73.82,-52.34],[-73.86,-52.39],[-73.86,-52.47],[-73.86,-52.39],[-74.03,-52.61]]],[[[-73.46,-52.95],[-73.33,-52.93],[-73.38,-52.9],[-73.42,-52.87],[-73.46,-52.87],[-73.73,-52.93],[-73.55,-52.93],[-73.51,-52.93],[-73.49,-52.94],[-73.46,-52.95]]],[[[-73.55,-52.93],[-73.46,-52.95],[-73.49,-52.94],[-73.51,-52.93],[-73.55,-52.93]]],[[[-74.21,-53.14],[-74.17,-53.13],[-74.18,-53.12],[-74.21,-53.14]]],[[[-73.6,-53.3],[-73.16,-53.38],[-73.42,-53.17],[-73.64,-53.14],[-74.08,-52.95],[-74.52,-52.95],[-74.43,-52.98],[-74.3,-53.14],[-74.25,-53.14],[-74.21,-53.14],[-74.18,-53.12],[-74.17,-53.13],[-73.95,-53.19],[-73.9,-53.11],[-73.86,-53.11],[-73.68,-53.19],[-73.6,-53.3]]],[[[-73.51,-53.48],[-73.46,-53.48],[-73.38,-53.45],[-73.64,-53.4],[-73.51,-53.48]]],[[[-73.51,-53.61],[-73.38,-53.53],[-73.42,-53.48],[-73.46,-53.48],[-73.51,-53.48],[-73.73,-53.45],[-73.73,-53.53],[-73.64,-53.56],[-73.51,-53.61]]],[[[-72.98,-53.71],[-73.02,-53.79],[-72.94,-53.77],[-72.89,-53.74],[-72.98,-53.71]]],[[[-72.41,-53.51],[-72.1,-53.69],[-71.66,-53.82],[-71.22,-53.9],[-70.96,-53.79],[-70.92,-53.53],[-70.96,-53.22],[-70.87,-53.17],[-70.78,-52.74],[-70.48,-52.72],[-69.86,-52.5],[-69.69,-52.53],[-69.47,-52.39],[-69.47,-52.26],[-69.07,-52.21],[-68.89,-52.31],[-68.5,-52.34],[-68.85,-52.29],[-69.2,-52.15],[-69.47,-52.15],[-69.99,-51.99],[-71.93,-51.99],[-72.01,-51.83],[-72.32,-51.64],[-72.28,-51.23],[-72.28,-50.67],[-72.8,-50.62],[-72.98,-50.76],[-73.42,-50.48],[-73.55,-50.28],[-73.55,-49.94],[-73.46,-49.83],[-73.55,-49.52],[-73.46,-49.49],[-73.46,-49.2],[-73.16,-49.26],[-72.94,-48.94],[-72.54,-48.8],[-72.54,-48.51],[-72.23,-48.3],[-72.5,-47.75],[-72.32,-47.6],[-72.32,-47.48],[-72.15,-47.33],[-71.88,-47.24],[-71.93,-46.79],[-71.66,-46.7],[-71.75,-46.34],[-71.75,-46.13],[-71.62,-45.91],[-71.75,-45.85],[-71.75,-45.54],[-71.49,-45.51],[-71.31,-45.3],[-71.62,-44.96],[-71.93,-44.96],[-72.01,-44.8],[-71.62,-44.77],[-71.22,-44.8],[-71.22,-44.43],[-71.35,-44.39],[-71.79,-44.39],[-71.84,-44.17],[-71.66,-43.99],[-71.75,-43.76],[-71.57,-43.67],[-71.84,-43.51],[-71.75,-43.32],[-71.84,-43.16],[-72.1,-42.97],[-72.15,-42.67],[-72.01,-42.51],[-72.15,-42.38],[-72.15,-42.19],[-71.93,-42.19],[-71.79,-41.99],[-71.88,-41.27],[-71.84,-40.97],[-71.97,-40.71],[-71.84,-40.64],[-71.84,-40.41],[-71.66,-40.31],[-71.84,-40.21],[-71.66,-40.1],[-71.62,-39.63],[-71.4,-39.36],[-71.44,-38.92],[-71.27,-38.82],[-71,-38.78],[-70.83,-38.61],[-71,-38.4],[-71,-38.06],[-71.13,-37.89],[-71.13,-36.77],[-71.09,-36.7],[-71.05,-36.49],[-70.7,-36.41],[-70.7,-36.27],[-70.43,-36.17],[-70.39,-35.49],[-70.52,-35.2],[-70.26,-34.81],[-70.21,-34.59],[-70.04,-34.45],[-70.04,-34.3],[-69.82,-34.26],[-69.9,-33.94],[-69.9,-33.68],[-69.82,-33.5],[-70.08,-33.2],[-69.99,-32.95],[-70.12,-32.8],[-70.12,-32.5],[-70.26,-32.43],[-70.34,-32.06],[-70.21,-31.95],[-70.48,-31.8],[-70.56,-31.61],[-70.52,-31.16],[-70.34,-31.16],[-70.34,-30.93],[-70.26,-30.82],[-70.26,-30.59],[-70.12,-30.37],[-69.9,-30.33],[-69.82,-30.14],[-69.9,-30.02],[-69.95,-29.64],[-69.95,-29.18],[-69.77,-29.15],[-69.77,-28.88],[-69.69,-28.8],[-69.69,-28.45],[-69.51,-28.34],[-69.47,-28.18],[-69.33,-28.18],[-69.11,-27.91],[-69.07,-27.64],[-68.98,-27.6],[-68.81,-27.09],[-68.5,-27.13],[-68.28,-26.86],[-68.37,-26.82],[-68.59,-26.5],[-68.59,-26.31],[-68.37,-26.19],[-68.41,-25.95],[-68.59,-25.44],[-68.41,-25.04],[-68.54,-24.84],[-68.5,-24.6],[-68.24,-24.4],[-67.31,-24.04],[-67.05,-23.24],[-67,-22.99],[-67.18,-22.83],[-67.58,-22.91],[-67.88,-22.83],[-67.88,-22.39],[-67.93,-22.1],[-68.06,-21.98],[-68.06,-21.73],[-68.19,-21.61],[-68.19,-21.28],[-68.28,-21.08],[-68.54,-20.92],[-68.54,-20.71],[-68.45,-20.63],[-68.72,-20.46],[-68.67,-20.3],[-68.72,-20.13],[-68.54,-20.01],[-68.54,-19.84],[-68.67,-19.76],[-68.45,-19.43],[-68.94,-18.97],[-69.03,-18.64],[-69.03,-18.31],[-69.16,-18.18],[-69.07,-18.06],[-69.29,-17.97],[-69.33,-17.72],[-69.47,-17.51],[-69.6,-17.64],[-69.82,-17.64],[-69.77,-18.06],[-69.95,-18.27],[-70.39,-18.35],[-70.34,-18.48],[-70.34,-18.89],[-70.3,-18.93],[-70.3,-19.31],[-70.21,-19.39],[-70.17,-19.84],[-70.12,-19.89],[-70.17,-20.18],[-70.21,-20.79],[-70.08,-21.2],[-70.08,-21.53],[-70.17,-21.65],[-70.12,-21.82],[-70.21,-22.02],[-70.3,-22.59],[-70.3,-22.95],[-70.61,-23.24],[-70.61,-23.52],[-70.43,-23.48],[-70.39,-23.68],[-70.52,-23.8],[-70.52,-24.32],[-70.56,-24.36],[-70.56,-24.84],[-70.48,-24.96],[-70.43,-25.36],[-70.65,-25.56],[-70.7,-25.68],[-70.65,-25.95],[-70.65,-26.39],[-70.78,-26.94],[-70.96,-27.37],[-70.87,-27.48],[-70.92,-27.64],[-71.05,-27.68],[-71.18,-28.1],[-71.18,-28.41],[-71.31,-28.57],[-71.31,-28.72],[-71.53,-28.92],[-71.49,-29.22],[-71.31,-29.34],[-71.31,-29.72],[-71.27,-29.95],[-71.35,-30.14],[-71.62,-30.29],[-71.71,-30.48],[-71.71,-30.86],[-71.66,-31.23],[-71.57,-31.46],[-71.49,-31.95],[-71.53,-32.24],[-71.44,-32.36],[-71.44,-32.69],[-71.66,-33.02],[-71.62,-33.64],[-71.79,-33.75],[-71.88,-34.01],[-72.01,-34.12],[-71.97,-34.37],[-72.06,-34.45],[-72.06,-34.73],[-72.19,-34.88],[-72.19,-35.13],[-72.37,-35.2],[-72.63,-35.56],[-72.58,-35.81],[-72.8,-35.99],[-72.8,-36.27],[-72.98,-36.52],[-72.98,-36.73],[-73.11,-36.73],[-73.16,-36.84],[-73.16,-37.15],[-73.38,-37.26],[-73.64,-37.19],[-73.68,-37.33],[-73.6,-37.54],[-73.68,-37.64],[-73.46,-37.99],[-73.51,-38.23],[-73.51,-38.64],[-73.24,-39.16],[-73.2,-39.43],[-73.42,-39.87],[-73.38,-39.9],[-73.29,-39.94],[-73.38,-39.9],[-73.42,-39.87],[-73.6,-39.97],[-73.77,-40.31],[-73.77,-40.51],[-73.86,-40.74],[-73.86,-40.94],[-73.95,-41.07],[-73.82,-41.34],[-73.77,-41.57],[-73.6,-41.6],[-73.68,-41.73],[-73.51,-41.8],[-73.07,-41.73],[-73.02,-41.57],[-72.8,-41.5],[-72.63,-41.73],[-72.85,-41.93],[-72.54,-42.06],[-72.5,-42.06],[-72.58,-42.19],[-72.8,-42.29],[-72.58,-42.55],[-72.8,-42.51],[-72.89,-43.06],[-72.89,-43.25],[-73.07,-43.32],[-73.07,-43.73],[-72.85,-43.76],[-72.98,-43.8],[-73.11,-43.95],[-73.11,-43.99],[-73.16,-44.27],[-72.98,-44.27],[-72.85,-44.43],[-72.76,-44.46],[-72.72,-44.49],[-72.67,-44.52],[-72.8,-44.8],[-73.11,-44.93],[-73.33,-44.96],[-73.38,-45.08],[-73.46,-45.27],[-73.33,-45.3],[-73.16,-45.3],[-72.85,-45.45],[-73.16,-45.3],[-73.51,-45.45],[-73.51,-45.64],[-73.64,-46.04],[-73.42,-46.07],[-73.55,-46.28],[-73.73,-46.22],[-73.82,-46.16],[-73.73,-46.22],[-73.64,-46.1],[-73.82,-46],[-73.9,-46],[-73.95,-46.13],[-74.03,-46.19],[-73.95,-46.13],[-73.99,-45.94],[-73.99,-45.97],[-74.08,-46],[-73.99,-45.97],[-74.08,-45.91],[-74.03,-45.85],[-74.08,-45.82],[-74.17,-45.82],[-74.25,-45.82],[-74.78,-45.82],[-74.96,-45.88],[-75.09,-45.94],[-75,-46.13],[-74.74,-46.04],[-74.91,-46.25],[-75.09,-46.34],[-75.13,-46.34],[-75.31,-46.4],[-75.44,-46.58],[-75.62,-46.61],[-75.57,-46.82],[-75.53,-46.76],[-75.48,-46.7],[-75,-46.55],[-75.05,-46.64],[-74.83,-46.79],[-74.61,-46.85],[-74.25,-46.76],[-74.25,-46.79],[-74.08,-46.97],[-74.17,-47.12],[-74.08,-47.18],[-74.17,-47.18],[-74.21,-47.18],[-74.18,-47.22],[-74.17,-47.24],[-74.18,-47.22],[-74.21,-47.18],[-74.34,-47.24],[-74.43,-47.45],[-74.25,-47.6],[-74.39,-47.66],[-74.43,-47.69],[-74.43,-47.72],[-74.47,-47.75],[-74.52,-47.78],[-74.34,-47.78],[-74.25,-47.78],[-74.21,-47.75],[-74.17,-47.78],[-74.08,-47.81],[-74.03,-47.81],[-73.95,-47.81],[-73.86,-47.83],[-73.68,-47.75],[-73.55,-47.86],[-73.51,-47.89],[-73.55,-47.86],[-73.6,-47.86],[-73.64,-47.89],[-73.64,-47.95],[-73.33,-48.19],[-73.51,-48.22],[-73.55,-48.1],[-73.73,-48.1],[-74.08,-47.95],[-74.25,-48.04],[-74.23,-48.1],[-74.21,-48.13],[-74.17,-48.19],[-74.21,-48.13],[-74.23,-48.1],[-74.25,-48.04],[-74.47,-47.92],[-74.56,-48.25],[-74.43,-48.33],[-74.39,-48.33],[-74.43,-48.33],[-74.39,-48.39],[-74.3,-48.42],[-74.25,-48.47],[-74.21,-48.48],[-74.17,-48.45],[-74.08,-48.48],[-74.21,-48.48],[-74.34,-48.6],[-74.08,-48.71],[-74.39,-48.77],[-74.41,-48.97],[-74.43,-49],[-74.41,-48.97],[-74.47,-48.68],[-74.74,-48.71],[-74.83,-48.68],[-74.47,-48.68],[-74.61,-48.42],[-74.65,-48.42],[-74.96,-48.48],[-74.96,-48.65],[-75,-48.71],[-74.87,-48.97],[-74.91,-49],[-75.09,-48.97],[-75.18,-49.06],[-75,-49.2],[-75,-49.23],[-75.05,-49.2],[-75.18,-49.26],[-75.22,-49.4],[-75.31,-49.55],[-75.27,-49.55],[-75.31,-49.6],[-75.27,-49.63],[-75.27,-49.66],[-75.13,-49.83],[-74.96,-49.72],[-74.96,-49.55],[-74.87,-50],[-74.65,-50.06],[-74.39,-49.86],[-74.3,-49.46],[-74.34,-49.43],[-74.39,-49.35],[-74.39,-49.09],[-74.39,-49.35],[-74.34,-49.43],[-74.3,-49.46],[-74.08,-49.26],[-73.9,-49.32],[-73.82,-49.66],[-73.9,-49.55],[-74.21,-49.57],[-74.34,-49.8],[-74.25,-49.92],[-74.01,-49.97],[-73.99,-49.94],[-74.01,-49.97],[-74.34,-49.94],[-74.17,-50.23],[-74.03,-50.23],[-74.17,-50.23],[-74.43,-50.03],[-74.61,-50.08],[-74.69,-50.23],[-74.56,-50.25],[-74.47,-50.37],[-74.36,-50.38],[-74.3,-50.31],[-74.34,-50.39],[-74.12,-50.42],[-74.08,-50.39],[-74.12,-50.42],[-74.25,-50.48],[-74.12,-50.76],[-74.12,-50.78],[-74.08,-50.81],[-73.86,-50.81],[-74.17,-50.87],[-74.17,-51.06],[-74.12,-51.14],[-73.77,-51.2],[-73.73,-51.28],[-73.73,-51.31],[-73.73,-51.36],[-73.64,-51.56],[-73.95,-51.42],[-73.82,-51.72],[-73.86,-51.75],[-73.64,-51.8],[-73.73,-52.02],[-73.68,-52.13],[-73.64,-52.18],[-73.64,-52.45],[-73.55,-52.56],[-73.64,-52.58],[-73.64,-52.74],[-73.38,-52.74],[-73.35,-52.7],[-73.33,-52.69],[-73.33,-52.66],[-73.33,-52.64],[-73.33,-52.66],[-73.24,-52.69],[-73.13,-52.61],[-73.11,-52.58],[-73.13,-52.61],[-73.24,-52.69],[-73.46,-52.87],[-73.42,-52.87],[-73.38,-52.9],[-73.33,-52.93],[-73.24,-52.93],[-73.2,-53.06],[-72.94,-53.03],[-72.72,-53.17],[-73.24,-53.19],[-72.58,-53.53],[-72.41,-53.51],[-72.5,-53.4],[-72.63,-53.38],[-72.41,-53.24],[-72.45,-53.24],[-72.41,-53.24],[-72.19,-53.11],[-71.57,-52.9],[-71.4,-52.77],[-71.13,-52.82],[-71.27,-53.06],[-71.75,-53.22],[-71.75,-53.43],[-71.79,-53.48],[-71.75,-53.43],[-71.84,-53.24],[-72.28,-53.24],[-72.5,-53.4],[-72.41,-53.51]]],[[[-72.98,-52.93],[-72.94,-52.9],[-73.02,-52.87],[-72.67,-52.72],[-72.58,-52.77],[-72.67,-52.85],[-72.37,-52.77],[-72.19,-52.66],[-71.79,-52.72],[-71.57,-52.56],[-72.37,-52.56],[-72.5,-52.56],[-72.85,-52.61],[-72.67,-52.69],[-73.02,-52.87],[-72.94,-52.9],[-72.98,-52.93]]],[[[-72.89,-52.47],[-72.63,-52.39],[-72.5,-52.26],[-72.54,-52.13],[-72.67,-52.04],[-72.54,-51.94],[-72.58,-51.69],[-72.89,-51.56],[-72.98,-51.5],[-73.11,-51.45],[-73.02,-51.53],[-72.98,-51.5],[-72.89,-51.56],[-72.58,-51.69],[-72.67,-51.83],[-73.02,-51.72],[-73.07,-51.71],[-73.11,-51.69],[-73.24,-51.61],[-73.11,-51.69],[-73.07,-51.71],[-73.02,-51.72],[-73.02,-51.83],[-73.07,-51.86],[-73.02,-51.83],[-73.16,-52.1],[-73.11,-52.09],[-73.07,-52.07],[-72.98,-52.07],[-72.94,-52.21],[-72.94,-52.07],[-72.89,-51.96],[-72.58,-52.15],[-72.63,-52.39],[-72.89,-52.47]]],[[[-74.32,-48.25],[-74.3,-48.22],[-74.34,-48.22],[-74.32,-48.25]]],[[[-72.85,-54.03],[-72.58,-54.1],[-72.37,-54.05],[-72.23,-53.87],[-72.19,-53.84],[-72.23,-53.82],[-72.5,-53.66],[-72.85,-53.58],[-72.98,-53.4],[-73.16,-53.38],[-73.11,-53.51],[-73.24,-53.48],[-73.38,-53.45],[-73.42,-53.48],[-73.38,-53.53],[-73.29,-53.58],[-72.98,-53.71],[-72.89,-53.74],[-72.94,-53.77],[-73.02,-53.79],[-73.29,-53.87],[-72.85,-53.84],[-72.85,-53.95],[-72.85,-54.03]]],[[[-70.48,-54.23],[-70.48,-54.05],[-70.34,-54.03],[-70.48,-53.74],[-70.87,-53.87],[-70.83,-54.13],[-70.74,-54.18],[-70.65,-54.21],[-70.48,-54.23]]],[[[-71.53,-54.28],[-71.4,-54.26],[-71.49,-54.23],[-71.53,-54.28]]],[[[-72.01,-54.23],[-71.75,-54.28],[-71.71,-54.15],[-71.62,-54.08],[-71.66,-53.97],[-71.84,-53.95],[-72.1,-53.92],[-72.19,-53.84],[-72.23,-53.87],[-72.28,-54],[-72.01,-54.23]]],[[[-71.18,-54.39],[-71.05,-54.36],[-70.96,-54.23],[-71.22,-54.08],[-71.27,-54.03],[-71.53,-53.95],[-71.66,-53.97],[-71.62,-54.08],[-71.71,-54.15],[-71.62,-54.23],[-71.53,-54.28],[-71.49,-54.23],[-71.4,-54.26],[-71.18,-54.39]]],[[[-71.62,-54.46],[-71.62,-54.41],[-71.66,-54.44],[-71.62,-54.46]]],[[[-70.7,-54.84],[-70.39,-54.89],[-70.39,-54.84],[-70.61,-54.82],[-70.7,-54.84]]],[[[-69.16,-54.94],[-68.94,-54.97],[-68.59,-54.89],[-68.59,-53.35],[-68.59,-53.03],[-68.59,-52.66],[-68.67,-52.61],[-69.2,-52.69],[-69.42,-52.45],[-69.6,-52.56],[-69.73,-52.77],[-70.26,-52.87],[-70.43,-53.01],[-70.48,-53.3],[-70.3,-53.45],[-69.69,-53.35],[-69.38,-53.35],[-69.29,-53.48],[-69.64,-53.64],[-70.17,-53.77],[-70.04,-54.08],[-69.07,-54.41],[-69.38,-54.64],[-69.2,-54.49],[-69.86,-54.28],[-69.73,-54.51],[-69.82,-54.46],[-70.08,-54.26],[-70.26,-54.36],[-70.65,-54.21],[-70.74,-54.18],[-70.83,-54.13],[-70.83,-54.28],[-70.56,-54.28],[-70.52,-54.39],[-70.21,-54.51],[-70.43,-54.49],[-70.61,-54.33],[-70.87,-54.33],[-71.13,-54.44],[-71.53,-54.39],[-71.62,-54.41],[-71.62,-54.46],[-71.66,-54.44],[-71.84,-54.46],[-71.71,-54.49],[-71.71,-54.51],[-71.75,-54.54],[-71.79,-54.51],[-71.84,-54.46],[-72.01,-54.51],[-71.97,-54.59],[-71.79,-54.64],[-71.49,-54.69],[-71.05,-54.64],[-70.83,-54.77],[-70.56,-54.72],[-70.83,-54.77],[-70.7,-54.84],[-70.61,-54.82],[-70.39,-54.84],[-70.34,-54.82],[-70.32,-54.79],[-70.3,-54.77],[-70.26,-54.74],[-70.3,-54.77],[-70.32,-54.79],[-70.34,-54.82],[-70.08,-54.84],[-69.69,-54.79],[-69.69,-54.74],[-69.69,-54.79],[-69.51,-54.89],[-69.16,-54.94]]],[[[-71.4,-54.94],[-70.96,-54.94],[-71.13,-54.82],[-71.4,-54.94]]],[[[-70.48,-54.97],[-70.34,-54.99],[-70.39,-54.94],[-70.48,-54.97]]],[[[-70.61,-55.05],[-70.52,-55.02],[-70.56,-54.99],[-70.61,-55.05]]],[[[-70.96,-54.94],[-70.48,-55.2],[-70.52,-55.02],[-70.61,-55.05],[-70.56,-54.99],[-70.48,-54.97],[-70.39,-54.94],[-70.39,-54.89],[-70.65,-54.99],[-70.96,-54.94]]],[[[-68.89,-55.27],[-68.85,-55.25],[-68.89,-55.25],[-68.89,-55.27]]],[[[-67.84,-55.22],[-67.22,-55.32],[-67.05,-55.1],[-67.22,-54.94],[-67.53,-54.92],[-68.19,-54.89],[-68.28,-54.99],[-68.15,-55.2],[-67.97,-55.22],[-67.84,-55.22]]],[[[-68.94,-55.37],[-68.89,-55.27],[-68.94,-55.35],[-68.94,-55.37]]],[[[-68.59,-55.52],[-68.02,-55.57],[-68.32,-55.35],[-68.59,-55.32],[-68.24,-55.22],[-68.63,-55.17],[-68.5,-55.12],[-68.41,-54.94],[-68.81,-54.99],[-69.16,-54.94],[-69.47,-54.92],[-69.73,-54.94],[-69.9,-54.94],[-69.95,-54.97],[-69.99,-55.05],[-69.95,-55.07],[-69.86,-55.07],[-69.9,-55.27],[-69.47,-55.45],[-69.33,-55.52],[-69.16,-55.5],[-69.25,-55.3],[-69.33,-55.27],[-69.38,-55.28],[-69.33,-55.27],[-69.07,-55.25],[-69.03,-55.3],[-68.89,-55.25],[-68.85,-55.25],[-68.94,-55.37],[-68.94,-55.42],[-68.88,-55.4],[-68.94,-55.42],[-68.94,-55.45],[-68.72,-55.47],[-68.59,-55.52]]],[[[-67.58,-55.67],[-67.31,-55.79],[-67.27,-55.79],[-67.4,-55.69],[-67.58,-55.67]]]]},"properties":{"ISO_A3":"CHL"}},
{"type":"Feature","geometry":{"type":"Polygon","coordinates":[[[113.53,22.22],[113.53,22.14],[113.57,22.1],[113.57,22.14],[113.57,22.18],[113.53,22.22]]]},"properties":{"ISO_A3":"MAC"}},
{"type":"Feature","geometry":{"type":"MultiPolygon","coordinates":[[[[114.15,22.31],[114.28,22.27],[114.19,22.31],[114.15,22.31]]],[[[114.28,22.31],[114.37,22.43],[114.28,22.55],[114.23,22.55],[114.19,22.55],[114.15,22.55],[114.1,22.55],[114.01,22.51],[113.97,22.47],[113.93,22.43],[113.84,22.22],[114.01,22.22],[114.15,22.31],[114.19,22.31],[114.28,22.31]]]]},"properties":{"ISO_A3":"HKG"}},
{"type":"Feature","geometry":{"type":"MultiPolygon","coordinates":[[[[120.52,40.26],[120.51,40.28],[120.51,40.27],[120.52,40.26]]],[[[121.83,31.44],[121.9,31.59],[121.69,31.64],[121.36,31.84],[121.16,31.79],[121.35,31.64],[121.83,31.44]]],[[[122.21,29.97],[122.29,30.1],[121.95,30.18],[122.07,29.99],[122.09,29.99],[122.14,29.98],[122.18,29.98],[122.2,29.97],[122.21,29.97]]],[[[117.81,24.47],[117.91,24.44],[117.87,24.48],[117.85,24.48],[117.81,24.47]]],[[[114.94,22.71],[114.94,22.72],[114.93,22.73],[114.94,22.71]]],[[[113.61,22.53],[113.61,22.54],[113.6,22.53],[113.61,22.53]]],[[[110.27,21.04],[110.27,21.05],[110.27,21.07],[110.26,21.05],[110.27,21.04]]],[[[106.15,23],[106.29,22.87],[106.51,22.95],[106.84,22.81],[106.71,22.58],[106.61,22.6],[106.56,22.45],[106.56,22.35],[106.69,22.28],[106.68,21.99],[107.02,21.94],[107.06,21.89],[107,21.83],[107.36,21.6],[107.46,21.66],[107.52,21.59],[107.82,21.66],[107.95,21.54],[108.22,21.5],[108.34,21.69],[109.13,21.58],[109.16,21.4],[109.67,21.5],[109.77,21.21],[109.68,21.12],[109.67,20.87],[109.82,20.71],[109.74,20.63],[109.99,20.29],[110.18,20.24],[110.4,20.3],[110.53,20.47],[110.38,20.82],[110.21,20.83],[110.26,21.05],[110.27,21.07],[110.31,21.11],[110.27,21.05],[110.27,21.04],[110.53,20.93],[110.55,21.07],[110.31,21.11],[110.47,21.2],[110.57,21.21],[110.62,21.37],[110.89,21.39],[111.27,21.5],[111.65,21.52],[111.8,21.69],[112.18,21.81],[112.26,21.7],[112.4,21.74],[112.43,21.92],[112.57,21.75],[112.79,21.95],[112.91,21.85],[113.03,21.95],[113.26,21.88],[113.3,22.01],[113.55,22.09],[113.62,22.38],[113.6,22.53],[113.61,22.54],[113.54,22.65],[113.53,22.65],[113.54,22.66],[113.56,22.63],[113.75,22.74],[113.9,22.47],[114.39,22.61],[114.8,22.83],[114.74,22.61],[114.9,22.55],[114.94,22.71],[114.93,22.73],[114.94,22.72],[115.04,22.78],[115.35,22.76],[115.65,22.87],[115.82,22.74],[116.13,22.84],[116.29,22.96],[116.5,22.94],[116.55,23.15],[116.7,23.28],[116.66,23.31],[116.78,23.32],[116.96,23.61],[117.22,23.66],[117.37,23.76],[117.42,23.77],[117.39,23.93],[117.36,23.95],[117.38,23.94],[117.36,23.95],[117.58,23.88],[117.76,23.92],[117.9,24.04],[117.95,24.2],[118.14,24.27],[118.06,24.41],[117.89,24.41],[117.86,24.43],[117.87,24.43],[117.86,24.43],[117.81,24.47],[117.84,24.45],[117.79,24.5],[117.85,24.48],[117.87,24.48],[118.13,24.42],[118.32,24.57],[118.33,24.57],[118.44,24.69],[118.61,24.53],[118.74,24.85],[118.98,24.88],[119.07,25.1],[119.37,25.26],[119.15,25.38],[119.35,25.58],[119.51,25.39],[119.61,25.57],[119.61,25.87],[119.71,26.01],[119.52,26.08],[119.65,26.27],[119.86,26.35],[119.72,26.62],[119.79,26.72],[120.07,26.8],[120.24,26.93],[120.25,27.11],[120.38,27.21],[120.31,27.23],[120.38,27.21],[120.51,27.19],[120.6,27.59],[121.01,28.01],[121.18,28.39],[121.36,28.14],[121.46,28.33],[121.61,28.26],[121.62,28.53],[121.51,28.66],[121.67,28.73],[121.75,29.15],[121.97,29.22],[121.92,29.36],[121.99,29.58],[121.97,29.76],[122.01,29.79],[121.93,29.89],[121.67,30],[121.3,30.4],[120.9,30.21],[120.81,30.3],[121.04,30.58],[121.51,30.8],[121.89,30.85],[121.97,30.92],[121.87,31.13],[121.68,31.32],[121.32,31.52],[121.09,31.73],[120.8,31.85],[120.73,31.98],[120.52,32.07],[120.53,32.07],[120.82,32],[120.95,31.8],[121.07,31.83],[121.09,31.84],[121.29,31.89],[121.8,31.69],[121.96,31.73],[121.72,32.06],[121.37,32.2],[121.41,32.4],[120.95,32.61],[120.97,32.88],[120.83,33.23],[120.26,34.31],[119.65,34.52],[119.19,34.83],[119.21,35.04],[119.38,35.11],[119.4,35.27],[119.53,35.31],[119.66,35.58],[119.92,35.64],[120.07,35.88],[120.35,36.05],[120.71,36.13],[120.64,36.29],[120.71,36.42],[120.89,36.38],[121.01,36.58],[121.49,36.78],[122,36.97],[122.14,36.86],[122.34,36.83],[122.62,37.2],[122.55,37.35],[121.92,37.47],[121.55,37.44],[121.37,37.56],[121.17,37.58],[121.14,37.71],[120.94,37.81],[120.71,37.83],[120.22,37.69],[120.17,37.48],[119.84,37.37],[119.9,37.26],[119.75,37.12],[119.55,37.16],[119.29,37.13],[119.04,37.21],[118.93,37.35],[118.97,37.58],[119.26,37.65],[119.31,37.78],[119.12,37.82],[118.89,38.13],[118.22,38.11],[117.98,38.19],[117.73,38.36],[117.58,38.67],[117.64,38.86],[117.88,38.93],[117.74,39.08],[118.03,39.22],[118.26,39.04],[118.48,39.05],[118.54,39.15],[118.93,39.18],[119.19,39.37],[119.35,39.72],[119.56,39.9],[120.44,40.2],[120.52,40.26],[120.51,40.27],[120.51,40.28],[120.59,40.47],[120.82,40.67],[121.03,40.71],[121.11,40.88],[121.48,40.89],[121.86,40.82],[122.13,40.62],[122.25,40.45],[122,40.13],[121.78,39.94],[121.48,39.81],[121.57,39.55],[121.48,39.4],[121.68,39.12],[121.51,39.03],[121.09,38.93],[121.23,38.8],[121.7,38.87],[121.66,39.02],[122.04,39.07],[122.12,39.22],[122.39,39.41],[122.53,39.42],[122.99,39.67],[123.22,39.67],[123.65,39.84],[124.12,39.83],[124.22,39.92],[124.36,39.98],[124.33,40.06],[124.4,40.13],[124.9,40.48],[125.27,40.65],[125.41,40.62],[125.56,40.77],[125.68,40.77],[125.63,40.81],[125.72,40.87],[126.02,40.9],[126.12,41.09],[126.29,41.17],[126.43,41.35],[126.53,41.36],[126.56,41.61],[126.73,41.71],[126.79,41.69],[126.93,41.81],[127.15,41.59],[127.1,41.55],[127.25,41.48],[127.53,41.47],[127.65,41.4],[128.01,41.45],[128.11,41.36],[128.31,41.58],[128.11,41.79],[128.1,41.94],[128.03,42],[128.56,42],[128.75,42.05],[128.91,42.01],[128.96,42.09],[129.22,42.2],[129.19,42.31],[129.34,42.45],[129.53,42.37],[129.61,42.46],[129.7,42.43],[129.9,43],[130.12,42.99],[130.26,42.91],[130.26,42.7],[130.43,42.61],[130.52,42.61],[130.56,42.51],[130.62,42.63],[130.4,42.73],[130.66,42.85],[131.02,42.86],[131.03,42.93],[131.14,42.93],[131.1,43.02],[131.3,43.39],[131.31,43.49],[131.2,43.53],[131.24,43.98],[131.3,44.04],[131.1,44.71],[130.96,44.85],[131.1,44.93],[131.29,44.93],[131.35,44.99],[131.48,44.96],[131.69,45.12],[131.67,45.21],[131.78,45.21],[131.88,45.34],[132,45.25],[132.95,45.02],[133.13,45.13],[133.09,45.28],[133.18,45.49],[133.42,45.58],[133.48,45.66],[133.46,45.84],[133.5,45.89],[133.59,45.87],[133.74,46.06],[133.69,46.15],[133.91,46.26],[133.86,46.35],[133.94,46.4],[133.84,46.48],[134.02,46.67],[134.06,46.98],[134.22,47.11],[134.17,47.32],[134.32,47.44],[134.56,47.48],[134.77,47.71],[134.54,47.98],[134.77,48.37],[134.49,48.42],[134.03,48.34],[134,48.26],[133.77,48.26],[133.58,48.2],[133.48,48.07],[133.05,48.11],[132.81,47.93],[132.66,47.95],[132.68,47.87],[132.55,47.71],[132.31,47.76],[132.22,47.7],[132,47.71],[131.95,47.66],[131.59,47.66],[131.53,47.74],[131.43,47.74],[130.99,47.7],[130.9,47.89],[130.65,48.1],[130.83,48.29],[130.75,48.51],[130.64,48.49],[130.52,48.61],[130.68,48.87],[130.43,48.9],[130.22,48.87],[129.91,49.04],[129.92,49.1],[129.77,49.18],[129.71,49.29],[129.35,49.35],[129.22,49.4],[129.12,49.35],[128.98,49.46],[128.74,49.49],[128.71,49.56],[128.41,49.59],[128.33,49.54],[128.07,49.54],[127.84,49.58],[127.68,49.67],[127.53,49.82],[127.49,50.01],[127.61,50.22],[127.32,50.34],[127.29,50.46],[127.37,50.58],[127.3,50.75],[126.92,51.06],[126.9,51.2],[126.97,51.33],[126.87,51.32],[126.9,51.25],[126.81,51.29],[126.91,51.39],[126.78,51.43],[126.84,51.53],[126.73,51.71],[126.46,51.96],[126.56,52.13],[126.31,52.2],[126.32,52.31],[126.32,52.42],[126.17,52.55],[125.97,52.62],[126.1,52.77],[126.05,52.8],[125.83,52.9],[125.67,52.86],[125.74,52.99],[125.61,53.08],[125.48,53.1],[125.16,53.2],[124.91,53.17],[124.87,53.09],[124.67,53.2],[124.44,53.21],[124.23,53.38],[124.11,53.35],[123.88,53.48],[123.5,53.5],[123.25,53.56],[123.13,53.5],[122.82,53.46],[122.41,53.45],[121.87,53.43],[121.24,53.28],[120.9,53.29],[120.27,52.86],[120.02,52.77],[120.07,52.58],[120.46,52.64],[120.73,52.54],[120.61,52.36],[120.75,52.26],[120.78,52.16],[120.65,51.93],[120.47,51.87],[120.16,51.68],[120.08,51.68],[119.94,51.36],[119.8,51.28],[119.75,51.21],[119.72,51.05],[119.52,50.91],[119.44,50.69],[119.28,50.6],[119.24,50.45],[119.36,50.34],[119.27,50.11],[119.06,49.98],[118.57,49.93],[118.07,49.62],[117.89,49.59],[117.87,49.51],[117.47,49.63],[117.06,49.69],[116.71,49.85],[116.04,48.87],[116.06,48.79],[115.81,48.55],[115.82,48.25],[115.52,48.15],[115.57,47.92],[115.93,47.68],[116.26,47.88],[116.44,47.84],[116.8,47.9],[117.09,47.82],[117.37,47.64],[117.8,48.01],[118.17,48.05],[118.56,47.99],[118.76,47.77],[119.12,47.66],[119.14,47.54],[119.71,47.19],[119.86,46.92],[119.9,46.67],[119.81,46.67],[119.68,46.59],[119.56,46.63],[119.3,46.61],[119.11,46.65],[119.01,46.75],[118.79,46.69],[118.3,46.74],[117.93,46.62],[117.83,46.53],[117.7,46.51],[117.59,46.6],[117.42,46.58],[117.37,46.36],[116.84,46.38],[116.58,46.29],[116.26,45.96],[116.28,45.77],[116.17,45.69],[116.03,45.68],[115.69,45.46],[115.36,45.39],[114.97,45.38],[114.74,45.44],[114.54,45.38],[114.46,45.22],[114.11,44.95],[113.9,44.91],[113.63,44.74],[112.85,44.84],[112.59,44.93],[112.42,45.07],[111.97,45.08],[111.74,44.94],[111.41,44.36],[111.66,44.06],[111.87,43.94],[111.95,43.82],[111.95,43.69],[111.79,43.67],[111.56,43.49],[111.06,43.36],[110.43,42.78],[109.48,42.46],[109.02,42.46],[108.84,42.4],[108.24,42.46],[107.93,42.4],[107.45,42.45],[107.27,42.36],[106.78,42.29],[105.72,41.94],[105.23,41.75],[105.01,41.58],[104.92,41.65],[104.52,41.66],[104.53,41.87],[103.85,41.8],[103.41,41.88],[102.71,42.15],[102.45,42.14],[102.08,42.23],[101.8,42.5],[100.85,42.67],[100.32,42.69],[100.27,42.64],[99.97,42.65],[99.5,42.57],[98.2,42.65],[97.17,42.79],[96.39,42.72],[96.36,42.9],[95.88,43.28],[95.86,43.41],[95.52,44.01],[95.32,44.03],[95.4,44.3],[95,44.25],[94.72,44.34],[94.6,44.45],[94.34,44.52],[94.21,44.67],[93.51,44.97],[92.98,45],[92.88,45.05],[92.23,45.01],[92.05,45.08],[91.55,45.08],[91.37,45.11],[91.12,45.21],[90.88,45.19],[90.8,45.29],[90.67,45.54],[90.71,45.73],[91.02,46.02],[90.89,46.31],[91.07,46.56],[91.01,46.58],[91.05,46.72],[90.89,46.96],[90.76,46.99],[90.56,47.21],[90.37,47.66],[90.09,47.76],[90.08,47.87],[89.76,47.83],[89.58,48.03],[89.06,47.99],[88.95,48.09],[88.64,48.18],[88.57,48.28],[88.44,48.39],[88.31,48.48],[87.97,48.58],[88.09,48.71],[87.82,48.81],[87.74,48.88],[87.89,48.99],[87.82,49.17],[87.49,49.14],[87.44,49.07],[87.15,49.15],[86.88,49.13],[86.73,48.98],[86.82,48.85],[86.77,48.72],[86.58,48.54],[86.22,48.43],[85.79,48.42],[85.56,48.15],[85.61,47.51],[85.7,47.29],[85.53,47.05],[85.22,47.05],[84.94,46.86],[84.76,47],[83.92,46.97],[83.56,47.06],[83.36,47.18],[83.03,47.22],[82.46,45.98],[82.34,45.94],[82.28,45.53],[82.54,45.42],[82.56,45.2],[81.92,45.23],[81.78,45.38],[80.9,45.12],[80.74,45.16],[80.49,45.13],[80.38,45.04],[80.09,45.05],[79.88,44.91],[80,44.79],[80.19,44.75],[80.41,44.61],[80.35,44.48],[80.4,44.11],[80.75,43.47],[80.69,43.34],[80.78,43.31],[80.8,43.18],[80.79,43.14],[80.59,43.14],[80.38,43.05],[80.6,42.89],[80.28,42.84],[80.17,42.67],[80.29,42.26],[80.14,42.17],[80.2,42.04],[79.91,42.04],[79.77,41.89],[79.32,41.81],[79.22,41.73],[78.71,41.55],[78.65,41.47],[78.16,41.38],[78.12,41.23],[77.83,41.15],[77.77,41.01],[77.18,41.01],[77,41.07],[76.88,41.03],[76.76,40.95],[76.54,40.46],[76.33,40.34],[76.17,40.37],[75.95,40.37],[75.93,40.3],[75.82,40.33],[75.69,40.28],[75.72,40.48],[75.65,40.51],[75.58,40.66],[75.24,40.45],[74.99,40.45],[74.84,40.52],[74.69,40.35],[74.68,40.29],[74.59,40.28],[74.35,40.09],[74.04,40.1],[73.93,40.02],[73.98,40],[73.83,39.78],[73.95,39.6],[73.87,39.48],[73.6,39.46],[73.64,39.23],[73.74,39.04],[73.84,39.01],[73.83,38.92],[73.75,38.94],[73.7,38.88],[73.8,38.61],[73.99,38.52],[74.19,38.64],[74.64,38.45],[74.7,38.42],[74.7,38.23],[74.82,38.09],[74.92,38.02],[74.91,37.86],[75.01,37.78],[74.9,37.66],[74.96,37.54],[75.13,37.46],[75.13,37.32],[74.86,37.22],[74.75,37.28],[74.5,37.24],[74.5,37.06],[74.81,37.05],[74.91,36.93],[75.14,37.03],[75.4,36.95],[75.45,36.72],[75.53,36.77],[75.72,36.75],[76.28,36.31],[76.65,36.2],[76.79,36.07],[76.73,35.97],[77.01,35.73],[77.4,35.71],[77.47,35.56],[77.69,35.45],[77.91,35.46],[77.97,35.57],[78.16,35.55],[78.25,35.73],[78.41,35.73],[78.8,35.87],[79.45,35.96],[79.71,35.64],[80.21,35.57],[80.41,35.48],[80.29,35.36],[80.2,35.12],[80.21,34.9],[80.07,34.71],[79.79,34.63],[79.8,34.48],[79.52,34.46],[79.61,34.25],[79.41,34.1],[79.41,34.01],[78.89,33.97],[79.03,33.75],[78.91,33.62],[78.94,33.39],[79.11,33.2],[79.22,33.24],[79.41,33.19],[79.34,32.99],[79.56,32.71],[79.43,32.54],[79.28,32.56],[79.12,32.45],[78.97,32.34],[78.78,32.48],[78.74,32.7],[78.39,32.54],[78.49,32.27],[78.78,31.97],[78.7,31.81],[78.85,31.61],[78.8,31.44],[79.14,31.44],[79.43,31.02],[79.6,30.94],[79.75,31.01],[80.11,30.78],[80.25,30.74],[80.22,30.58],[80.61,30.47],[81,30.26],[81.15,30.01],[81.25,30.01],[81.26,30.15],[81.4,30.21],[81.41,30.42],[81.62,30.45],[82,30.32],[82.2,30.16],[82.17,30.06],[82.56,29.96],[82.7,29.76],[82.83,29.69],[83.22,29.6],[83.59,29.17],[83.89,29.32],[84.19,29.24],[84.23,28.89],[84.63,28.74],[84.86,28.57],[85.05,28.68],[85.2,28.63],[85.12,28.34],[85.39,28.28],[85.52,28.33],[85.85,28.18],[86,27.91],[86.23,27.98],[86.41,27.91],[86.57,28.11],[86.76,28.03],[87.04,27.95],[87.16,27.82],[87.56,27.87],[87.72,27.8],[87.83,27.95],[88.1,27.86],[88.14,27.97],[88.41,27.98],[88.64,28.12],[88.84,28.02],[88.89,27.86],[88.76,27.57],[88.78,27.45],[88.97,27.31],[89.04,27.59],[89.39,27.89],[89.51,28.09],[89.79,28.25],[90.04,28.14],[90.12,28.19],[90.29,28.16],[90.38,28.06],[90.59,28.02],[90.69,28.08],[91.22,27.99],[91.34,28.06],[91.62,27.88],[91.55,27.85],[91.64,27.76],[91.88,27.72],[92.24,27.89],[92.45,27.8],[92.73,27.98],[92.68,28.15],[92.93,28.21],[93.15,28.37],[93.25,28.54],[93.43,28.66],[93.71,28.66],[94.37,29.02],[94.29,29.15],[94.69,29.32],[94.81,29.16],[95.01,29.17],[95.27,29.07],[95.43,29.19],[95.71,29.2],[96.05,29.38],[96.26,29.25],[96.45,28.94],[96.53,28.93],[96.65,28.62],[96.86,28.48],[96.93,28.35],[97.13,28.36],[97.34,28.22],[97.52,28.33],[97.51,28.5],[97.69,28.52],[97.8,28.33],[98.14,28.15],[98.14,27.96],[98.32,27.52],[98.43,27.55],[98.44,27.67],[98.7,27.55],[98.78,26.6],[98.67,26.24],[98.57,26.12],[98.71,25.85],[98.64,25.8],[98.53,25.85],[98.41,25.61],[98.17,25.63],[98.14,25.39],[97.94,25.22],[97.84,25.27],[97.72,25.08],[97.8,24.85],[97.55,24.74],[97.53,24.44],[97.67,24.46],[97.77,24.26],[97.73,24.12],[97.53,23.93],[97.65,23.86],[98.09,24.09],[98.54,24.13],[98.59,24.08],[98.68,23.97],[98.68,23.91],[98.69,23.79],[98.8,23.77],[98.89,23.62],[98.8,23.54],[98.92,23.42],[98.88,23.19],[99.06,23.16],[99.1,23.09],[99.34,23.14],[99.52,23.08],[99.57,22.93],[99.44,22.94],[99.45,22.86],[99.31,22.74],[99.38,22.5],[99.25,22.4],[99.16,22.16],[99.27,22.1],[99.48,22.14],[99.69,22.05],[99.97,22.05],[99.99,21.71],[100.16,21.68],[100.12,21.53],[100.24,21.47],[100.43,21.54],[100.48,21.46],[100.67,21.48],[100.87,21.68],[101.12,21.78],[101.14,21.57],[101.21,21.53],[101.14,21.41],[101.29,21.18],[101.53,21.26],[101.6,21.24],[101.6,21.18],[101.76,21.14],[101.84,21.22],[101.73,21.35],[101.75,21.58],[101.83,21.63],[101.75,21.73],[101.78,21.83],[101.62,21.98],[101.55,22.25],[101.67,22.48],[101.78,22.5],[101.9,22.38],[102.02,22.46],[102.26,22.41],[102.38,22.68],[102.51,22.78],[102.86,22.61],[102.92,22.49],[103.08,22.45],[103.32,22.81],[103.44,22.75],[103.64,22.8],[103.98,22.51],[104.12,22.81],[104.27,22.84],[104.27,22.74],[104.38,22.69],[104.58,22.85],[104.73,22.82],[104.86,22.94],[104.8,23.12],[105.08,23.27],[105.24,23.26],[105.32,23.39],[105.57,23.16],[105.57,23.08],[105.72,23.06],[105.87,22.92],[106.15,23]],[[113.54,22.65],[113.56,22.63],[113.53,22.65],[113.54,22.65]]],[[[110.31,20.06],[110.16,20.06],[110.01,19.93],[109.61,19.99],[109.51,19.84],[109.26,19.9],[109.29,19.73],[108.64,19.3],[108.62,18.84],[108.69,18.74],[108.69,18.5],[109.18,18.28],[109.46,18.28],[109.57,18.16],[109.78,18.4],[110.05,18.39],[110.22,18.63],[110.41,18.66],[110.53,18.79],[110.52,19],[110.67,19.38],[110.84,19.54],[111.03,19.64],[110.93,20.02],[110.79,20.01],[110.68,20.16],[110.37,20.06],[110.36,20.06],[110.35,20.06],[110.31,20.06]]]]},"properties":{"ISO_A3":"CHN"}},
{"type":"Feature","geometry":{"type":"MultiPolygon","coordinates":[[[[120.38,24.04],[120.43,24.08],[120.38,24.08],[120.38,24.04]]],[[[120.38,24.04],[120.16,23.8],[120.12,23.56],[120.16,23.36],[120.08,23.28],[120.03,23.04],[120.16,23],[120.25,22.63],[120.38,22.47],[120.56,22.39],[120.69,22.22],[120.69,21.94],[120.91,22.02],[120.91,22.39],[121,22.63],[121.18,22.75],[121.26,22.95],[121.4,23.08],[121.48,23.32],[121.48,23.52],[121.61,23.84],[121.61,24.12],[121.75,24.24],[121.83,24.64],[121.83,24.88],[121.97,25],[121.61,25.28],[121.48,25.28],[121.35,25.16],[121,25],[120.91,24.76],[120.52,24.32],[120.43,24.12],[120.43,24.08],[120.38,24.04]]]]},"properties":{"ISO_A3":"TWN"}},
{"type":"Feature","geometry":{"type":"Polygon","coordinates":[[[-7.51,4.35],[-7.34,4.39],[-7.21,4.52],[-7.08,4.52],[-6.81,4.7],[-6.68,4.7],[-5.89,5.05],[-5.19,5.13],[-4.75,5.13],[-4.4,5.22],[-3.82,5.22],[-3.43,5.13],[-3.12,5.09],[-2.73,5.13],[-2.77,5.22],[-2.77,5.62],[-3.03,5.7],[-3.12,6.23],[-3.25,6.53],[-3.25,6.79],[-2.95,7.23],[-2.99,7.32],[-2.86,7.75],[-2.68,8.01],[-2.64,8.15],[-2.51,8.19],[-2.51,8.49],[-2.64,9.01],[-2.77,9.14],[-2.64,9.27],[-2.68,9.49],[-2.77,9.4],[-2.95,9.58],[-2.99,9.75],[-3.3,9.92],[-3.91,9.92],[-4.26,9.75],[-4.26,9.62],[-4.53,9.71],[-4.79,9.75],[-4.83,9.88],[-4.97,9.88],[-4.97,10.05],[-5.19,10.31],[-5.45,10.31],[-5.49,10.44],[-5.8,10.44],[-5.98,10.27],[-6.2,10.23],[-6.2,10.57],[-6.28,10.7],[-6.42,10.57],[-6.68,10.62],[-6.64,10.36],[-6.94,10.36],[-7.03,10.27],[-7.3,10.27],[-7.47,10.44],[-7.65,10.44],[-7.73,10.31],[-8,10.18],[-8.13,10.05],[-8.13,9.49],[-8.04,9.4],[-7.87,9.4],[-7.91,9.19],[-7.87,9.06],[-7.95,8.8],[-7.69,8.67],[-7.65,8.41],[-7.73,8.36],[-7.91,8.49],[-8.22,8.49],[-8.22,8.23],[-8,8.1],[-8.13,7.93],[-8.17,7.58],[-8.48,7.54],[-8.39,7.45],[-8.31,7.14],[-8.35,6.75],[-8.57,6.53],[-8.39,6.36],[-8.26,6.31],[-7.95,6.31],[-7.82,6.18],[-7.78,5.97],[-7.43,5.83],[-7.38,5.53],[-7.47,5.44],[-7.47,5.13],[-7.6,4.92],[-7.56,4.78],[-7.56,4.39],[-7.51,4.35]]]},"properties":{"ISO_A3":"CIV"}},
{"type":"Feature","geometry":{"type":"Polygon","coordinates":[[[13.31,2.15],[14.54,2.15],[14.63,2.2],[14.76,2.07],[15.02,1.98],[15.24,2.02],[15.73,1.93],[15.95,1.76],[16.08,1.89],[16.08,2.2],[16.21,2.24],[16.08,2.42],[16.08,2.9],[15.9,3.03],[15.51,3.47],[15.24,3.73],[15.07,4.04],[15.11,4.3],[14.72,4.65],[14.67,4.92],[14.67,5.22],[14.54,5.27],[14.63,5.48],[14.59,5.57],[14.63,5.88],[14.41,6.05],[14.81,6.36],[14.89,6.62],[15.2,7.1],[15.29,7.32],[15.51,7.54],[15.6,7.62],[15.42,7.93],[15.24,8.45],[15.11,8.67],[14.98,8.67],[14.37,9.19],[14.37,9.27],[14.1,9.53],[14.01,9.75],[14.19,9.88],[14.23,10.01],[14.5,10.01],[14.81,9.92],[15.24,10.01],[15.42,9.92],[15.55,10.05],[15.29,10.31],[15.16,10.53],[15.07,10.83],[15.07,12.08],[14.89,12.17],[14.85,12.64],[14.54,12.77],[14.54,12.98],[14.45,13.07],[14.1,13.07],[14.19,12.55],[14.19,12.38],[14.45,12.38],[14.63,12.08],[14.63,11.52],[14.5,11.48],[14.23,11.26],[14.06,11.26],[13.71,10.96],[13.66,10.75],[13.57,10.7],[13.53,10.27],[13.4,10.1],[13.27,10.05],[13.27,9.71],[13.22,9.53],[13.05,9.53],[12.92,9.36],[12.92,9.1],[12.83,8.97],[12.83,8.8],[12.3,8.41],[12.21,8.15],[12.21,7.93],[11.99,7.67],[11.99,7.49],[11.86,7.32],[11.82,7.1],[11.55,6.88],[11.55,6.66],[11.42,6.53],[11.11,6.53],[11.07,6.71],[10.89,6.71],[10.85,6.93],[10.67,7.06],[10.54,6.93],[10.24,6.88],[10.15,7.01],[9.88,6.79],[9.75,6.79],[9.71,6.53],[9.44,6.45],[9.23,6.18],[8.92,5.88],[8.83,5.48],[8.83,5.18],[8.61,4.92],[8.61,4.83],[8.52,4.65],[8.57,4.48],[8.7,4.57],[8.79,4.57],[8.92,4.52],[8.87,4.39],[9.09,4],[9.36,3.91],[9.49,4],[9.49,4.04],[9.71,3.82],[9.62,3.56],[9.88,3.34],[9.97,3.03],[9.88,2.9],[9.84,2.68],[9.84,2.33],[9.84,2.24],[10.02,2.15],[11.33,2.15],[11.38,2.28],[12.39,2.28],[12.43,2.24],[13.09,2.24],[13.18,2.28],[13.31,2.15]]]},"properties":{"ISO_A3":"CMR"}},
{"type":"Feature","geometry":{"type":"MultiPolygon","coordinates":[[[[12.92,-5.92],[12.96,-5.92],[13,-5.88],[12.92,-5.83],[12.92,-5.88],[12.92,-5.92]]],[[[12.75,-5.93],[12.92,-5.88],[12.76,-5.92],[12.75,-5.93]]],[[[23.99,-10.92],[24.08,-10.87],[24.21,-11.05],[24.38,-11.09],[24.38,-11.43],[24.52,-11.48],[24.73,-11.3],[25.13,-11.26],[25.31,-11.3],[25.35,-11.65],[25.7,-11.82],[25.88,-11.82],[25.96,-11.95],[26.62,-11.95],[26.89,-11.99],[27.02,-11.86],[27.02,-11.61],[27.2,-11.61],[27.24,-11.82],[27.41,-11.91],[27.5,-12.17],[27.63,-12.29],[27.94,-12.25],[28.12,-12.42],[28.34,-12.42],[28.47,-12.51],[28.47,-12.77],[28.73,-12.85],[28.91,-13.15],[28.95,-13.36],[29.26,-13.36],[29.66,-13.24],[29.66,-13.45],[29.83,-13.45],[29.83,-12.17],[29.66,-12.25],[29.48,-12.25],[29.48,-12.42],[29.04,-12.38],[28.78,-11.99],[28.51,-11.91],[28.43,-11.78],[28.38,-11.48],[28.47,-11.39],[28.51,-10.96],[28.6,-10.83],[28.65,-10.61],[28.65,-9.88],[28.69,-9.79],[28.38,-9.27],[28.69,-9.06],[28.95,-8.71],[28.91,-8.49],[29.3,-8.4],[29.83,-8.36],[30.75,-8.19],[30.67,-7.88],[30.45,-7.62],[30.4,-7.27],[30.23,-7.01],[30.05,-6.84],[29.74,-6.66],[29.7,-6.49],[29.52,-6.27],[29.48,-6.05],[29.61,-5.83],[29.61,-5.57],[29.52,-5.44],[29.48,-5.22],[29.35,-5],[29.35,-4.74],[29.44,-4.61],[29.44,-4.43],[29.35,-3.99],[29.22,-3.82],[29.26,-3.69],[29.22,-3.42],[29.26,-3.07],[29.08,-2.9],[29.04,-2.72],[28.91,-2.68],[28.86,-2.42],[29.13,-2.28],[29.17,-2.02],[29.13,-1.84],[29.26,-1.62],[29.52,-1.41],[29.61,-1.41],[29.57,-0.97],[29.66,-0.83],[29.66,-0.35],[29.74,-0.09],[29.7,0.04],[29.83,0.18],[29.88,0.4],[29.96,0.48],[29.96,0.79],[30.23,0.97],[30.23,1.14],[30.36,1.14],[30.71,1.49],[31.11,1.85],[31.33,2.11],[31.19,2.28],[30.97,2.42],[30.75,2.42],[30.75,2.59],[30.89,2.81],[30.8,2.99],[30.8,3.16],[30.93,3.38],[30.89,3.51],[30.89,3.47],[30.84,3.47],[30.84,3.51],[30.89,3.56],[30.8,3.65],[30.75,3.69],[30.75,3.65],[30.71,3.65],[30.67,3.65],[30.62,3.6],[30.58,3.6],[30.53,3.86],[30.31,3.91],[30.23,3.95],[30.18,4],[30.18,4.04],[30.18,4.08],[30.18,4.13],[30.05,4.13],[29.96,4.3],[29.92,4.35],[29.88,4.35],[29.83,4.35],[29.79,4.39],[29.79,4.52],[29.83,4.52],[29.83,4.57],[29.79,4.57],[29.74,4.57],[29.7,4.61],[29.66,4.65],[29.61,4.65],[29.52,4.65],[29.44,4.52],[29.22,4.35],[29.08,4.48],[29.04,4.48],[29,4.48],[28.91,4.48],[28.82,4.48],[28.82,4.52],[28.82,4.57],[28.73,4.57],[28.69,4.52],[28.69,4.48],[28.69,4.43],[28.65,4.43],[28.6,4.43],[28.51,4.39],[28.51,4.35],[28.47,4.3],[28.43,4.3],[28.43,4.26],[28.38,4.3],[28.38,4.35],[28.29,4.35],[28.25,4.35],[28.21,4.35],[27.9,4.52],[27.85,4.57],[27.85,4.61],[27.81,4.61],[27.77,4.65],[27.77,4.78],[27.68,4.87],[27.55,4.87],[27.55,4.92],[27.5,4.92],[27.5,4.96],[27.46,5],[27.46,5.09],[27.37,5.09],[27.24,5.13],[27.15,5.22],[26.89,5.09],[26.54,5.09],[26.32,5.13],[26.18,5.27],[26.1,5.22],[25.79,5.22],[25.7,5.31],[25.44,5.35],[25.35,5.13],[25.22,5],[25.04,4.92],[24.65,4.92],[24.52,5.09],[24.38,5.09],[24.25,4.96],[23.81,4.78],[23.64,4.78],[23.42,4.61],[23.15,4.74],[22.76,4.7],[22.71,4.48],[22.58,4.48],[22.58,4.3],[22.45,4.13],[22.19,4.13],[21.79,4.3],[21.18,4.3],[21,4.43],[20.52,4.43],[20.47,4.61],[20.12,4.92],[19.95,4.96],[19.77,5.13],[19.42,5.13],[19.29,5],[19.07,4.92],[19.07,4.83],[18.8,4.57],[18.72,4.35],[18.54,4.35],[18.67,4],[18.58,3.91],[18.58,3.56],[18.63,3.47],[18.63,3.12],[18.45,2.9],[18.45,2.81],[18.1,2.28],[18.06,2.02],[18.06,1.45],[17.97,1.41],[17.97,1.19],[17.84,1.01],[17.88,0.88],[17.88,0.57],[17.97,0.4],[17.75,0.09],[17.75,-0.09],[17.66,-0.61],[17.31,-1.01],[17,-1.1],[16.78,-1.32],[16.61,-1.67],[16.61,-1.76],[16.17,-2.2],[16.21,-2.42],[16.21,-2.81],[16.17,-2.9],[16.17,-3.25],[16.21,-3.38],[16.04,-3.6],[15.95,-3.86],[15.82,-3.99],[15.64,-3.99],[15.51,-4.08],[15.46,-4.3],[15.33,-4.26],[15.2,-4.34],[14.89,-4.65],[14.89,-4.74],[14.72,-4.91],[14.41,-4.87],[14.37,-4.34],[14.23,-4.34],[13.93,-4.52],[13.71,-4.48],[13.71,-4.74],[13.27,-4.78],[13.09,-4.65],[12.87,-4.74],[12.61,-4.96],[12.52,-5.13],[12.52,-5.75],[12.21,-5.79],[12.39,-6.01],[12.52,-5.92],[12.75,-5.93],[12.76,-5.92],[12.92,-5.83],[13,-5.88],[13.05,-5.88],[13.88,-5.88],[13.97,-5.83],[14.19,-5.88],[15.68,-5.88],[16.61,-5.88],[16.61,-6.05],[16.74,-6.14],[16.69,-6.27],[16.74,-6.62],[16.83,-6.88],[16.91,-6.88],[16.91,-7.14],[17.18,-7.4],[17.22,-7.62],[17.35,-7.8],[17.66,-8.1],[18.1,-8.1],[18.1,-8.01],[18.54,-8.01],[18.76,-7.93],[18.8,-8.01],[19.37,-8.01],[19.37,-7.58],[19.51,-7.58],[19.51,-7.14],[19.55,-7.01],[20.3,-7.01],[20.3,-6.92],[20.6,-6.92],[20.56,-7.27],[21.79,-7.27],[21.83,-7.32],[21.83,-7.67],[21.79,-7.93],[21.97,-8.45],[21.88,-8.71],[21.79,-9.4],[21.88,-9.66],[22.01,-9.75],[22.23,-10.01],[22.23,-10.23],[22.32,-10.4],[22.32,-10.79],[22.23,-10.79],[22.19,-11],[22.27,-11.18],[22.45,-11.18],[22.49,-11.05],[22.8,-11.09],[23.24,-11.09],[23.37,-10.96],[23.81,-11],[23.99,-10.92]]]]},"properties":{"ISO_A3":"COD"}},
{"type":"Feature","geometry":{"type":"Polygon","coordinates":[[[13.09,-4.65],[13.27,-4.78],[13.71,-4.74],[13.71,-4.48],[13.93,-4.52],[14.23,-4.34],[14.37,-4.34],[14.41,-4.87],[14.72,-4.91],[14.89,-4.74],[14.89,-4.65],[15.2,-4.34],[15.33,-4.26],[15.46,-4.3],[15.51,-4.08],[15.64,-3.99],[15.82,-3.99],[15.95,-3.86],[16.04,-3.6],[16.21,-3.38],[16.17,-3.25],[16.17,-2.9],[16.21,-2.81],[16.21,-2.42],[16.17,-2.2],[16.61,-1.76],[16.61,-1.67],[16.78,-1.32],[17,-1.1],[17.31,-1.01],[17.66,-0.61],[17.75,-0.09],[17.75,0.09],[17.97,0.4],[17.88,0.57],[17.88,0.88],[17.84,1.01],[17.97,1.19],[17.97,1.41],[18.06,1.45],[18.06,2.02],[18.1,2.28],[18.45,2.81],[18.45,2.9],[18.63,3.12],[18.63,3.47],[18.45,3.6],[17.97,3.56],[17.84,3.65],[17.4,3.69],[17.22,3.56],[16.65,3.56],[16.52,3.29],[16.52,2.81],[16.25,2.37],[16.21,2.24],[16.08,2.2],[16.08,1.89],[15.95,1.76],[15.73,1.93],[15.24,2.02],[15.02,1.98],[14.76,2.07],[14.63,2.2],[14.54,2.15],[13.31,2.15],[13.22,2.02],[13.22,1.85],[13.14,1.71],[13.22,1.49],[13.22,1.27],[13.57,1.27],[13.62,1.36],[13.84,1.41],[14.19,1.41],[14.5,0.84],[14.23,0.53],[14.06,0.53],[13.88,0.18],[13.93,0.13],[13.97,-0.26],[14.15,-0.26],[14.19,-0.44],[14.37,-0.44],[14.54,-0.66],[14.45,-0.75],[14.45,-1.19],[14.5,-1.49],[14.41,-1.62],[14.45,-1.84],[14.28,-1.98],[14.1,-2.5],[13.93,-2.5],[13.93,-2.37],[13.71,-2.2],[13.53,-2.37],[13.31,-2.42],[13.22,-2.33],[13.05,-2.33],[12.92,-2.2],[12.87,-1.98],[12.74,-1.84],[12.48,-1.89],[12.48,-2.33],[12.52,-2.42],[12.04,-2.42],[11.69,-2.5],[11.55,-2.42],[11.55,-2.72],[11.64,-2.94],[11.77,-3.03],[11.77,-3.2],[11.95,-3.34],[11.86,-3.69],[11.64,-3.64],[11.47,-3.51],[11.25,-3.69],[11.16,-3.95],[11.38,-4.13],[11.69,-4.48],[11.82,-4.56],[11.82,-4.78],[12.04,-5.05],[12.21,-4.78],[12.39,-4.74],[12.39,-4.61],[12.65,-4.52],[12.78,-4.39],[13.09,-4.65]]]},"properties":{"ISO_A3":"COG"}},
{"type":"Feature","geometry":{"type":"MultiPolygon","coordinates":[[[[43.45,-11.95],[43.41,-11.39],[43.28,-11.39],[43.28,-11.69],[43.23,-11.78],[43.45,-11.95]]],[[[44.51,-12.38],[44.51,-12.08],[44.33,-12.21],[44.51,-12.38]]]]},"properties":{"ISO_A3":"COM"}},
{"type":"Feature","geometry":{"type":"MultiPolygon","coordinates":[[[[-25.31,16.89],[-25.18,16.93],[-24.96,17.1],[-25.18,17.18],[-25.27,17.1],[-25.31,16.89]]],[[[-22.89,15.96],[-22.8,15.96],[-22.67,16.13],[-22.89,16.21],[-22.98,16.04],[-22.89,15.96]]],[[[-23.64,14.9],[-23.46,14.9],[-23.46,15.07],[-23.68,15.32],[-23.77,15.32],[-23.77,15.03],[-23.64,14.9]]],[[[-24.43,14.82],[-24.3,14.86],[-24.3,15.03],[-24.52,14.94],[-24.43,14.82]]]]},"properties":{"ISO_A3":"CPV"}},
{"type":"Feature","geometry":{"type":"MultiPolygon","coordinates":[[[[-85.06,10.14],[-84.84,10.01],[-84.67,9.84],[-84.67,9.62],[-84.58,9.53],[-84.27,9.49],[-84.14,9.36],[-84.01,9.36],[-83.61,9.01],[-83.61,8.84],[-83.74,8.62],[-83.57,8.45],[-83.26,8.41],[-83,8.28],[-82.82,8.49],[-82.87,8.84],[-82.73,8.97],[-82.95,9.06],[-82.95,9.49],[-82.82,9.58],[-82.6,9.58],[-82.78,9.66],[-82.91,9.84],[-83.22,10.14],[-83.57,10.66],[-83.66,10.92],[-83.66,10.79],[-83.96,10.75],[-84.23,10.79],[-84.23,10.88],[-84.67,11.09],[-84.89,10.96],[-85.24,11.09],[-85.5,11.18],[-85.55,11.22],[-85.68,11.09],[-85.81,10.83],[-85.68,10.79],[-85.63,10.66],[-85.85,10.4],[-85.85,10.18],[-85.63,9.88],[-85.33,9.84],[-85.11,9.58],[-84.93,9.75],[-84.93,9.92],[-85.11,9.97],[-85.19,10.1],[-85.15,10.14],[-85.11,10.18],[-85.06,10.14]]],[[[-82.91,8.06],[-82.87,8.06],[-82.91,8.1],[-82.91,8.06]]]]},"properties":{"ISO_A3":"CRI"}},
{"type":"Feature","geometry":{"type":"MultiPolygon","coordinates":[[[[-78.65,22.55],[-78.56,22.43],[-78.3,22.43],[-78.65,22.55]]],[[[-78.3,22.43],[-78.21,22.31],[-78.03,22.27],[-78.12,22.43],[-78.3,22.43]]],[[[-77.86,21.94],[-77.68,21.9],[-77.64,21.94],[-77.95,22.27],[-78.03,22.27],[-78.03,22.18],[-77.86,21.94]]],[[[-77.46,21.78],[-77.64,21.94],[-77.68,21.9],[-77.46,21.78]]],[[[-83.04,21.45],[-82.78,21.45],[-82.56,21.57],[-82.6,21.78],[-82.69,21.9],[-82.95,21.94],[-83.09,21.82],[-83,21.69],[-83.04,21.45]]],[[[-75.57,20.71],[-75.53,20.75],[-75.57,20.79],[-75.57,20.75],[-75.57,20.71]]],[[[-80.45,22.06],[-80.23,21.86],[-80.05,21.82],[-79.88,21.69],[-79.66,21.69],[-79.4,21.57],[-79.18,21.53],[-79,21.61],[-78.74,21.57],[-78.56,21.41],[-78.52,21.12],[-78.43,21],[-78.08,20.71],[-77.33,20.71],[-77.07,20.47],[-77.15,20.3],[-77.59,20.09],[-77.73,19.85],[-77.33,19.85],[-76.93,19.89],[-76.67,19.97],[-75.88,19.97],[-75.62,19.89],[-75.22,19.89],[-75.13,19.97],[-74.87,19.97],[-74.83,20.05],[-74.43,20.05],[-74.12,20.22],[-74.21,20.3],[-74.47,20.34],[-74.74,20.59],[-75.35,20.75],[-75.53,20.75],[-75.57,20.71],[-75.57,20.75],[-75.57,20.79],[-75.66,20.88],[-75.57,20.96],[-75.66,21.12],[-76.14,21.08],[-76.36,21.29],[-76.63,21.29],[-76.71,21.29],[-76.63,21.29],[-76.8,21.37],[-77.07,21.61],[-77.42,21.78],[-77.33,21.61],[-77.24,21.57],[-77.33,21.61],[-77.59,21.78],[-77.73,21.78],[-77.86,21.94],[-78.16,22.14],[-78.25,22.14],[-78.69,22.35],[-78.78,22.39],[-79.31,22.39],[-79.75,22.79],[-79.97,22.91],[-80.36,22.95],[-80.63,23.08],[-80.98,23.08],[-81.15,23.04],[-81.28,23.12],[-81.5,23.08],[-81.55,23.16],[-81.99,23.16],[-82.21,23.2],[-82.43,23.16],[-82.56,23.04],[-82.95,23.04],[-83.17,22.95],[-83.53,22.83],[-83.88,22.75],[-84.18,22.59],[-84.4,22.35],[-84.45,22.22],[-84.32,22.02],[-84.49,22.02],[-84.8,21.9],[-84.54,21.94],[-84.36,21.82],[-84.27,21.9],[-84.05,21.94],[-83.92,22.18],[-83.39,22.18],[-83.31,22.35],[-83.13,22.35],[-83.09,22.51],[-82.95,22.51],[-82.65,22.67],[-81.81,22.67],[-81.64,22.59],[-81.77,22.43],[-82.16,22.43],[-81.86,22.18],[-81.64,22.18],[-81.42,22.18],[-81.28,22.1],[-81.2,22.22],[-81.06,22.06],[-80.45,22.06]]]]},"properties":{"ISO_A3":"CUB"}},
{"type":"Feature","geometry":{"type":"Polygon","coordinates":[[[32.69,35.17],[32.29,34.95],[32.38,34.77],[32.6,34.66],[32.78,34.66],[32.95,34.66],[32.99,34.63],[33.61,34.81],[33.7,34.99],[33.65,35.02],[33.48,35.06],[33.43,35.13],[33.41,35.17],[33.35,35.17],[33.26,35.17],[33.13,35.17],[32.95,35.1],[33.13,35.17],[33.26,35.17],[33.35,35.17],[33.41,35.17],[33.43,35.13],[33.48,35.06],[33.65,35.02],[33.7,35.02],[33.92,34.95],[33.92,35.28],[34.18,35.46],[33.74,35.42],[33.65,35.35],[32.95,35.35],[32.91,35.2],[32.69,35.17]]]},"properties":{"ISO_A3":"CYP"}},
{"type":"Feature","geometry":{"type":"Polygon","coordinates":[[[13.84,48.77],[14.06,48.6],[14.41,48.57],[14.72,48.6],[14.81,48.77],[14.98,48.77],[14.98,49],[15.51,48.94],[15.86,48.86],[16.12,48.74],[16.47,48.8],[16.91,48.71],[16.96,48.63],[17.18,48.89],[17.53,48.8],[18.06,49.03],[18.14,49.26],[18.5,49.4],[18.54,49.49],[18.85,49.52],[18.8,49.69],[18.63,49.72],[18.58,49.92],[18.19,50],[17.88,49.97],[17.62,50.17],[17.22,50.37],[16.69,50.09],[16.43,50.34],[16.21,50.45],[16.43,50.56],[16.34,50.67],[15.68,50.73],[15.42,50.81],[15.29,50.98],[15.07,51.01],[14.81,50.87],[14.59,51.01],[14.41,50.9],[13.88,50.73],[13.66,50.73],[13.05,50.51],[12.52,50.39],[12.21,50.11],[12.56,49.92],[12.48,49.77],[12.56,49.55],[12.78,49.35],[13.05,49.32],[13.22,49.12],[13.75,48.89],[13.84,48.77]]]},"properties":{"ISO_A3":"CZE"}},
{"type":"Feature","geometry":{"type":"MultiPolygon","coordinates":[[[[13.84,53.85],[14.23,53.87],[14.23,53.92],[14.01,54.05],[13.93,53.92],[13.84,53.87],[13.84,53.85]]],[[[9.53,47.54],[9.97,47.54],[10.37,47.3],[10.5,47.54],[10.76,47.54],[10.98,47.42],[11.42,47.45],[11.69,47.6],[12.21,47.6],[12.17,47.69],[12.65,47.69],[13.05,47.51],[13.09,47.63],[12.96,47.95],[12.74,48.1],[13.05,48.28],[13.44,48.39],[13.44,48.57],[13.71,48.51],[13.84,48.77],[13.75,48.89],[13.22,49.12],[13.05,49.32],[12.78,49.35],[12.56,49.55],[12.48,49.77],[12.56,49.92],[12.21,50.11],[12.52,50.39],[13.05,50.51],[13.66,50.73],[13.88,50.73],[14.41,50.9],[14.59,51.01],[14.81,50.87],[15.02,51.17],[14.89,51.47],[14.72,51.53],[14.76,51.69],[14.59,51.83],[14.76,52.02],[14.67,52.26],[14.54,52.34],[14.59,52.61],[14.15,52.82],[14.15,52.95],[14.37,53.06],[14.41,53.27],[14.28,53.69],[14.28,53.74],[13.84,53.85],[13.84,53.87],[13.93,53.92],[14.01,54.05],[13.84,54.16],[13.44,54.13],[13.31,54.23],[13.49,54.34],[13.71,54.31],[13.49,54.56],[13.22,54.56],[13.22,54.49],[13.22,54.36],[12.65,54.41],[12.39,54.28],[12.34,54.31],[12.12,54.18],[11.69,54.16],[11.6,54.1],[11.51,54],[11.42,53.95],[10.76,54.03],[11.11,54.21],[10.94,54.39],[10.67,54.31],[10.41,54.44],[10.19,54.39],[10.02,54.46],[10.02,54.69],[9.62,54.84],[9.4,54.84],[8.65,54.92],[8.61,54.84],[8.87,54.54],[8.57,54.31],[8.96,54.1],[8.96,53.9],[9.23,53.9],[9.36,53.85],[9.53,53.64],[9.27,53.87],[8.92,53.82],[8.65,53.9],[8.48,53.69],[8.57,53.53],[8.52,53.51],[8.48,53.45],[8.52,53.51],[8.57,53.53],[8.13,53.59],[8.04,53.72],[7.29,53.69],[7.03,53.48],[7.03,53.32],[7.2,53.25],[7.2,53.01],[7.07,52.85],[7.07,52.64],[6.72,52.64],[6.76,52.45],[7.07,52.4],[7.03,52.26],[6.72,52.05],[6.81,51.94],[6.37,51.86],[6.02,51.86],[5.97,51.75],[6.24,51.47],[6.06,51.25],[6.02,50.76],[6.28,50.62],[6.33,50.31],[6.15,50.14],[6.24,49.89],[6.5,49.8],[6.37,49.46],[6.46,49.46],[6.85,49.15],[7.12,49.12],[7.51,49.17],[7.6,49.09],[7.91,49.06],[8.17,48.94],[7.95,48.77],[7.6,48.16],[7.64,47.98],[7.51,47.78],[7.6,47.6],[8.35,47.57],[8.48,47.78],[8.7,47.72],[8.87,47.66],[9.27,47.66],[9.53,47.54]]]]},"properties":{"ISO_A3":"DEU"}},
{"type":"Feature","geometry":{"type":"Polygon","coordinates":[[[-61.47,15.62],[-61.47,15.49],[-61.34,15.24],[-61.25,15.24],[-61.25,15.49],[-61.47,15.62]]]},"properties":{"ISO_A3":"DMA"}},
{"type":"Feature","geometry":{"type":"MultiPolygon","coordinates":[[[[8.52,56.67],[8.61,56.62],[8.61,56.67],[8.57,56.7],[8.52,56.67]]],[[[10.15,55.07],[10.63,55.05],[10.67,55.05],[10.81,55.17],[10.81,55.35],[10.32,55.62],[9.75,55.52],[9.71,55.5],[10.02,55.17],[10.15,55.07]]],[[[14.94,55],[15.16,55.05],[14.89,55.25],[14.67,55.1],[14.94,55]]],[[[11.82,55.05],[12.17,55],[12.12,55.2],[12.43,55.27],[12.21,55.5],[12.56,55.67],[12.61,55.7],[12.52,55.92],[12.61,56.04],[12.26,56.14],[11.91,55.94],[12.04,55.89],[12.04,55.84],[12.04,55.89],[11.91,55.94],[11.86,55.77],[11.82,55.7],[11.77,55.77],[11.69,55.92],[11.03,55.65],[11.16,55.6],[11.25,55.2],[11.6,55.2],[11.82,55.05]]],[[[8.65,54.92],[9.4,54.84],[9.62,54.92],[9.62,55.05],[9.71,55],[9.62,55.05],[9.71,55.2],[9.62,55.42],[9.71,55.52],[9.75,55.52],[9.75,55.67],[10.02,55.7],[10.06,55.87],[10.1,55.87],[10.28,55.97],[10.24,56.19],[10.46,56.19],[10.54,56.16],[10.89,56.33],[10.85,56.53],[10.5,56.5],[10.32,56.7],[10.06,56.7],[10.32,56.7],[10.28,56.96],[10.54,57.22],[10.54,57.44],[10.32,57.63],[9.93,57.58],[9.58,57.25],[9.36,57.15],[8.61,57.13],[8.35,56.96],[8.21,56.77],[8.52,56.67],[8.65,56.87],[9.01,57.03],[9.27,56.99],[9.88,57.06],[9.58,56.96],[9.27,56.99],[9.18,56.82],[9.27,56.55],[9.01,56.79],[8.83,56.7],[8.74,56.48],[8.3,56.6],[8.13,56.55],[8.17,56.11],[8.39,55.92],[8.17,55.87],[8.08,55.55],[8.43,55.5],[8.65,55.37],[8.65,54.92]]],[[[11.86,54.69],[11.99,54.72],[12.34,54.97],[12.26,55],[12.17,55],[11.82,54.97],[11.47,54.84],[11.07,54.95],[11.03,54.74],[11.55,54.67],[11.86,54.69],[11.86,54.72],[11.86,54.69]]]]},"properties":{"ISO_A3":"DNK"}},
{"type":"Feature","geometry":{"type":"MultiPolygon","coordinates":[[[[-6.59,62.26],[-6.42,62.26],[-6.5,62.28],[-6.53,62.31],[-6.64,62.32],[-6.59,62.26]]],[[[-7.16,62.12],[-6.86,62.12],[-6.77,62.18],[-6.99,62.34],[-7.25,62.3],[-7.16,62.12]]]]},"properties":{"ISO_A3":"FRO"}},
{"type":"Feature","geometry":{"type":"MultiPolygon","coordinates":[[[[-45.78,81.91],[-45.87,82.11],[-45.12,82.23],[-45.61,82.42],[-46.88,82.59],[-48.46,82.57],[-47.72,82.28],[-46.14,82.05],[-45.78,81.91]]],[[[-52.42,81.9],[-53.43,82.22],[-54.04,82.07],[-52.42,81.9]]],[[[-18.5,75.95],[-18.76,76.47],[-19.16,76.49],[-18.5,75.95]]],[[[-17.66,74.93],[-17.8,75.08],[-18.5,75.37],[-18.85,75.3],[-18.89,75.01],[-18.02,75.03],[-17.66,74.93]]],[[[-20.26,74.7],[-19.73,74.86],[-20.34,75.04],[-20.65,74.82],[-20.26,74.7]]],[[[-21.31,74.1],[-20.17,74.17],[-20.56,74.41],[-21.62,74.42],[-21.97,74.22],[-21.31,74.1]]],[[[-24.39,73.02],[-23.02,73.09],[-23.51,73.31],[-24.43,73.42],[-25.27,73.41],[-25.75,73.18],[-24.39,73.02]]],[[[-22.01,72.68],[-21.97,72.93],[-23.2,73.07],[-23.9,73],[-23.95,72.91],[-23.16,72.87],[-22.59,72.69],[-22.01,72.68]]],[[[-22.32,72.12],[-22.01,72.5],[-22.63,72.6],[-23.16,72.84],[-24.52,72.85],[-24.43,72.63],[-23.99,72.48],[-23.07,72.31],[-22.32,72.12]]],[[[-52.99,71.15],[-52.64,71.17],[-52.42,71.34],[-53.16,71.34],[-52.99,71.15]]],[[[-53.65,71.02],[-53.38,71.11],[-53.6,71.31],[-54,71.14],[-53.65,71.02]]],[[[-26.06,70.52],[-25.27,70.69],[-25.44,70.94],[-26.06,70.98],[-27.07,70.87],[-27.59,70.65],[-28.03,70.55],[-27.95,70.42],[-26.45,70.53],[-26.06,70.52]]],[[[-51.19,69.51],[-50.97,69.74],[-50.66,69.85],[-51.23,69.92],[-51.32,69.6],[-51.19,69.51]]],[[[-53.78,69.25],[-53.6,69.25],[-52.15,69.48],[-51.85,69.64],[-52.02,69.82],[-52.73,69.92],[-53.12,70.16],[-54.35,70.33],[-54.83,70.21],[-54.79,69.95],[-54.97,69.73],[-54.83,69.6],[-53.78,69.25]]],[[[-53.25,68.3],[-53.16,68.28],[-53.21,68.3],[-53.25,68.3]]],[[[-52.2,68.13],[-51.85,68.13],[-51.58,68.26],[-51.8,68.23],[-52.11,68.2],[-52.24,68.2],[-52.2,68.13],[-52.09,68.16],[-52.06,68.16],[-52.09,68.16],[-52.2,68.13]]],[[[-53.56,67.7],[-52.51,67.8],[-51.85,67.92],[-52.37,67.8],[-51.71,67.69],[-50.97,67.77],[-50.48,67.9],[-51.19,68.05],[-51.85,68.03],[-52.55,68.18],[-53.16,68.1],[-52.81,67.98],[-52.29,67.95],[-52.59,67.93],[-52.95,68],[-53.08,68.05],[-53.25,67.97],[-53.3,67.95],[-53.38,67.9],[-53.56,67.7]]],[[[-37.35,65.81],[-37.66,65.9],[-37.92,65.8],[-37.74,65.58],[-37.3,65.65],[-37.35,65.81]]],[[[-50.75,63.17],[-50.66,63.19],[-50.75,63.19],[-50.75,63.17]]],[[[-50.84,63.07],[-50.75,63.07],[-50.75,63.17],[-50.84,63.15],[-50.84,63.07]]],[[[-41.57,62.89],[-41.61,62.99],[-41.61,62.93],[-41.57,62.89]]],[[[-50.4,62.87],[-50.4,62.93],[-50.48,62.89],[-50.4,62.87]]],[[[-42.01,62.81],[-41.87,62.81],[-41.96,62.83],[-42.01,62.81]]],[[[-50.18,62.71],[-50.09,62.75],[-50.13,62.77],[-50.18,62.71]]],[[[-49.65,62.16],[-49.34,62.22],[-49.61,62.18],[-49.65,62.16]]],[[[-46.44,60.77],[-46.31,60.77],[-46.31,60.82],[-46.44,60.77]]],[[[-48.24,60.79],[-47.94,60.69],[-48.02,60.82],[-48.24,60.79]]],[[[-45.12,60.36],[-45.04,60.36],[-44.99,60.43],[-45.12,60.36]]],[[[-45.04,60.36],[-44.95,60.45],[-44.99,60.43],[-45.04,60.36]]],[[[-44.9,60.04],[-44.86,60.06],[-44.95,60.08],[-44.9,60.04]]],[[[-44.55,59.99],[-44.29,59.97],[-44.25,60.1],[-44.07,60.28],[-44.03,60.17],[-43.81,60.04],[-43.72,60.06],[-43.5,60.06],[-43.45,60.04],[-43.37,60.04],[-43.24,59.97],[-43.1,60.17],[-43.15,60.34],[-43.41,60.36],[-43.15,60.52],[-42.97,60.58],[-42.75,60.67],[-42.75,61.07],[-43.41,61.11],[-42.93,61.11],[-42.49,61.39],[-42.58,61.45],[-42.27,61.77],[-42.31,62.01],[-42.18,62.38],[-42.22,62.4],[-42.66,62.69],[-42.36,62.91],[-42.22,62.81],[-42.22,62.69],[-42.01,62.81],[-41.96,62.83],[-41.87,62.81],[-41.61,62.93],[-41.61,62.99],[-41.74,63.03],[-41.65,63.03],[-41.57,63.09],[-41.48,63.15],[-41.74,63.36],[-41.35,63.23],[-41.21,63.21],[-41.26,63.33],[-41.85,63.48],[-41.87,63.48],[-41.85,63.48],[-41.13,63.38],[-40.99,63.42],[-41.17,63.46],[-40.99,63.5],[-40.51,63.68],[-40.73,63.93],[-40.56,64.05],[-41.43,64.16],[-41.13,64.29],[-40.86,64.37],[-40.38,64.33],[-40.56,64.45],[-40.56,64.64],[-40.95,64.84],[-41.13,64.97],[-40.99,65.08],[-40.56,65.12],[-40.38,65.05],[-39.85,65.16],[-39.76,65.3],[-39.76,65.41],[-39.54,65.67],[-39.19,65.69],[-38.89,65.58],[-38.8,65.56],[-38.4,65.6],[-38.14,65.71],[-38.09,65.89],[-37.96,65.9],[-37.92,66.24],[-37.26,66.3],[-37.79,66.05],[-37.74,65.94],[-37.35,65.81],[-37.24,65.89],[-37.08,65.98],[-36.86,65.9],[-36.38,66.03],[-36.14,65.94],[-35.63,66.12],[-35.59,66.3],[-35.19,66.24],[-34.76,66.37],[-34.01,66.85],[-33.57,67.13],[-33.13,67.6],[-32.73,67.8],[-32.08,67.93],[-31.94,68.23],[-31.68,68.1],[-30.45,68.08],[-30.01,68.16],[-30.05,68.39],[-29.53,68.23],[-28.3,68.44],[-28.03,68.57],[-27.64,68.57],[-26.5,68.68],[-26.32,68.81],[-25.75,68.86],[-24.65,69.23],[-24.74,69.44],[-23.77,69.51],[-23.55,69.68],[-23.2,69.68],[-23.07,69.94],[-22.72,70.09],[-23.55,70.12],[-24.47,70.22],[-25.31,70.42],[-26.28,70.19],[-26.45,70.46],[-28.16,70.36],[-28.25,70.53],[-27.86,70.84],[-27.59,70.92],[-26.5,70.95],[-25.75,71.12],[-25.4,71.27],[-25.92,71.49],[-26.72,71.46],[-27.37,71.57],[-27.37,71.69],[-28.08,71.88],[-27.33,71.74],[-26.85,71.53],[-25.88,71.56],[-25.4,71.45],[-25.09,71.28],[-24.74,71.32],[-24.21,71],[-24.21,70.84],[-23.95,70.62],[-23.46,70.47],[-22.72,70.43],[-22.01,70.5],[-21.62,70.45],[-21.79,70.75],[-21.62,70.97],[-21.84,71.43],[-21.93,71.46],[-22.59,71.46],[-22.41,71.62],[-23.07,71.7],[-22.54,71.89],[-23.16,72.07],[-23.68,72.15],[-24.47,72.36],[-24.83,72.71],[-25.31,72.9],[-25.13,73.07],[-26.45,73.18],[-25.44,73.35],[-25.4,73.45],[-24.96,73.47],[-24.43,73.58],[-24.52,73.71],[-22.98,73.33],[-22.19,73.26],[-21.31,73.45],[-20.56,73.45],[-20.39,73.52],[-20.52,73.77],[-20.87,73.9],[-21.66,74.06],[-22.28,74.01],[-21.79,74.44],[-20.48,74.46],[-20.17,74.28],[-19.51,74.24],[-18.98,74.48],[-20.61,74.72],[-20.74,74.85],[-20.52,75.14],[-20.65,75.29],[-20.12,75.34],[-19.9,75.15],[-19.33,75.3],[-19.51,75.75],[-19.77,75.89],[-20.34,75.94],[-19.82,76.17],[-21,76.3],[-21.49,76.26],[-21.71,76.63],[-20.52,76.9],[-19.77,76.92],[-18.81,76.76],[-18.19,76.9],[-18.32,77.26],[-19.73,77.35],[-20.74,77.51],[-20.21,77.68],[-19.25,77.52],[-19.2,77.72],[-19.77,77.75],[-20.96,77.92],[-21.31,77.75],[-21.27,77.59],[-21.97,77.55],[-21.18,78.17],[-20.92,78.55],[-21.09,78.68],[-20.7,78.92],[-19.03,79.26],[-19.64,79.41],[-19.29,79.7],[-18.24,79.68],[-17.71,79.76],[-17.31,79.97],[-17.58,80.08],[-18.85,80.06],[-19.64,79.97],[-20.26,80.08],[-19.33,80.26],[-18.06,80.16],[-16.79,80.17],[-15.69,80.41],[-16.74,80.54],[-15.47,80.61],[-15.29,80.71],[-14.11,80.77],[-14.5,80.95],[-13.49,80.97],[-11.51,81.31],[-11.78,81.52],[-13.09,81.66],[-13.4,81.73],[-15.95,81.83],[-17.4,81.37],[-19.2,81.58],[-19.64,81.61],[-21.31,81.18],[-22.67,81.02],[-21.31,81.45],[-21,81.91],[-21.22,82.04],[-23.2,82.01],[-23.46,81.7],[-26.41,81.42],[-27.11,81.51],[-24.65,81.77],[-24.56,81.98],[-26.89,82.04],[-28.43,82.01],[-31.33,81.83],[-32.69,81.83],[-29.92,82.09],[-27.86,82.19],[-24.52,82.14],[-22.85,82.29],[-21.93,82.28],[-19.77,82.59],[-21.05,82.82],[-23.11,82.98],[-23.95,82.95],[-24.74,83.25],[-25.92,83.3],[-25.66,83.43],[-28.25,83.57],[-33.39,83.66],[-34.8,83.58],[-35.59,83.63],[-38.62,83.54],[-39.63,83.44],[-39.68,83.25],[-38.31,83.14],[-40.12,82.93],[-41.35,82.94],[-42.97,83.2],[-46.31,83.07],[-45.48,82.8],[-46.49,82.7],[-44.55,82.23],[-45.52,82.14],[-45.39,81.99],[-45.83,81.89],[-45.48,81.69],[-46.05,81.62],[-47.45,82.01],[-49.61,82.28],[-50.22,82.43],[-51.67,82.45],[-51.63,82.14],[-50.44,81.83],[-50.92,81.79],[-52.81,81.86],[-53.87,81.96],[-55.23,82.34],[-59.67,82.07],[-61.91,81.76],[-61.34,81.49],[-61.86,81.34],[-60.9,81.02],[-61.73,80.92],[-62.74,81.18],[-63.53,81.2],[-64.98,80.97],[-65.29,80.76],[-66.04,80.67],[-67.44,80.35],[-67,80.05],[-65.34,80.1],[-64.24,79.93],[-64.72,79.83],[-64.24,79.66],[-66.13,79.11],[-66.74,79.15],[-68.76,79.01],[-69.29,78.8],[-72.41,78.52],[-72.76,78.37],[-72.76,78.1],[-71.22,77.76],[-70.56,77.8],[-70.26,77.57],[-69.16,77.46],[-67.71,77.52],[-66.61,77.68],[-66.04,77.44],[-66.7,77.36],[-68.54,77.36],[-69.42,77.23],[-70.48,77.23],[-71.35,77.01],[-70.61,76.8],[-69.16,76.67],[-68.15,76.69],[-67.93,76.57],[-68.81,76.53],[-69.64,76.38],[-68.37,76.07],[-66.61,75.95],[-67.22,76.15],[-66.83,76.26],[-66.17,76.28],[-64.81,76.18],[-64.19,76.26],[-63.75,76.16],[-63.27,76.41],[-62.7,76.25],[-62.22,76.29],[-61.56,76.17],[-61.03,76.22],[-60.55,76.03],[-59.49,75.96],[-59.18,75.79],[-58.57,75.68],[-58.13,75.51],[-58.48,75.35],[-58.04,75.27],[-57.82,75.02],[-56.68,74.83],[-56.24,74.18],[-56.33,74.05],[-55.85,73.86],[-55.93,73.63],[-55.14,73.4],[-55.67,73.05],[-54.63,72.96],[-54.62,72.96],[-54.26,72.82],[-54.61,72.74],[-54.83,72.65],[-54.63,72.49],[-54.57,72.49],[-54.63,72.49],[-55.19,72.38],[-54.92,72.24],[-55.54,72],[-55.23,71.93],[-55.67,71.67],[-55.36,71.41],[-55.14,71.43],[-54.44,71.36],[-53.91,71.45],[-54,71.69],[-53.47,71.8],[-53.52,72.05],[-53.82,72.16],[-53.78,72.35],[-53.69,72.14],[-53.38,72.04],[-53.16,71.7],[-52.55,71.7],[-52.24,71.62],[-52.99,71.43],[-52.29,71.39],[-52.2,71.1],[-51.63,70.92],[-51.32,70.91],[-50.66,70.75],[-50.97,70.65],[-50.7,70.42],[-50.79,70.33],[-51.89,70.5],[-52.64,70.74],[-53.43,70.75],[-54.13,70.84],[-54.57,70.66],[-53.91,70.39],[-52.95,70.3],[-52.33,70.06],[-52.02,70.01],[-51.28,70.06],[-50.7,70],[-50.31,69.86],[-50.84,69.71],[-50.84,69.51],[-51.14,69.2],[-51.23,68.89],[-51.01,68.78],[-51.01,68.57],[-51.54,68.52],[-51.93,68.62],[-52.37,68.64],[-52.39,68.64],[-52.64,68.52],[-52.95,68.36],[-53.25,68.3],[-53.21,68.3],[-53.16,68.28],[-52.81,68.21],[-52.24,68.2],[-52.11,68.2],[-51.8,68.23],[-51.58,68.26],[-51.36,68.26],[-51.06,68.44],[-51.36,68.26],[-50.97,68.03],[-50.48,67.9],[-50.48,67.85],[-51.45,67.65],[-52.55,67.77],[-53.03,67.7],[-53.21,67.55],[-53.82,67.4],[-53.82,67.08],[-53.78,67.01],[-53.47,67],[-53.45,67],[-53.47,67],[-53.78,67.01],[-53.12,66.84],[-52.55,66.92],[-52.42,66.85],[-52.86,66.68],[-53.47,66.65],[-53.65,66.45],[-53.6,66.17],[-53.12,66.15],[-52.59,66.37],[-52.2,66.49],[-51.98,66.65],[-51.23,66.91],[-50.7,66.85],[-51.23,66.85],[-51.89,66.63],[-52.11,66.47],[-52.59,66.37],[-52.99,66.15],[-53.47,66.03],[-53.21,65.92],[-53.12,65.96],[-52.95,66.01],[-53.12,65.96],[-53.21,65.92],[-52.59,65.98],[-52.29,65.89],[-51.8,66.06],[-51.8,65.99],[-52.29,65.89],[-52.86,65.89],[-53.21,65.74],[-53.08,65.74],[-52.51,65.38],[-52.55,65.29],[-52.46,65.21],[-52.2,65.27],[-52.24,65.23],[-52.24,65.19],[-52.11,65.23],[-52.02,65.29],[-52.11,65.23],[-52.15,65.16],[-52.29,65.08],[-51.85,64.82],[-51.8,64.88],[-51.41,64.95],[-51.36,64.96],[-51.41,64.95],[-51.85,64.82],[-52.15,64.64],[-52.11,64.6],[-52.07,64.16],[-51.67,64.29],[-51.28,64.73],[-51.14,64.6],[-50.62,64.82],[-50.35,64.71],[-50.13,64.8],[-50.31,64.65],[-50.53,64.65],[-50.79,64.64],[-50.84,64.43],[-51.19,64.18],[-51.58,64.16],[-51.54,64.08],[-50.92,64.14],[-50.44,64.31],[-50.53,64.22],[-51.01,64.08],[-51.63,64.03],[-51.32,63.79],[-51.5,63.64],[-51.32,63.52],[-51.14,63.48],[-51.14,63.54],[-51.1,63.62],[-51.06,63.64],[-50.97,63.62],[-50.79,63.62],[-50.66,63.64],[-50.62,63.64],[-50.66,63.64],[-50.79,63.62],[-50.97,63.62],[-51.06,63.64],[-51.1,63.62],[-51.14,63.54],[-51.14,63.48],[-51.1,63.36],[-50.62,63.36],[-50.48,63.38],[-50.4,63.4],[-50.48,63.38],[-50.62,63.36],[-51.1,63.35],[-50.97,63.15],[-50.92,63.09],[-50.84,63.15],[-50.75,63.19],[-50.66,63.19],[-50.62,62.97],[-50.4,62.93],[-50.27,63.03],[-50.4,62.87],[-50.27,62.83],[-50.27,62.71],[-50.27,62.69],[-50.18,62.79],[-50.13,62.77],[-50.05,62.79],[-50.09,62.75],[-50.13,62.63],[-50.05,62.69],[-50.13,62.63],[-50.13,62.42],[-49.96,62.34],[-49.91,62.34],[-49.87,62.4],[-49.91,62.34],[-49.83,62.24],[-49.34,62.22],[-49.56,62.12],[-49.43,62.01],[-49.43,62.06],[-49.43,62.01],[-49.34,61.99],[-49.12,62.08],[-49.3,61.81],[-49.34,61.75],[-49.12,61.7],[-49.03,61.7],[-49.08,61.68],[-49.08,61.64],[-48.82,61.47],[-48.46,61.52],[-48.55,61.37],[-48.38,61.35],[-48.51,61.31],[-48.51,61.28],[-48.16,61.22],[-48.07,61.31],[-48.16,61.22],[-48.07,61.14],[-48.11,61.11],[-48.07,61.07],[-47.89,61.01],[-47.8,60.99],[-48.24,60.79],[-48.02,60.82],[-47.67,60.79],[-47.5,60.94],[-47.41,60.92],[-47.09,60.94],[-47.06,60.96],[-47.01,60.97],[-47.06,60.96],[-47.09,60.94],[-46.99,60.89],[-47.02,60.89],[-46.97,60.79],[-46.71,60.84],[-46.62,60.97],[-46.27,60.99],[-45.74,61.14],[-45.92,60.92],[-46.09,60.86],[-46.22,60.79],[-46.14,60.79],[-45.96,60.79],[-45.92,60.82],[-45.96,60.79],[-45.92,60.67],[-45.65,60.67],[-45.21,60.56],[-44.95,60.45],[-44.95,60.32],[-45.21,60.17],[-44.86,60.21],[-44.55,60.47],[-44.82,60.19],[-44.95,60.08],[-44.86,60.06],[-44.69,60.01],[-44.6,59.97],[-44.55,59.99]]],[[[-43.5,59.97],[-43.24,59.97],[-43.45,60.04],[-43.5,59.99],[-43.5,59.97]]],[[[-43.81,60.04],[-43.5,59.97],[-43.5,59.99],[-43.5,60.06],[-43.72,60.06],[-43.81,60.04]]],[[[-44.29,59.97],[-44.07,59.93],[-43.98,59.97],[-44.25,60.1],[-44.29,59.97]]]]},"properties":{"ISO_A3":"GRL"}},
{"type":"Feature","geometry":{"type":"Polygon","coordinates":[[[-71.75,18.02],[-71.66,17.98],[-71.66,17.77],[-71.35,17.68],[-71.27,17.89],[-71.18,17.93],[-71.09,18.18],[-70.56,18.39],[-70.48,18.23],[-70.17,18.23],[-70.04,18.44],[-69.73,18.48],[-69.64,18.44],[-69.2,18.44],[-69.03,18.39],[-68.89,18.39],[-68.76,18.27],[-68.45,18.35],[-68.32,18.56],[-68.37,18.69],[-68.54,18.77],[-68.67,18.93],[-68.94,19.02],[-69.03,18.98],[-69.29,19.06],[-69.2,19.18],[-69.25,19.31],[-69.64,19.31],[-69.86,19.35],[-69.86,19.52],[-69.95,19.68],[-70.3,19.64],[-70.48,19.8],[-70.65,19.76],[-70.83,19.89],[-71.05,19.93],[-71.13,19.85],[-71.4,19.85],[-71.57,19.93],[-71.75,19.72],[-71.71,19.47],[-71.75,19.35],[-71.71,19.1],[-71.84,18.98],[-71.71,18.77],[-71.88,18.52],[-71.71,18.35],[-71.79,18.18],[-71.75,18.02]]]},"properties":{"ISO_A3":"DOM"}},
{"type":"Feature","geometry":{"type":"Polygon","coordinates":[[[-4.83,25],[-4.18,24.56],[-3.74,24.32],[-3.34,24.04],[-2.99,23.84],[-1.85,23.08],[-1.67,23],[-1.1,22.59],[-0.92,22.51],[-0.48,22.22],[-0.35,22.1],[0.26,21.74],[0.57,21.49],[0.75,21.41],[1.18,21.08],[1.18,20.71],[1.54,20.63],[1.67,20.55],[1.67,20.38],[1.89,20.26],[2.33,20.22],[2.41,20.05],[2.72,20.05],[3.25,19.85],[3.25,19.43],[3.16,19.35],[3.12,19.14],[3.34,18.98],[3.65,19.02],[4.26,19.14],[5.71,19.43],[5.8,19.43],[6.5,20.01],[6.85,20.34],[7.29,20.71],[7.78,21.04],[7.95,21.12],[8.48,21.45],[9.09,21.86],[9.31,21.94],[9.66,22.18],[10.98,22.91],[11.2,23.08],[11.69,23.32],[11.99,23.52],[11.82,23.88],[11.6,24.24],[11.42,24.2],[10.89,24.56],[10.37,24.52],[10.19,24.68],[10.1,24.84],[10.02,25.36],[9.93,25.52],[9.4,26.19],[9.49,26.39],[9.88,26.51],[9.93,26.86],[9.84,26.94],[9.8,27.45],[9.88,27.48],[9.97,27.87],[9.84,28.3],[9.88,28.57],[9.88,29.03],[9.8,29.42],[9.53,29.91],[9.4,30.03],[9.4,30.18],[9.58,30.22],[9.44,30.71],[9.09,32.1],[8.35,32.5],[8.3,32.84],[8.08,33.06],[7.78,33.24],[7.73,33.43],[7.56,33.72],[7.51,34.05],[7.64,34.19],[7.82,34.23],[7.86,34.41],[8.26,34.63],[8.3,35.02],[8.43,35.2],[8.3,35.31],[8.39,35.49],[8.26,35.71],[8.26,35.95],[8.35,36.13],[8.39,36.42],[8.26,36.52],[8.7,36.84],[8.65,36.94],[7.82,36.84],[7.78,36.94],[7.51,37.05],[7.25,37.05],[7.16,36.91],[6.94,36.87],[6.63,36.94],[6.5,37.08],[6.33,37.08],[6.15,36.91],[5.67,36.77],[5.36,36.63],[5.23,36.63],[4.88,36.87],[4.44,36.91],[3.78,36.91],[3.51,36.77],[2.9,36.8],[2.59,36.59],[2.2,36.63],[2.02,36.56],[1.54,36.56],[0.92,36.45],[0.79,36.34],[0.44,36.24],[0.09,35.99],[0.04,35.85],[-0.13,35.78],[-0.35,35.92],[-0.62,35.71],[-0.75,35.74],[-1.06,35.67],[-1.23,35.53],[-1.36,35.31],[-1.5,35.31],[-1.67,35.17],[-1.98,35.06],[-2.2,35.1],[-2.2,35.02],[-1.76,34.7],[-1.76,34.34],[-1.67,34.12],[-1.72,33.87],[-1.58,33.61],[-1.67,33.24],[-1.45,33.06],[-1.54,32.95],[-1.36,32.73],[-1.01,32.54],[-1.23,32.36],[-1.19,32.1],[-1.63,32.1],[-1.89,32.17],[-2.46,32.17],[-2.9,32.1],[-2.86,31.84],[-3.12,31.72],[-3.65,31.65],[-3.65,31.39],[-3.78,31.35],[-3.74,31.16],[-3.52,31.01],[-3.65,30.86],[-3.65,30.71],[-3.82,30.63],[-4.13,30.6],[-4.31,30.52],[-4.61,30.29],[-4.92,30.14],[-5.32,29.84],[-5.32,29.76],[-5.58,29.49],[-5.71,29.61],[-5.93,29.57],[-6.5,29.57],[-6.86,29.49],[-7.25,29.49],[-7.34,29.38],[-7.6,29.38],[-8.17,28.99],[-8.26,28.99],[-8.48,28.8],[-8.66,28.72],[-8.66,27.68],[-8.66,27.33],[-8.44,27.17],[-8,26.94],[-7.51,26.62],[-6.86,26.23],[-6.15,25.84],[-5.93,25.68],[-5.45,25.4],[-5.05,25.12],[-4.83,25]]]},"properties":{"ISO_A3":"DZA"}},
{"type":"Feature","geometry":{"type":"MultiPolygon","coordinates":[[[[-90.6,-0.39],[-90.55,-0.26],[-90.64,-0.17],[-90.82,-0.17],[-90.82,-0.35],[-90.6,-0.39]]],[[[-91.52,-0.53],[-91.39,-0.48],[-91.39,-0.31],[-91.65,-0.31],[-91.65,-0.44],[-91.52,-0.53]]],[[[-90.38,-0.79],[-90.25,-0.75],[-90.16,-0.61],[-90.25,-0.48],[-90.51,-0.53],[-90.55,-0.7],[-90.38,-0.79]]],[[[-89.54,-0.97],[-89.41,-0.92],[-89.24,-0.75],[-89.37,-0.7],[-89.59,-0.88],[-89.54,-0.97]]],[[[-91.21,-1.05],[-90.91,-0.97],[-90.77,-0.75],[-90.91,-0.61],[-90.95,-0.44],[-91.17,-0.22],[-91.17,-0.09],[-91.35,0.13],[-91.39,-0.04],[-91.35,-0.35],[-91.08,-0.66],[-91.26,-0.66],[-91.52,-0.88],[-91.43,-1.01],[-91.21,-1.05]]],[[[-79.97,-2.37],[-79.92,-2.33],[-79.97,-2.33],[-79.97,-2.37]]],[[[-79.97,-2.42],[-79.97,-2.37],[-80.01,-2.37],[-79.97,-2.42]]],[[[-80.1,-2.46],[-80.05,-2.46],[-80.05,-2.42],[-80.1,-2.46]]],[[[-79.97,-2.68],[-79.88,-2.5],[-79.83,-2.42],[-79.88,-2.42],[-79.97,-2.42],[-80.01,-2.5],[-79.97,-2.68]]],[[[-80.23,-2.72],[-80.27,-3.03],[-80.1,-2.9],[-79.97,-2.68],[-80.23,-2.72]]],[[[-80.23,-3.38],[-80.23,-3.34],[-80.27,-3.34],[-80.23,-3.38]]],[[[-80.27,-3.42],[-80.27,-3.34],[-80.32,-3.38],[-80.27,-3.42]]],[[[-80.27,-4.43],[-80.19,-4.3],[-80.05,-4.3],[-79.83,-4.48],[-79.61,-4.43],[-79.53,-4.52],[-79.31,-4.96],[-79.09,-4.96],[-78.91,-4.87],[-78.91,-4.74],[-78.65,-4.56],[-78.65,-4.3],[-78.56,-4.21],[-78.56,-3.95],[-78.47,-3.91],[-78.38,-3.69],[-78.34,-3.38],[-78.12,-3.34],[-77.86,-2.99],[-77.33,-2.81],[-76.85,-2.68],[-76.63,-2.59],[-76.45,-2.46],[-76.06,-2.11],[-75.57,-1.54],[-75.4,-0.92],[-75.27,-0.79],[-75.22,-0.53],[-75.35,-0.48],[-75.48,-0.22],[-75.27,-0.13],[-75.79,0.04],[-76.06,0.35],[-76.41,0.4],[-76.41,0.26],[-76.98,0.26],[-77.33,0.4],[-77.51,0.42],[-77.51,0.57],[-77.68,0.7],[-77.68,0.84],[-77.95,0.84],[-78.16,0.92],[-78.3,1.06],[-78.3,1.19],[-78.52,1.19],[-78.78,1.41],[-79,1.27],[-79.09,1.14],[-79.48,1.06],[-79.75,0.97],[-79.79,0.88],[-80.05,0.84],[-80.01,0.4],[-80.01,0.22],[-80.05,0.04],[-80.41,-0.26],[-80.45,-0.66],[-80.63,-0.97],[-80.76,-0.92],[-80.93,-1.05],[-80.76,-1.27],[-80.76,-1.49],[-80.84,-1.62],[-80.71,-1.89],[-80.76,-2.11],[-80.93,-2.28],[-80.67,-2.42],[-80.32,-2.72],[-80.23,-2.72],[-80.1,-2.46],[-80.05,-2.42],[-80.01,-2.37],[-79.97,-2.33],[-79.92,-2.28],[-79.92,-2.33],[-79.88,-2.42],[-79.83,-2.42],[-79.88,-2.5],[-79.79,-2.55],[-79.75,-2.63],[-79.66,-2.55],[-79.75,-2.63],[-79.83,-2.81],[-79.83,-3.03],[-80.05,-3.29],[-80.05,-3.34],[-80.05,-3.38],[-80.05,-3.34],[-80.05,-3.29],[-80.19,-3.38],[-80.23,-3.38],[-80.23,-3.42],[-80.19,-3.78],[-80.27,-3.99],[-80.45,-3.99],[-80.45,-4.48],[-80.27,-4.43]]]]},"properties":{"ISO_A3":"ECU"}},
{"type":"Feature","geometry":{"type":"Polygon","coordinates":[[[25,21.98],[26.01,21.98],[27.15,21.98],[29,21.98],[30.27,21.98],[31.33,21.98],[32.99,21.98],[34.22,21.98],[36.86,21.98],[36.91,22.06],[36.42,22.35],[36.2,22.67],[35.89,22.71],[35.67,22.91],[35.67,23.08],[35.54,23.28],[35.5,23.48],[35.5,23.96],[35.41,24.24],[35.15,24.52],[35.1,24.72],[34.97,24.84],[34.93,25.04],[34.62,25.52],[34.58,25.72],[34.4,25.87],[33.92,26.74],[33.96,26.86],[33.83,27.09],[33.83,27.25],[33.52,27.6],[33.57,27.76],[33.57,27.91],[33.21,28.18],[33.13,28.38],[32.86,28.57],[32.86,28.69],[32.69,28.84],[32.64,29.26],[32.47,29.49],[32.38,29.72],[32.6,29.95],[32.69,29.76],[32.73,29.45],[32.82,29.3],[33.17,29.03],[33.21,28.57],[33.61,28.18],[34.05,27.8],[34.22,27.76],[34.44,27.99],[34.4,28.34],[34.62,28.69],[34.66,29.11],[34.75,29.34],[34.88,29.49],[34.84,29.8],[34.58,30.48],[34.31,31.05],[34.27,31.24],[34.22,31.31],[33.92,31.16],[33.48,31.09],[32.99,31.09],[32.6,31.05],[32.34,31.2],[32.31,31.12],[32.34,31.2],[31.98,31.42],[31.5,31.46],[31.15,31.61],[30.58,31.46],[30.4,31.5],[30.23,31.27],[30.05,31.31],[29.57,30.97],[29.22,30.82],[28.95,30.82],[28.91,30.9],[28.43,31.09],[27.94,31.09],[27.85,31.24],[27.46,31.2],[27.37,31.35],[26.84,31.42],[26.76,31.5],[26.45,31.5],[26.01,31.61],[25.83,31.61],[25.31,31.5],[25.13,31.65],[24.87,31.39],[24.87,31.16],[25,30.9],[24.95,30.52],[24.69,30.14],[24.78,30.06],[24.82,29.8],[24.91,29.61],[24.87,29.49],[25,29.26],[25,28.11],[25,26.86],[25,21.98]]]},"properties":{"ISO_A3":"EGY"}},
{"type":"Feature","geometry":{"type":"MultiPolygon","coordinates":[[[[40.07,16.04],[40.11,16.09],[40.07,16.09],[40.07,16.04]]],[[[40.02,15.62],[40.07,15.58],[40.42,15.58],[40.33,15.71],[40.16,15.71],[40.11,15.83],[39.94,15.71],[40.02,15.62]]],[[[42.4,12.47],[42.53,12.51],[42.66,12.38],[42.84,12.42],[42.88,12.64],[43.14,12.72],[43.01,12.85],[42.88,12.81],[42.75,12.9],[42.75,13.02],[42.57,13.2],[42.4,13.2],[42.31,13.58],[42.13,13.62],[42.05,13.75],[41.83,13.92],[41.69,13.92],[41.21,14.6],[40.73,14.82],[40.55,14.99],[40.2,14.94],[40.07,15.15],[40.07,15.37],[39.8,15.45],[39.63,15.37],[39.59,15.54],[39.45,15.54],[39.41,15.83],[39.28,15.96],[39.19,16.25],[39.15,16.72],[39.01,17.05],[39.01,17.18],[38.84,17.6],[38.66,17.81],[38.57,18.02],[38.44,17.89],[38.36,17.64],[38.27,17.56],[38,17.56],[37.78,17.39],[37.52,17.35],[37.48,17.14],[36.99,17.1],[36.99,16.76],[36.86,16.55],[36.95,16.47],[36.91,16.21],[36.77,15.83],[36.69,15.75],[36.51,15.24],[36.47,14.73],[36.55,14.26],[36.95,14.3],[37.17,14.43],[37.34,14.43],[37.52,14.18],[37.92,14.9],[38.09,14.69],[38.44,14.48],[38.66,14.43],[39.01,14.6],[39.15,14.6],[39.32,14.48],[39.5,14.52],[39.54,14.6],[39.76,14.56],[39.8,14.48],[40.02,14.43],[40.16,14.56],[40.24,14.43],[40.55,14.26],[40.82,14.18],[41.12,13.84],[41.39,13.49],[41.65,13.37],[42,12.9],[42.05,12.77],[42.22,12.77],[42.4,12.47]]]]},"properties":{"ISO_A3":"ERI"}},
{"type":"Feature","geometry":null,"properties":{"ISO_A3":"ESP"}},
{"type":"Feature","geometry":{"type":"MultiPolygon","coordinates":[[[[4.22,39.8],[4.3,39.9],[4.17,40.07],[3.91,40.07],[4.22,39.8]]],[[[3.16,39.94],[2.99,39.94],[2.5,39.7],[2.37,39.6],[2.5,39.46],[2.68,39.57],[2.77,39.36],[3.12,39.33],[3.47,39.67],[3.21,39.73],[3.16,39.94]]],[[[1.23,38.85],[1.4,38.85],[1.62,39.02],[1.36,39.09],[1.23,38.85]]],[[[-6.24,36.45],[-6.2,36.34],[-5.8,36.06],[-5.54,36.03],[-5.36,36.17],[-5.32,36.17],[-5.23,36.38],[-4.92,36.52],[-4.66,36.49],[-4.44,36.66],[-4.18,36.73],[-3.21,36.73],[-2.64,36.7],[-2.51,36.84],[-2.24,36.8],[-2.02,36.84],[-1.8,37.22],[-1.32,37.57],[-0.84,37.57],[-0.88,37.71],[-0.66,37.99],[-0.66,38.13],[-0.27,38.51],[-0.09,38.54],[0.22,38.75],[-0.09,38.92],[-0.31,39.29],[-0.31,39.53],[0,39.94],[0.53,40.54],[0.75,40.64],[0.7,40.81],[0.92,41.01],[1.18,41.11],[1.93,41.27],[2.11,41.27],[2.28,41.47],[2.9,41.7],[3.21,41.9],[3.12,42.12],[3.34,42.32],[3.16,42.45],[2.94,42.48],[2.68,42.35],[2.11,42.42],[1.98,42.35],[1.71,42.48],[1.45,42.45],[1.45,42.61],[0.88,42.84],[0.66,42.84],[0.61,42.71],[0.17,42.74],[0,42.68],[-0.27,42.84],[-0.57,42.81],[-0.75,42.97],[-1.01,42.97],[-1.32,43.09],[-1.5,43.29],[-1.8,43.35],[-2.29,43.29],[-2.51,43.38],[-2.95,43.45],[-2.99,43.35],[-3.43,43.41],[-3.56,43.51],[-3.96,43.48],[-4.22,43.38],[-4.57,43.38],[-4.83,43.45],[-5.23,43.48],[-5.27,43.54],[-5.93,43.57],[-6.94,43.57],[-7.03,43.54],[-7.25,43.57],[-7.47,43.73],[-7.73,43.76],[-7.87,43.7],[-8.04,43.7],[-8.31,43.54],[-8.26,43.38],[-8.92,43.29],[-9.18,43.19],[-9.27,42.97],[-8.88,42.64],[-8.83,42.64],[-8.88,42.45],[-8.66,42.29],[-8.88,42.09],[-8.88,41.86],[-8.66,42.06],[-8.17,42.12],[-8.22,41.93],[-8.09,41.8],[-7.91,41.9],[-7.6,41.9],[-7.3,41.83],[-7.08,41.96],[-6.64,41.93],[-6.5,41.67],[-6.28,41.67],[-6.2,41.54],[-6.55,41.24],[-6.86,41.04],[-6.81,40.87],[-6.81,40.37],[-7.03,40.21],[-6.86,40],[-7.03,39.67],[-7.51,39.6],[-7.34,39.46],[-7.25,39.19],[-6.94,39.02],[-7.03,38.85],[-7.25,38.75],[-7.34,38.47],[-7.16,38.23],[-6.94,38.13],[-6.99,38.02],[-7.25,37.99],[-7.43,37.75],[-7.51,37.54],[-7.43,37.4],[-7.43,37.19],[-6.94,37.19],[-6.5,36.98],[-6.37,36.63],[-6.24,36.49],[-6.24,36.45]]],[[[-13.49,29.22],[-13.53,29.11],[-13.8,29.07],[-13.75,28.92],[-13.45,29.03],[-13.49,29.22]]],[[[-17.84,28.45],[-17.75,28.57],[-17.75,28.8],[-17.93,28.84],[-18.02,28.76],[-17.84,28.45]]],[[[-14.32,28.03],[-14.19,28.18],[-13.93,28.22],[-13.84,28.42],[-13.84,28.72],[-14.02,28.61],[-14.19,28.34],[-14.19,28.22],[-14.32,28.03]]],[[[-16.7,27.99],[-16.43,28.15],[-16.3,28.42],[-16.92,28.38],[-16.7,27.99]]],[[[-15.6,27.72],[-15.38,27.87],[-15.42,28.15],[-15.64,28.18],[-15.82,27.91],[-15.6,27.72]]]]},"properties":{"ISO_A3":"ESP"}},
{"type":"Feature","geometry":{"type":"MultiPolygon","coordinates":[[[[22.49,58.69],[22.67,58.69],[23.02,58.92],[22.67,59.06],[22.36,58.9],[22.49,58.69]]],[[[22.23,58.14],[22.63,58.23],[22.85,58.28],[23.15,58.46],[22.93,58.62],[22.54,58.62],[22.1,58.49],[21.97,58.33],[21.92,58.3],[22.23,58.14]]],[[[24.34,57.88],[25.22,58.07],[25.44,58.02],[26.18,57.72],[26.54,57.51],[26.93,57.63],[27.37,57.51],[27.68,57.93],[27.5,58.23],[27.55,58.37],[27.37,58.78],[27.77,59.01],[28.03,59.48],[27.9,59.39],[27.46,59.44],[26.89,59.44],[26.76,59.53],[25.48,59.59],[25.35,59.5],[24.91,59.5],[24.78,59.57],[24.78,59.44],[24.38,59.48],[24.08,59.28],[23.5,59.21],[23.42,58.9],[23.59,58.72],[23.5,58.58],[23.72,58.35],[24.47,58.26],[24.47,58.07],[24.34,57.88]]]]},"properties":{"ISO_A3":"EST"}},
{"type":"Feature","geometry":{"type":"Polygon","coordinates":[[[19.55,60.23],[19.77,60.1],[20.03,60.1],[20.21,60.34],[19.81,60.41],[19.64,60.25],[19.55,60.23]]]},"properties":{"ISO_A3":"ALA"}},
{"type":"Feature","geometry":{"type":"MultiPolygon","coordinates":[[[[22.47,60.35],[22.54,60.39],[22.45,60.36],[22.47,60.35]]],[[[21.83,60.49],[22.01,60.34],[22.05,60.45],[21.83,60.49]]],[[[22.19,60.25],[22.27,60.19],[22.32,60.23],[22.45,60.28],[22.54,60.34],[22.47,60.35],[22.45,60.36],[22.19,60.34],[22.1,60.28],[22.19,60.25]]],[[[22.85,60.01],[22.93,60.06],[22.93,60.08],[22.85,60.01]]],[[[23.9,59.99],[23.94,59.99],[23.9,60.01],[23.9,59.99]]],[[[23.86,59.97],[23.9,59.99],[23.86,59.99],[23.86,59.97]]],[[[23.15,59.95],[23.37,59.93],[23.4,59.96],[23.42,59.97],[23.46,60.01],[23.42,59.97],[23.4,59.96],[23.37,59.93],[23.59,59.93],[23.86,59.99],[23.9,60.01],[24.47,59.99],[24.73,60.15],[25,60.19],[25.04,60.19],[25.57,60.32],[25.66,60.36],[25.7,60.34],[25.66,60.28],[26.14,60.3],[26.05,60.43],[26.27,60.41],[26.4,60.41],[26.89,60.47],[27.2,60.54],[27.81,60.54],[28.07,60.73],[29.61,61.49],[29.79,61.64],[30.93,62.34],[31.15,62.44],[31.59,62.91],[31.28,63.09],[31.24,63.23],[30.49,63.46],[29.96,63.76],[30.27,63.81],[30.53,64.05],[30.49,64.26],[30.14,64.35],[30.01,64.48],[30.14,64.65],[30.05,64.79],[29.74,64.79],[29.61,65.07],[29.88,65.21],[29.74,65.34],[29.74,65.63],[30.01,65.69],[30.09,65.85],[29.92,66.14],[29.7,66.28],[29.44,66.58],[29.04,66.85],[29.04,66.96],[29.92,67.52],[30.01,67.67],[29.66,67.8],[29.35,68.07],[28.65,68.2],[28.43,68.54],[28.82,68.87],[28.91,69.05],[28.82,69.22],[29.35,69.48],[29.13,69.7],[28.43,69.82],[27.99,70.01],[27.33,69.95],[26.45,69.94],[25.92,69.68],[25.61,68.89],[25.26,68.86],[24.95,68.62],[24.3,68.71],[23.99,68.83],[23.68,68.7],[23.15,68.63],[22.36,68.83],[21.62,69.28],[21.26,69.31],[20.56,69.06],[22.01,68.51],[22.8,68.39],[23.15,68.25],[23.46,68.02],[23.37,67.49],[23.77,67.43],[23.55,67.16],[23.99,66.79],[23.9,66.58],[23.64,66.45],[23.68,66.22],[23.94,66.12],[24.16,65.85],[24.16,65.8],[24.6,65.69],[25.22,65.56],[25.35,65.41],[25.22,65.18],[25.35,65.1],[25.44,65.03],[24.73,64.88],[24.38,64.65],[24.38,64.56],[23.68,64.2],[23.55,64.05],[22.98,63.83],[22.67,63.79],[22.19,63.46],[22.19,63.27],[22.01,63.23],[22.01,63.21],[21.97,63.19],[22.01,63.21],[22.01,63.23],[21.53,63.25],[21.62,63.11],[21.44,63.01],[21.13,62.81],[21.18,62.42],[21.35,62.38],[21.31,61.99],[21.66,61.58],[21.53,61.41],[21.48,61.14],[21.31,60.92],[21.4,60.75],[21.48,60.58],[21.83,60.49],[22.05,60.45],[22.19,60.45],[22.19,60.34],[22.32,60.36],[22.27,60.39],[22.23,60.37],[22.27,60.39],[22.49,60.41],[22.54,60.39],[22.54,60.34],[22.45,60.28],[22.54,60.21],[22.36,60.06],[22.76,60.01],[22.85,60.1],[22.93,60.08],[23.02,60.06],[23.07,60.05],[23.11,60.04],[23.07,60.05],[23.02,60.06],[22.98,60.04],[22.85,59.97],[23.15,59.95]]]]},"properties":{"ISO_A3":"FIN"}},
{"type":"Feature","geometry":{"type":"MultiPolygon","coordinates":[[[[178.64,-18.06],[178.6,-17.97],[178.6,-17.64],[178.16,-17.35],[177.77,-17.43],[177.41,-17.64],[177.28,-17.85],[177.28,-18.1],[177.46,-18.18],[177.68,-18.18],[177.81,-18.27],[178.16,-18.27],[178.25,-18.14],[178.6,-18.14],[178.64,-18.06]]],[[[179.96,-16.17],[179.52,-16.25],[179.3,-16.42],[178.95,-16.46],[178.78,-16.63],[178.56,-16.72],[178.56,-16.8],[178.78,-17.01],[178.82,-16.88],[179.04,-16.88],[179.17,-16.72],[179.3,-16.8],[179.61,-16.8],[179.87,-16.67],[179.87,-16.51],[179.57,-16.63],[179.74,-16.38],[179.96,-16.17]]]]},"properties":{"ISO_A3":"FJI"}},
{"type":"Feature","geometry":{"type":"Polygon","coordinates":[[[-109.23,10.27],[-109.18,10.31],[-109.23,10.31],[-109.23,10.27]]]},"properties":{"ISO_A3":"FRA"}},
{"type":"Feature","geometry":{"type":"MultiPolygon","coordinates":[[[[1.71,42.48],[1.98,42.35],[2.11,42.42],[2.68,42.35],[2.94,42.48],[3.16,42.45],[3.03,42.55],[3.03,42.97],[3.16,43.16],[3.34,43.29],[3.51,43.29],[3.95,43.54],[4.22,43.45],[4.57,43.45],[4.61,43.35],[5.05,43.32],[5.36,43.35],[5.36,43.22],[5.8,43.06],[5.93,43.09],[6.15,43.09],[6.68,43.19],[6.72,43.41],[7.12,43.57],[7.16,43.67],[7.51,43.8],[7.64,44.02],[6.98,44.24],[6.85,44.52],[7.03,44.77],[6.76,44.9],[6.85,45.11],[7.12,45.27],[7.16,45.42],[6.98,45.52],[6.81,45.82],[7.03,45.91],[6.9,46.13],[6.81,46.43],[6.5,46.46],[6.24,46.37],[6.06,46.43],[6.11,46.58],[6.46,46.79],[6.46,46.94],[6.72,47.03],[7.03,47.36],[7.47,47.48],[7.6,47.6],[7.51,47.78],[7.64,47.98],[7.6,48.16],[7.95,48.77],[8.17,48.94],[7.91,49.06],[7.6,49.09],[7.51,49.17],[7.12,49.12],[6.85,49.15],[6.46,49.46],[6.37,49.46],[6.19,49.52],[5.97,49.46],[5.84,49.55],[5.45,49.52],[5.27,49.69],[4.88,49.8],[4.83,50.11],[4.52,49.94],[4.13,49.97],[4.22,50.25],[4.08,50.34],[3.65,50.34],[3.6,50.51],[3.29,50.53],[3.25,50.7],[3.03,50.79],[2.85,50.7],[2.63,50.81],[2.55,51.09],[1.98,51.01],[1.62,50.87],[1.54,50.2],[1.45,50.09],[1.05,49.92],[0.57,49.86],[0.17,49.69],[0.09,49.49],[-0.09,49.29],[-0.4,49.35],[-0.84,49.35],[-1.14,49.4],[-1.5,49.66],[-1.85,49.69],[-1.8,49.46],[-1.58,49.15],[-1.58,48.74],[-1.76,48.6],[-1.89,48.68],[-2.15,48.63],[-2.33,48.68],[-2.73,48.54],[-3.12,48.86],[-3.56,48.83],[-3.56,48.68],[-3.82,48.71],[-4.57,48.63],[-4.79,48.51],[-4.75,48.36],[-4.57,48.33],[-4.31,48.31],[-4.57,48.31],[-4.26,48.16],[-4.48,48.01],[-4.26,47.78],[-3.96,47.87],[-3.78,47.78],[-3.52,47.78],[-3.12,47.57],[-2.86,47.54],[-2.64,47.51],[-2.55,47.36],[-1.98,47.03],[-2.15,46.88],[-1.89,46.67],[-1.8,46.52],[-1.19,46.28],[-1.06,45.91],[-1.23,45.79],[-1.14,45.67],[-1.14,45.3],[-1.23,44.71],[-1.28,44.24],[-1.45,43.64],[-1.58,43.45],[-1.8,43.35],[-1.5,43.29],[-1.32,43.09],[-1.01,42.97],[-0.75,42.97],[-0.57,42.81],[-0.27,42.84],[0,42.68],[0.17,42.74],[0.61,42.71],[0.66,42.84],[0.88,42.84],[1.45,42.61],[1.62,42.64],[1.71,42.48]]],[[[9.18,41.37],[9.36,41.57],[9.4,41.96],[9.53,42.22],[9.53,42.58],[9.36,42.74],[9.14,42.74],[8.87,42.64],[8.65,42.42],[8.57,42.22],[8.7,41.9],[8.87,41.67],[8.79,41.6],[9.18,41.37]]]]},"properties":{"ISO_A3":"FRA"}},
{"type":"Feature","geometry":{"type":"Polygon","coordinates":[[[-51.67,4.08],[-51.63,4.21],[-51.71,4.3],[-51.76,4.52],[-51.85,4.65],[-52.02,4.65],[-52.24,4.87],[-52.46,5.05],[-52.64,5.13],[-52.99,5.48],[-53.52,5.57],[-53.56,5.62],[-53.96,5.75],[-54,5.53],[-54.44,5.09],[-54.44,4.43],[-54.4,4.17],[-54.31,3.95],[-54,3.65],[-54,3.43],[-54.09,3.29],[-54,3.12],[-54,2.55],[-54.18,2.33],[-54.18,2.2],[-53.96,2.2],[-53.91,2.28],[-53.47,2.24],[-53.38,2.33],[-53.21,2.2],[-53.12,2.24],[-52.95,2.15],[-52.86,2.28],[-52.55,2.5],[-52.55,2.64],[-52.37,2.9],[-52.29,3.25],[-52.11,3.43],[-51.93,3.78],[-51.67,4.08]]]},"properties":{"ISO_A3":"GUF"}},
{"type":"Feature","geometry":{"type":"MultiPolygon","coordinates":[[[[-140.2,-8.97],[-140.03,-8.93],[-140.03,-8.8],[-140.25,-8.8],[-140.2,-8.97]]],[[[-149.17,-17.89],[-149.12,-17.77],[-149.3,-17.72],[-149.39,-17.51],[-149.56,-17.51],[-149.56,-17.77],[-149.34,-17.77],[-149.17,-17.89]]]]},"properties":{"ISO_A3":"PYF"}},
{"type":"Feature","geometry":{"type":"MultiPolygon","coordinates":[[[[69.95,-49.4],[69.95,-49.37],[69.9,-49.37],[69.95,-49.4]]],[[[68.8,-49.37],[68.89,-49.46],[68.76,-49.72],[69.07,-49.72],[69.07,-49.6],[69.68,-49.55],[69.81,-49.66],[70.08,-49.75],[70.3,-49.63],[70.12,-49.52],[69.95,-49.57],[69.86,-49.55],[69.95,-49.55],[69.9,-49.43],[69.9,-49.37],[69.95,-49.37],[70.3,-49.4],[70.52,-49.32],[70.52,-49.09],[70.3,-49.06],[70.03,-49.12],[69.86,-49.26],[69.55,-49.26],[69.46,-49.26],[69.42,-49.12],[69.59,-49.15],[69.33,-49.09],[69.2,-49.12],[69.33,-49.09],[69.33,-48.89],[69.02,-49.03],[69.15,-48.86],[69.07,-48.74],[68.98,-48.68],[68.76,-49],[68.8,-49.37]]]]},"properties":{"ISO_A3":"ATF"}},
{"type":"Feature","geometry":{"type":"MultiPolygon","coordinates":[[[[-61.6,16.25],[-61.42,16.21],[-61.42,16.38],[-61.6,16.25]]],[[[-61.6,16.25],[-61.78,16.25],[-61.78,16.04],[-61.56,16],[-61.6,16.25]]]]},"properties":{"ISO_A3":"GLP"}},
{"type":"Feature","geometry":{"type":"Polygon","coordinates":[[[-60.94,14.73],[-61.07,14.86],[-61.21,14.86],[-61.07,14.48],[-60.85,14.48],[-60.94,14.69],[-60.94,14.73]]]},"properties":{"ISO_A3":"MTQ"}},
{"type":"Feature","geometry":{"type":"Polygon","coordinates":[[[45.17,-12.94],[45.21,-12.72],[45.12,-12.72],[45.17,-12.94]]]},"properties":{"ISO_A3":"MYT"}},
{"type":"Feature","geometry":{"type":"MultiPolygon","coordinates":[[[[167.35,-21.2],[167.27,-20.71],[167.05,-20.96],[167.13,-21.08],[167.27,-21.08],[167.35,-21.2]]],[[[167.97,-21.65],[168.06,-21.65],[168.14,-21.45],[167.84,-21.41],[167.88,-21.61],[167.97,-21.65]]],[[[166.39,-22.22],[166.56,-22.22],[166.83,-22.39],[167,-22.35],[166.96,-22.1],[166.74,-21.94],[166.65,-21.94],[166.43,-21.69],[165.99,-21.45],[165.95,-21.45],[165.64,-21.28],[165.6,-21.16],[165.42,-21.08],[165.2,-20.75],[165.07,-20.75],[164.85,-20.63],[164.41,-20.26],[164.32,-20.26],[164.23,-20.3],[164.06,-20.13],[164.19,-20.34],[164.15,-20.42],[164.32,-20.59],[164.54,-20.92],[164.85,-21.12],[164.94,-21.28],[165.16,-21.49],[165.51,-21.69],[165.82,-21.78],[165.95,-21.94],[166.08,-21.94],[166.25,-22.18],[166.39,-22.22]]]]},"properties":{"ISO_A3":"NCL"}},
{"type":"Feature","geometry":{"type":"Polygon","coordinates":[[[55.8,-21.12],[55.67,-20.96],[55.4,-20.87],[55.27,-20.92],[55.27,-21.2],[55.4,-21.33],[55.8,-21.37],[55.8,-21.12]]]},"properties":{"ISO_A3":"REU"}},
{"type":"Feature","geometry":{"type":"Polygon","coordinates":[[[-56.37,46.79],[-56.24,46.85],[-56.33,46.88],[-56.37,46.79]]]},"properties":{"ISO_A3":"SPM"}},
{"type":"Feature","geometry":{"type":"Polygon","coordinates":[[[-176.23,-13.36],[-176.19,-13.36],[-176.19,-13.24],[-176.23,-13.24],[-176.23,-13.36]]]},"properties":{"ISO_A3":"WLF"}},
{"type":"Feature","geometry":{"type":"Polygon","coordinates":[[[-62.83,17.89],[-62.83,17.93],[-62.87,17.93],[-62.83,17.89]]]},"properties":{"ISO_A3":"BLM"}},
{"type":"Feature","geometry":{"type":"Polygon","coordinates":[[[-63.09,18.06],[-63.05,18.06],[-63.01,18.1],[-63.09,18.1],[-63.09,18.06]]]},"properties":{"ISO_A3":"MAF"}},
{"type":"Feature","geometry":{"type":"Polygon","coordinates":[[[158.17,6.79],[158.3,6.79],[158.26,6.97],[158.17,6.97],[158.17,6.79]]]},"properties":{"ISO_A3":"FSM"}},
{"type":"Feature","geometry":{"type":"Polygon","coordinates":[[[11.16,-3.95],[11.25,-3.69],[11.47,-3.51],[11.64,-3.64],[11.86,-3.69],[11.95,-3.34],[11.77,-3.2],[11.77,-3.03],[11.64,-2.94],[11.55,-2.72],[11.55,-2.42],[11.69,-2.5],[12.04,-2.42],[12.52,-2.42],[12.48,-2.33],[12.48,-1.89],[12.74,-1.84],[12.87,-1.98],[12.92,-2.2],[13.05,-2.33],[13.22,-2.33],[13.31,-2.42],[13.53,-2.37],[13.71,-2.2],[13.93,-2.37],[13.93,-2.5],[14.1,-2.5],[14.28,-1.98],[14.45,-1.84],[14.41,-1.62],[14.5,-1.49],[14.45,-1.19],[14.45,-0.75],[14.54,-0.66],[14.37,-0.44],[14.19,-0.44],[14.15,-0.26],[13.97,-0.26],[13.93,0.13],[13.88,0.18],[14.06,0.53],[14.23,0.53],[14.5,0.84],[14.19,1.41],[13.84,1.41],[13.62,1.36],[13.57,1.27],[13.22,1.27],[13.22,1.49],[13.14,1.71],[13.22,1.85],[13.22,2.02],[13.31,2.15],[13.18,2.28],[13.09,2.24],[12.43,2.24],[12.39,2.28],[11.38,2.28],[11.33,2.15],[11.33,1.01],[10.02,1.01],[9.93,0.92],[9.66,1.06],[9.58,1.01],[9.62,0.79],[9.53,0.66],[9.31,0.62],[9.49,0.31],[9.58,0.31],[9.75,0.13],[9.49,0.13],[9.4,0.22],[9.31,0.13],[9.31,-0.39],[9.05,-0.7],[8.96,-0.66],[8.79,-0.79],[8.87,-1.05],[9.01,-1.23],[9.05,-1.41],[9.27,-1.67],[9.27,-1.89],[9.58,-2.24],[9.62,-2.42],[9.88,-2.63],[9.88,-2.72],[10.37,-3.03],[10.67,-3.42],[11.03,-3.78],[11.16,-3.95]]]},"properties":{"ISO_A3":"GAB"}},
{"type":"Feature","geometry":{"type":"Polygon","coordinates":[[[-63.09,18.18],[-63.05,18.18],[-63.01,18.23],[-63.09,18.23],[-63.09,18.18]]]},"properties":{"ISO_A3":"AIA"}},
{"type":"Feature","geometry":{"type":"Polygon","coordinates":[[[-64.72,32.36],[-64.81,32.32],[-64.81,32.24],[-64.68,32.32],[-64.72,32.36]]]},"properties":{"ISO_A3":"BMU"}},
{"type":"Feature","geometry":{"type":"Polygon","coordinates":[[[71.22,-6.44],[71.26,-6.4],[71.26,-6.31],[71.22,-6.44]]]},"properties":{"ISO_A3":"IOT"}},
{"type":"Feature","geometry":{"type":"Polygon","coordinates":[[[-64.59,18.44],[-64.68,18.44],[-64.68,18.39],[-64.63,18.39],[-64.59,18.44]]]},"properties":{"ISO_A3":"VGB"}},
{"type":"Feature","geometry":{"type":"Polygon","coordinates":[[[-81.37,19.27],[-81.24,19.27],[-81.28,19.35],[-81.37,19.27]]]},"properties":{"ISO_A3":"CYM"}},
{"type":"Feature","geometry":{"type":"Polygon","coordinates":[[[-5.36,36.17],[-5.36,36.13],[-5.32,36.17],[-5.36,36.17]]]},"properties":{"ISO_A3":"GIB"}},
{"type":"Feature","geometry":{"type":"Polygon","coordinates":[[[-2.64,49.43],[-2.55,49.43],[-2.59,49.49],[-2.64,49.43]]]},"properties":{"ISO_A3":"GGY"}},
{"type":"Feature","geometry":{"type":"Polygon","coordinates":[[[-4.48,54.39],[-4.7,54.23],[-4.61,54.08],[-4.31,54.28],[-4.48,54.39]]]},"properties":{"ISO_A3":"IMN"}},
{"type":"Feature","geometry":{"type":"Polygon","coordinates":[[[-2.15,49.2],[-2.02,49.17],[-2.02,49.23],[-2.11,49.26],[-2.15,49.2]]]},"properties":{"ISO_A3":"JEY"}},
{"type":"Feature","geometry":{"type":"Polygon","coordinates":[[[-62.22,16.68],[-62.13,16.76],[-62.22,16.8],[-62.22,16.68]]]},"properties":{"ISO_A3":"MSR"}},
{"type":"Feature","geometry":{"type":"Polygon","coordinates":[[[-128.3,-24.32],[-128.34,-24.32],[-128.34,-24.4],[-128.3,-24.4],[-128.3,-24.32]]]},"properties":{"ISO_A3":"PCN"}},
{"type":"Feature","geometry":{"type":"Polygon","coordinates":[[[-14.41,-8.01],[-14.32,-7.93],[-14.41,-7.88],[-14.41,-8.01]]]},"properties":{"ISO_A3":"SHN"}},
{"type":"Feature","geometry":{"type":"Polygon","coordinates":[[[-71.66,21.74],[-71.66,21.82],[-71.79,21.82],[-71.84,21.78],[-71.71,21.78],[-71.66,21.74]]]},"properties":{"ISO_A3":"TCA"}},
{"type":"Feature","geometry":{"type":"MultiPolygon","coordinates":[[[[33.7,34.99],[33.92,34.95],[33.7,35.02],[33.7,34.99]]],[[[32.78,34.66],[32.99,34.63],[32.95,34.66],[32.78,34.66]]]]},"properties":{"ISO_A3":"GBR"}},
{"type":"Feature","geometry":{"type":"MultiPolygon","coordinates":[[[[-2.9,58.85],[-2.86,58.97],[-2.99,59.08],[-3.34,59.15],[-3.3,58.94],[-2.9,58.85]]],[[[-6.86,58.21],[-7.08,58.21],[-7.08,57.81],[-6.72,57.88],[-6.68,57.93],[-6.72,57.98],[-6.68,57.93],[-6.37,58],[-6.28,58.21],[-6.33,58.23],[-6.5,58.39],[-6.77,58.23],[-6.86,58.21]]],[[[-7.21,57.7],[-7.51,57.6],[-7.21,57.49],[-7.16,57.51],[-7.21,57.7]]],[[[-7.34,57.41],[-7.43,57.15],[-7.3,57.11],[-7.25,57.15],[-7.21,57.34],[-7.34,57.41]]],[[[-6.37,56.33],[-6.06,56.29],[-5.76,56.33],[-5.63,56.46],[-5.98,56.58],[-6.15,56.48],[-6.02,56.48],[-6.37,56.33]]],[[[-6.28,55.57],[-6.06,55.65],[-5.8,56.02],[-6.46,55.84],[-6.24,55.67],[-6.28,55.57]]],[[[-5.19,55.42],[-5.14,55.67],[-5.41,55.62],[-5.19,55.42]]],[[[-7.25,55.07],[-7.56,54.74],[-7.82,54.72],[-7.82,54.54],[-8.17,54.44],[-7.56,54.13],[-7.25,54.13],[-7.16,54.34],[-6.86,54.34],[-6.68,54.05],[-6.28,54.1],[-6.06,54.03],[-5.89,54.21],[-5.63,54.26],[-5.45,54.51],[-5.8,54.84],[-5.98,54.97],[-6.02,55.15],[-6.5,55.25],[-6.94,55.2],[-7.03,55.07],[-7.25,55.07]]],[[[0.53,51.53],[0.61,51.53],[0.55,51.55],[0.53,51.53]]],[[[-1.01,50.79],[-0.92,50.79],[-0.97,50.84],[-1.01,50.79]]],[[[-1.1,50.79],[-1.01,50.79],[-1.06,50.84],[-1.1,50.79]]],[[[-5.05,51.67],[-4.79,51.64],[-4.61,51.75],[-4.26,51.67],[-4.22,51.53],[-3.87,51.61],[-3.56,51.39],[-3.21,51.39],[-2.86,51.56],[-3.03,51.23],[-3.3,51.17],[-3.56,51.23],[-4.22,51.2],[-4.22,51.03],[-4.53,51.03],[-4.57,50.79],[-5.05,50.51],[-5.32,50.23],[-5.32,50.09],[-5.1,50],[-5.05,50.2],[-4.79,50.23],[-4.75,50.34],[-4.22,50.34],[-4.18,50.37],[-4.22,50.39],[-4.18,50.37],[-4.04,50.28],[-3.69,50.2],[-3.52,50.37],[-3.43,50.62],[-2.81,50.73],[-2.46,50.62],[-2.15,50.62],[-2.02,50.7],[-1.54,50.73],[-1.28,50.84],[-1.1,50.79],[-1.06,50.84],[-0.97,50.84],[-0.92,50.79],[-0.27,50.84],[0.26,50.73],[0.44,50.84],[0.96,50.92],[1.05,51.06],[1.4,51.14],[1.36,51.34],[1.23,51.39],[0.88,51.34],[0.7,51.42],[0.53,51.53],[0.55,51.55],[0.61,51.53],[0.83,51.56],[0.83,51.58],[0.83,51.56],[0.9,51.77],[1.01,51.8],[1.23,51.8],[1.32,51.94],[1.58,52.07],[1.71,52.34],[1.76,52.64],[1.62,52.8],[1.27,52.95],[0.53,52.98],[0.44,52.85],[0.22,52.82],[0.09,52.95],[0.31,53.09],[0.35,53.25],[0.22,53.43],[-0.09,53.59],[0.13,53.66],[-0.18,53.9],[-0.18,54.1],[-0.57,54.49],[-1.19,54.67],[-1.36,54.97],[-1.54,55.15],[-1.58,55.5],[-1.98,55.74],[-2.15,55.92],[-2.81,56.06],[-2.68,56.21],[-2.86,56.46],[-3.19,56.37],[-2.86,56.46],[-2.73,56.46],[-2.46,56.7],[-2.2,56.87],[-2.07,57.2],[-1.76,57.51],[-2.15,57.67],[-3.03,57.67],[-3.43,57.72],[-3.6,57.65],[-3.87,57.58],[-4.26,57.67],[-4.18,57.86],[-4,57.98],[-3.21,58.3],[-3.03,58.46],[-3.03,58.65],[-3.43,58.65],[-3.87,58.56],[-4.4,58.51],[-4.48,58.58],[-5.05,58.53],[-5.14,58.28],[-5.36,58.21],[-5.27,57.98],[-5.1,57.86],[-5.32,57.91],[-5.41,57.91],[-5.8,57.86],[-5.8,57.58],[-5.63,57.39],[-5.93,57.27],[-6.06,57.32],[-6.15,57.41],[-6.15,57.58],[-6.64,57.46],[-6.64,57.34],[-6.33,57.15],[-6.2,57.18],[-5.93,57.03],[-5.67,57.22],[-5.54,57.27],[-5.67,57.22],[-5.58,57.13],[-5.85,56.89],[-5.89,56.82],[-5.8,56.69],[-5.76,56.7],[-5.67,56.67],[-5.76,56.7],[-5.8,56.69],[-5.98,56.58],[-5.67,56.5],[-5.23,56.72],[-5.14,56.84],[-5.23,56.72],[-5.41,56.53],[-5.63,56.26],[-5.54,56.16],[-5.63,55.89],[-5.58,55.77],[-5.71,55.6],[-5.71,55.42],[-5.54,55.37],[-5.49,55.65],[-5.32,55.82],[-5.45,55.97],[-5.19,56.14],[-5.1,56.16],[-5.19,56.14],[-5.36,55.89],[-5.05,55.87],[-5.05,55.92],[-5.05,55.87],[-4.88,56.02],[-4.92,55.72],[-4.66,55.57],[-5.05,55],[-4.48,54.69],[-4.35,54.82],[-4.13,54.77],[-3.82,54.87],[-3.38,54.89],[-3.56,54.67],[-3.6,54.49],[-3.34,54.18],[-2.81,54.18],[-3.03,53.92],[-2.99,53.66],[-3.12,53.56],[-2.99,53.38],[-3.56,53.3],[-3.82,53.32],[-3.82,53.3],[-4.13,53.25],[-4.26,53.4],[-4.57,53.4],[-4.57,53.25],[-4.13,52.9],[-4.04,52.72],[-4.04,52.53],[-4.26,52.23],[-4.83,52.02],[-5.1,52.02],[-5.19,51.72],[-5.05,51.69],[-5.05,51.67]]]]},"properties":{"ISO_A3":"GBR"}},
{"type":"Feature","geometry":{"type":"Polygon","coordinates":[[[45.03,41.3],[45.25,41.47],[45.47,41.47],[45.56,41.37],[45.91,41.21],[46.26,41.21],[46.48,41.07],[46.66,41.11],[46.7,41.34],[46.53,41.4],[46.18,41.63],[46.44,41.9],[45.74,42.12],[45.78,42.48],[45.38,42.55],[45.17,42.71],[44.73,42.74],[44.29,42.71],[44.15,42.61],[43.76,42.61],[43.8,42.74],[43.45,42.9],[43.19,42.93],[42.92,43.16],[42.66,43.13],[42.44,43.22],[41.61,43.22],[41.43,43.35],[41.08,43.38],[40.73,43.54],[40.11,43.57],[40.02,43.38],[40.24,43.32],[40.33,43.16],[40.82,43.09],[41.12,42.84],[41.47,42.71],[41.56,42.38],[41.74,42.06],[41.78,41.8],[41.56,41.54],[41.83,41.44],[41.91,41.5],[42.27,41.5],[42.53,41.44],[42.62,41.6],[42.84,41.6],[42.84,41.47],[43.5,41.14],[43.76,41.11],[44.2,41.24],[44.29,41.21],[44.81,41.24],[45.03,41.3]]]},"properties":{"ISO_A3":"GEO"}},
{"type":"Feature","geometry":{"type":"MultiPolygon","coordinates":[[[[-14.9,10.88],[-14.85,10.96],[-14.9,10.92],[-14.9,10.88]]],[[[-14.19,10.1],[-14.06,10.05],[-14.11,10.1],[-14.11,10.14],[-14.15,10.14],[-14.19,10.1]]],[[[-13.75,9.84],[-13.71,9.84],[-13.71,9.88],[-13.75,9.84]]],[[[-13.8,9.84],[-13.75,9.79],[-13.75,9.84],[-13.8,9.84]]],[[[-9.71,8.49],[-9.49,8.32],[-9.45,7.88],[-9.36,7.8],[-9.32,7.45],[-9.18,7.41],[-9.1,7.23],[-8.83,7.27],[-8.83,7.41],[-8.66,7.67],[-8.48,7.54],[-8.17,7.58],[-8.13,7.93],[-8,8.1],[-8.22,8.23],[-8.22,8.49],[-7.91,8.49],[-7.73,8.36],[-7.65,8.41],[-7.69,8.67],[-7.95,8.8],[-7.87,9.06],[-7.91,9.19],[-7.87,9.4],[-8.04,9.4],[-8.13,9.49],[-8.13,10.05],[-8,10.18],[-7.95,10.27],[-8.26,10.49],[-8.31,10.62],[-8.31,11.05],[-8.66,11.05],[-8.57,11.22],[-8.35,11.26],[-8.53,11.48],[-8.83,11.65],[-8.79,11.99],[-8.92,12.04],[-8.96,12.34],[-9.23,12.51],[-9.36,12.51],[-9.32,12.25],[-9.49,12.25],[-9.67,12.17],[-9.67,12.04],[-9.84,12.04],[-10.15,12.21],[-10.37,12.21],[-10.63,11.91],[-10.77,11.95],[-10.81,12.12],[-11.03,12.21],[-11.21,11.99],[-11.51,12.21],[-11.38,12.42],[-11.86,12.38],[-12.13,12.42],[-12.22,12.34],[-12.48,12.42],[-12.74,12.42],[-12.88,12.51],[-13.05,12.47],[-13.05,12.64],[-13.36,12.64],[-13.71,12.68],[-13.67,12.51],[-13.71,12.25],[-13.97,12.21],[-13.8,12.04],[-13.71,12.04],[-13.71,11.69],[-13.89,11.65],[-14.24,11.65],[-14.5,11.48],[-14.68,11.48],[-14.81,11.35],[-14.94,11],[-14.98,11],[-15.03,10.92],[-14.9,10.88],[-14.9,10.92],[-14.85,10.96],[-14.76,10.96],[-14.72,11],[-14.76,10.96],[-14.76,10.83],[-14.68,10.66],[-14.59,10.75],[-14.59,10.79],[-14.68,10.79],[-14.59,10.79],[-14.59,10.75],[-14.59,10.49],[-14.46,10.36],[-14.46,10.23],[-14.28,10.23],[-14.19,10.1],[-14.15,10.14],[-14.11,10.14],[-14.11,10.1],[-14.06,10.05],[-13.8,9.84],[-13.71,9.88],[-13.67,9.88],[-13.71,9.84],[-13.75,9.79],[-13.58,9.58],[-13.53,9.62],[-13.58,9.58],[-13.49,9.4],[-13.31,9.32],[-13.27,9.14],[-13.31,9.01],[-13.09,9.06],[-12.7,9.4],[-12.57,9.71],[-12.35,9.92],[-12.13,9.88],[-11.91,9.92],[-11.91,10.01],[-11.21,10.01],[-10.99,9.75],[-10.9,9.58],[-10.68,9.32],[-10.68,9.1],[-10.59,9.06],[-10.59,8.88],[-10.46,8.67],[-10.59,8.54],[-10.63,8.36],[-10.5,8.32],[-10.37,8.49],[-10.28,8.49],[-10.06,8.54],[-9.71,8.49]]]]},"properties":{"ISO_A3":"GIN"}},
{"type":"Feature","geometry":{"type":"Polygon","coordinates":[[[-16.74,13.07],[-16.7,13.15],[-15.82,13.15],[-15.82,13.37],[-15.25,13.37],[-15.2,13.54],[-14.76,13.41],[-14.68,13.32],[-14.5,13.32],[-14.37,13.24],[-14.11,13.24],[-13.84,13.32],[-13.8,13.45],[-13.97,13.58],[-14.37,13.45],[-14.54,13.62],[-14.72,13.62],[-14.9,13.79],[-15.07,13.84],[-15.25,13.75],[-15.34,13.79],[-15.47,13.58],[-16.3,13.58],[-16.52,13.58],[-16.57,13.45],[-16.79,13.41],[-16.74,13.07]]]},"properties":{"ISO_A3":"GMB"}},
{"type":"Feature","geometry":{"type":"MultiPolygon","coordinates":[[[[-16.21,11.87],[-16.17,11.87],[-16.17,11.91],[-16.21,11.87]]],[[[-16.3,11.99],[-16.21,11.87],[-16.21,11.91],[-16.26,11.95],[-16.3,11.99]]],[[[-16.17,11.87],[-16.08,11.78],[-16.04,11.91],[-16.08,11.87],[-16.17,11.87]]],[[[-15.34,11.39],[-15.42,11.31],[-15.34,11.13],[-15.07,11.09],[-15.03,10.92],[-14.98,11],[-14.94,11],[-14.81,11.35],[-14.68,11.48],[-14.5,11.48],[-14.24,11.65],[-13.89,11.65],[-13.71,11.69],[-13.71,12.04],[-13.8,12.04],[-13.97,12.21],[-13.71,12.25],[-13.67,12.51],[-13.71,12.68],[-15.2,12.68],[-15.69,12.42],[-15.91,12.47],[-16.21,12.47],[-16.39,12.38],[-16.65,12.34],[-16.43,12.17],[-16.3,11.99],[-16.26,11.95],[-16.21,11.91],[-16.17,11.91],[-16.08,11.87],[-16.04,11.91],[-15.86,11.97],[-15.86,11.78],[-15.64,11.78],[-15.47,11.95],[-15.29,11.91],[-15.56,11.74],[-15.47,11.65],[-15.25,11.65],[-15.47,11.44],[-15.34,11.39]],[[-16.08,11.44],[-15.95,11.56],[-15.99,11.52],[-16.08,11.44]]]]},"properties":{"ISO_A3":"GNB"}},
{"type":"Feature","geometry":{"type":"MultiPolygon","coordinates":[[[[8.65,3.21],[8.79,3.34],[8.92,3.6],[8.92,3.78],[8.7,3.78],[8.57,3.47],[8.43,3.43],[8.43,3.29],[8.65,3.21]]],[[[9.66,1.06],[9.93,0.92],[10.02,1.01],[11.33,1.01],[11.33,2.15],[10.02,2.15],[9.84,2.24],[9.84,2.33],[9.8,1.89],[9.62,1.67],[9.58,1.49],[9.44,1.41],[9.44,1.27],[9.58,1.01],[9.66,1.06]]]]},"properties":{"ISO_A3":"GNQ"}},
{"type":"Feature","geometry":{"type":"MultiPolygon","coordinates":[[[[19.99,39.43],[19.86,39.7],[19.68,39.67],[19.99,39.43]]],[[[23.99,39.19],[23.97,39.23],[23.96,39.21],[23.99,39.19]]],[[[23.97,39.23],[23.9,39.19],[23.94,39.19],[23.96,39.21],[23.97,39.23]]],[[[26.1,39.09],[26.4,38.95],[26.62,39.06],[26.4,39.33],[26.23,39.4],[26.1,39.29],[25.88,39.29],[25.88,39.16],[26.1,39.09]]],[[[25.96,38.16],[26.14,38.3],[26.14,38.58],[25.83,38.58],[26.01,38.37],[25.88,38.27],[25.96,38.16]]],[[[20.69,38.06],[20.82,38.13],[20.6,38.27],[20.52,38.09],[20.69,38.06]]],[[[23.64,38.4],[24.03,38.4],[24.25,38.2],[24.21,38.54],[24.12,38.68],[23.94,38.65],[23.59,38.75],[23.37,38.95],[23.11,39.02],[22.85,38.89],[23.2,38.85],[23.37,38.68],[23.5,38.65],[23.59,38.47],[23.59,38.44],[23.64,38.4]]],[[[24.95,37.68],[24.95,37.89],[24.69,37.89],[24.95,37.68]]],[[[25.44,36.91],[25.57,36.94],[25.57,37.19],[25.39,37.12],[25.44,36.91]]],[[[20.74,38.68],[21,38.68],[21,38.54],[21.26,38.37],[21.79,38.34],[21.92,38.4],[22.54,38.34],[23.02,38.16],[23.15,38.06],[22.89,37.92],[22.63,38.09],[22.27,38.16],[21.97,38.34],[21.83,38.34],[21.62,38.13],[21.35,38.2],[21.31,38.02],[21.18,37.92],[21.35,37.68],[21.62,37.5],[21.7,37.29],[21.57,37.19],[21.66,36.87],[21.92,36.73],[21.92,36.98],[22.32,36.8],[22.36,36.52],[22.49,36.59],[22.58,36.8],[22.8,36.8],[22.98,36.52],[23.02,36.73],[22.98,37.12],[22.76,37.36],[22.71,37.57],[22.89,37.54],[23.15,37.29],[23.28,37.33],[23.42,37.5],[23.37,37.54],[23.15,37.61],[23.11,37.85],[23.24,37.99],[23.42,37.99],[23.59,37.96],[24.08,37.68],[23.99,38.27],[23.64,38.4],[23.59,38.44],[23.59,38.47],[23.37,38.51],[23.33,38.65],[23.07,38.65],[22.85,38.89],[23.02,38.99],[22.98,39.12],[22.8,39.19],[22.98,39.36],[23.2,39.26],[23.2,39.12],[23.37,39.19],[23.02,39.57],[22.85,39.8],[22.58,40],[22.58,40.27],[22.67,40.54],[22.85,40.57],[22.98,40.37],[23.2,40.24],[23.64,40.24],[23.72,40.34],[23.94,40.37],[23.9,40.51],[23.68,40.67],[23.77,40.77],[24.08,40.71],[24.52,40.97],[24.65,40.87],[24.91,40.94],[25.35,40.94],[25.48,40.87],[25.96,40.84],[26.05,40.74],[26.32,40.94],[26.32,41.24],[26.62,41.34],[26.62,41.5],[26.49,41.67],[26.32,41.73],[26.1,41.73],[26.18,41.4],[25.96,41.3],[25.22,41.3],[24.95,41.4],[24.56,41.47],[24.47,41.54],[24.08,41.54],[23.99,41.44],[23.77,41.4],[23.28,41.4],[23.02,41.34],[22.93,41.34],[22.76,41.34],[22.71,41.14],[21.97,41.14],[21.79,40.94],[21,40.84],[21.04,40.57],[20.78,40.44],[20.69,40.11],[20.38,40],[20.43,39.84],[20.3,39.7],[20.12,39.67],[20.21,39.5],[20.34,39.29],[20.69,39.06],[21,38.95],[20.74,38.85],[20.69,38.82],[20.74,38.65],[20.74,38.68]]],[[[27.77,35.88],[28.07,36.06],[28.25,36.38],[28.07,36.42],[27.72,36.17],[27.77,35.88]]],[[[26.27,35.28],[26.18,35.2],[25.83,35.17],[25.61,35.35],[25.04,35.35],[25,35.42],[24.65,35.42],[24.25,35.35],[24.16,35.6],[24.03,35.53],[23.77,35.53],[23.55,35.46],[23.59,35.24],[23.99,35.24],[24.38,35.2],[24.56,35.1],[24.73,35.1],[24.73,34.92],[25.04,34.92],[25.26,34.99],[25.75,34.99],[26.23,35.02],[26.27,35.28]]]]},"properties":{"ISO_A3":"GRC"}},
{"type":"Feature","geometry":{"type":"Polygon","coordinates":[[[-61.78,11.99],[-61.6,12.08],[-61.64,12.25],[-61.78,12.08],[-61.78,11.99]]]},"properties":{"ISO_A3":"GRD"}},
{"type":"Feature","geometry":{"type":"Polygon","coordinates":[[[-89.15,17.81],[-90.99,17.81],[-90.99,17.26],[-91.43,17.26],[-91.08,16.89],[-90.95,16.89],[-90.64,16.63],[-90.6,16.47],[-90.47,16.47],[-90.42,16.09],[-91.74,16.09],[-92.09,15.45],[-92.22,15.28],[-92.09,15.07],[-92.18,14.86],[-92.22,14.56],[-91.79,14.18],[-91.57,14.05],[-91.21,13.92],[-90.55,13.92],[-90.12,13.75],[-90.12,13.84],[-89.9,14.05],[-89.72,14.13],[-89.59,14.3],[-89.59,14.43],[-89.37,14.43],[-89.19,14.6],[-89.15,14.77],[-89.24,14.9],[-89.15,15.07],[-88.89,15.24],[-88.67,15.32],[-88.58,15.45],[-88.23,15.71],[-88.53,15.83],[-88.67,15.75],[-88.93,15.92],[-89.24,15.92],[-89.19,16.25],[-89.15,16.8],[-89.15,17.81]]]},"properties":{"ISO_A3":"GTM"}},
{"type":"Feature","geometry":{"type":"MultiPolygon","coordinates":[[[[-58.53,6.84],[-58.48,6.84],[-58.44,6.88],[-58.39,6.97],[-58.53,6.88],[-58.53,6.84]]],[[[-60.72,5.22],[-60.11,5.22],[-59.98,5.09],[-60.02,4.7],[-60.15,4.52],[-59.89,4.48],[-59.71,4.35],[-59.76,4.21],[-59.54,3.95],[-59.58,3.78],[-59.84,3.6],[-59.93,2.99],[-59.98,2.94],[-59.98,2.59],[-59.89,2.33],[-59.76,2.2],[-59.76,1.85],[-59.54,1.71],[-59.23,1.36],[-58.92,1.32],[-58.74,1.19],[-58.53,1.27],[-58.48,1.45],[-58.35,1.58],[-58.04,1.54],[-58,1.67],[-57.51,1.71],[-57.51,1.8],[-57.34,1.98],[-57.08,2.02],[-56.99,1.89],[-56.5,1.93],[-56.9,2.28],[-56.94,2.5],[-57.21,2.86],[-57.21,3.07],[-57.29,3.12],[-57.29,3.38],[-57.69,3.43],[-57.73,3.65],[-58,3.95],[-58.09,4.13],[-57.95,4.3],[-57.95,4.43],[-57.82,4.7],[-57.87,4.92],[-57.69,5],[-57.34,5.05],[-57.21,5.13],[-57.29,5.31],[-57.25,5.53],[-57.16,5.62],[-57.12,5.92],[-57.16,5.97],[-57.16,6.1],[-57.29,6.27],[-57.51,6.27],[-57.56,6.36],[-57.95,6.75],[-58.09,6.84],[-58.44,6.88],[-58.48,6.84],[-58.53,6.88],[-58.48,6.97],[-58.48,7.36],[-58.61,7.54],[-58.79,7.67],[-59.27,8.15],[-59.32,8.15],[-59.76,8.41],[-59.8,8.32],[-60.33,7.84],[-60.5,7.84],[-60.59,7.62],[-60.72,7.49],[-60.59,7.36],[-60.63,7.23],[-60.37,7.19],[-60.28,7.06],[-60.37,6.93],[-60.68,6.84],[-60.94,6.71],[-61.16,6.71],[-61.16,6.23],[-61.38,5.97],[-60.77,5.22],[-60.72,5.22]]]]},"properties":{"ISO_A3":"GUY"}},
{"type":"Feature","geometry":{"type":"Polygon","coordinates":[[[-87.3,12.98],[-86.95,13.02],[-86.95,13.2],[-86.73,13.37],[-86.73,13.79],[-86.34,13.75],[-86.16,14.05],[-86.03,14.05],[-85.94,13.92],[-85.59,14.01],[-85.33,14.26],[-85.19,14.26],[-85.19,14.48],[-85.06,14.69],[-84.89,14.82],[-84.62,14.65],[-84.4,14.65],[-84.1,14.77],[-83.83,14.77],[-83.7,14.9],[-83.39,15.03],[-83.17,14.99],[-83.44,15.28],[-83.61,15.32],[-83.7,15.24],[-83.88,15.32],[-83.96,15.49],[-84.14,15.71],[-84.32,15.83],[-84.76,15.87],[-84.98,16],[-85.19,15.87],[-85.59,15.87],[-85.77,16],[-85.94,15.92],[-86.12,15.92],[-86.34,15.79],[-87.26,15.79],[-87.61,15.92],[-87.96,15.87],[-88.09,15.71],[-88.23,15.71],[-88.58,15.45],[-88.67,15.32],[-88.89,15.24],[-89.15,15.07],[-89.24,14.9],[-89.15,14.77],[-89.19,14.6],[-89.37,14.43],[-89.11,14.39],[-88.84,14.09],[-88.31,13.88],[-88.23,14.01],[-88.09,14.01],[-88.01,13.88],[-87.74,13.88],[-87.7,13.45],[-87.44,13.37],[-87.44,13.32],[-87.48,13.28],[-87.44,13.11],[-87.3,12.98]]]},"properties":{"ISO_A3":"HND"}},
{"type":"Feature","geometry":{"type":"MultiPolygon","coordinates":[[[[14.59,45.24],[14.5,45.02],[14.76,44.93],[14.81,45.02],[14.59,45.24]]],[[[15.02,44.43],[14.98,44.52],[14.81,44.62],[15.02,44.43]]],[[[15.2,44.3],[15.24,44.33],[15.02,44.49],[15.02,44.43],[15.2,44.3]]],[[[14.94,44.11],[15.07,43.95],[15.24,43.89],[14.94,44.11]]],[[[16.52,43.25],[16.83,43.25],[16.83,43.35],[16.43,43.38],[16.52,43.25]]],[[[17.53,42.93],[17.62,42.93],[17.66,43.09],[17.31,43.29],[17.27,43.48],[17,43.57],[16.43,44.08],[16.3,44.11],[15.9,44.74],[15.77,44.74],[15.77,45.21],[16.04,45.21],[16.3,44.99],[16.52,45.24],[16.83,45.21],[16.91,45.27],[17.18,45.14],[17.66,45.14],[17.84,45.05],[18.45,45.11],[18.72,45.05],[18.8,44.86],[19.02,44.86],[19.15,44.93],[19.11,45.11],[19.24,45.24],[18.98,45.36],[18.89,45.61],[18.98,45.73],[18.89,45.91],[18.67,45.91],[18.5,45.76],[17.7,45.82],[17.57,45.94],[17.35,45.98],[17.13,46.16],[16.61,46.46],[16.56,46.49],[16.52,46.49],[16.25,46.43],[15.95,46.28],[15.64,46.22],[15.73,46.04],[15.64,45.82],[15.29,45.76],[15.33,45.45],[14.81,45.45],[14.59,45.64],[14.41,45.48],[14.01,45.48],[13.88,45.42],[13.57,45.48],[13.53,45.33],[13.62,45.11],[13.79,44.93],[13.88,44.8],[14.19,44.99],[14.15,45.08],[14.32,45.33],[14.54,45.27],[14.59,45.24],[14.85,45.08],[14.89,44.71],[14.98,44.58],[15.51,44.24],[15.6,44.18],[15.51,44.24],[15.24,44.33],[15.2,44.3],[15.16,44.18],[15.64,43.8],[15.95,43.67],[16.04,43.48],[16.43,43.54],[16.87,43.41],[17.13,43.19],[17.31,43.13],[17.53,42.93]]],[[[17.13,42.97],[17.27,42.97],[17.62,42.81],[17.84,42.81],[18.23,42.61],[18.19,42.68],[17.66,42.9],[17.62,42.9],[17.53,42.93],[17.22,43.03],[17.13,42.97]]],[[[18.23,42.61],[18.54,42.42],[18.5,42.45],[18.45,42.58],[18.23,42.61]]]]},"properties":{"ISO_A3":"HRV"}},
{"type":"Feature","geometry":{"type":"Polygon","coordinates":[[[18.89,45.91],[19.29,46.01],[19.55,46.19],[19.95,46.19],[20.25,46.13],[20.74,46.16],[20.78,46.28],[21.09,46.25],[21.26,46.4],[21.26,46.55],[21.53,46.73],[21.7,47.03],[21.88,47.18],[22.01,47.51],[22.45,47.81],[22.67,47.78],[22.89,47.95],[22.89,48.04],[22.32,48.28],[22.14,48.39],[21.75,48.33],[21.53,48.57],[21.09,48.54],[20.65,48.57],[20.34,48.31],[19.95,48.13],[19.68,48.25],[19.42,48.07],[18.94,48.07],[18.76,47.98],[18.8,47.84],[18.63,47.75],[17.7,47.75],[17.27,48.01],[17.18,48.01],[16.96,47.69],[16.74,47.75],[16.69,47.57],[16.47,47.42],[16.43,47.18],[16.12,46.88],[16.3,46.88],[16.52,46.49],[16.61,46.49],[16.61,46.46],[17.13,46.16],[17.35,45.98],[17.57,45.94],[17.7,45.82],[18.5,45.76],[18.67,45.91],[18.89,45.91]]]},"properties":{"ISO_A3":"HUN"}},
{"type":"Feature","geometry":{"type":"MultiPolygon","coordinates":[[[[117.75,4.08],[117.88,4.17],[117.7,4.17],[117.75,4.08]]],[[[126.67,4],[126.8,4.04],[126.89,4.21],[126.89,4.43],[126.8,4.52],[126.67,4.39],[126.8,4.21],[126.67,4]]],[[[108.08,3.69],[108.3,3.65],[108.39,3.78],[108.39,4],[108.21,4.13],[108.04,4.04],[107.99,3.91],[108.21,3.78],[108.08,3.69]]],[[[125.61,3.38],[125.66,3.51],[125.48,3.6],[125.48,3.43],[125.61,3.38]]],[[[96.35,2.33],[96.35,2.5],[96.13,2.72],[95.87,2.86],[95.69,2.77],[95.87,2.59],[96.09,2.59],[96.35,2.33]]],[[[128.21,2.28],[128.25,2.07],[128.51,2.07],[128.64,2.24],[128.69,2.5],[128.47,2.59],[128.34,2.5],[128.21,2.28]]],[[[101.62,1.67],[101.76,1.8],[101.8,1.98],[101.58,2.11],[101.4,2.02],[101.45,1.71],[101.62,1.67]]],[[[102.37,1.32],[102.5,1.27],[102.46,1.54],[102.11,1.58],[102.11,1.45],[102.28,1.41],[102.37,1.32]]],[[[103.91,1.06],[104.04,0.97],[104.08,0.97],[103.91,1.06]]],[[[104.61,0.79],[104.66,1.1],[104.57,1.19],[104.3,1.19],[104.26,1.01],[104.48,0.97],[104.61,0.79]]],[[[103.07,0.79],[103.07,1.01],[102.9,1.14],[102.72,1.14],[102.63,1.01],[102.77,1.01],[102.9,0.97],[102.99,0.88],[103.07,0.79]]],[[[102.59,0.75],[102.63,0.79],[103.07,0.79],[102.99,0.88],[102.9,0.97],[102.77,1.01],[102.63,1.01],[102.46,1.14],[102.37,1.32],[102.28,1.41],[102.24,1.23],[102.28,1.01],[102.41,0.92],[102.46,0.79],[102.59,0.75]]],[[[104.3,0.66],[104.26,0.88],[104.17,0.92],[104.13,0.97],[104.08,0.97],[104.04,0.97],[104.3,0.66]]],[[[103.43,0.88],[103.34,0.75],[103.47,0.66],[103.51,0.7],[103.51,0.75],[103.47,0.84],[103.43,0.88]]],[[[97.67,0.57],[97.89,0.62],[97.93,1.01],[97.76,1.19],[97.67,1.19],[97.49,1.49],[97.27,1.41],[97.41,0.97],[97.63,0.84],[97.67,0.57]]],[[[104.48,-0.26],[104.74,-0.22],[104.92,-0.26],[104.74,-0.17],[104.61,0],[104.48,0],[104.48,-0.26]]],[[[104.44,-0.35],[104.48,-0.26],[104.44,-0.31],[104.44,-0.35]]],[[[130.71,-0.44],[131.15,-0.31],[131.28,-0.35],[131.32,-0.17],[131.06,-0.04],[130.58,-0.04],[130.4,-0.13],[130.36,-0.09],[130.53,-0.31],[130.58,-0.39],[130.71,-0.31],[130.71,-0.44]]],[[[127.28,-0.44],[127.15,-0.26],[127.11,-0.53],[127.28,-0.44]]],[[[121.7,-0.53],[121.92,-0.53],[121.92,-0.35],[121.7,-0.53]]],[[[104.3,-0.39],[104.26,-0.53],[104.48,-0.61],[104.57,-0.44],[104.44,-0.35],[104.35,-0.39],[104.3,-0.39]]],[[[127.77,-0.31],[127.99,-0.66],[128.38,-0.88],[128.03,-0.44],[127.99,-0.17],[127.9,-0.04],[127.94,0.48],[128.21,0.4],[128.47,0.4],[128.69,0.31],[128.69,0.57],[128.51,0.57],[128.21,0.79],[128.34,0.92],[128.47,0.92],[128.69,1.06],[128.73,1.32],[128.69,1.54],[128.43,1.54],[128.12,1.32],[128.21,1.19],[127.99,1.1],[127.94,0.88],[127.77,0.79],[127.63,0.92],[128.03,1.41],[128.03,1.71],[127.85,1.93],[128.07,2.15],[127.94,2.2],[127.63,1.85],[127.55,1.71],[127.55,1.67],[127.55,1.49],[127.41,1.27],[127.5,1.06],[127.55,0.75],[127.55,0.48],[127.72,0.35],[127.68,-0.26],[127.77,-0.31]]],[[[127.28,-0.44],[127.46,-0.66],[127.77,-0.88],[127.85,-0.7],[127.68,-0.7],[127.59,-0.31],[127.33,-0.35],[127.28,-0.44]]],[[[134.84,-1.14],[134.97,-1.14],[134.97,-0.97],[134.8,-0.97],[134.84,-1.14]]],[[[135.5,-0.79],[135.76,-0.83],[135.81,-1.14],[136.07,-1.14],[136.25,-1.19],[136.33,-1.1],[136.16,-1.01],[136.03,-0.83],[135.85,-0.7],[135.67,-0.66],[135.5,-0.79]]],[[[123.28,-1.41],[123.42,-1.54],[123.55,-1.41],[123.55,-1.27],[123.33,-1.27],[123.28,-1.41]]],[[[123.28,-1.41],[123.2,-1.19],[122.89,-1.19],[122.8,-1.32],[122.8,-1.49],[122.93,-1.58],[123.02,-1.45],[123.28,-1.41]]],[[[127.46,-1.45],[127.41,-1.67],[127.5,-1.71],[128.12,-1.71],[128.07,-1.58],[127.81,-1.36],[127.63,-1.32],[127.46,-1.45]]],[[[99.21,-1.62],[99.21,-1.49],[98.94,-1.1],[98.94,-0.92],[98.68,-0.97],[98.64,-1.32],[98.77,-1.45],[98.81,-1.62],[99.08,-1.8],[99.25,-1.8],[99.21,-1.62]]],[[[136.38,-1.89],[136.82,-1.8],[136.73,-1.71],[136.33,-1.71],[135.98,-1.67],[135.81,-1.71],[136.16,-1.89],[136.38,-1.89]]],[[[125.44,-1.93],[125.96,-1.93],[126.23,-1.89],[126.27,-1.8],[125.35,-1.8],[125.44,-1.93]]],[[[125.22,-1.76],[124.51,-1.62],[124.34,-1.76],[124.34,-2.02],[124.56,-2.02],[124.82,-1.89],[125.31,-1.89],[125.22,-1.76]]],[[[130.4,-1.98],[130.4,-1.76],[130.05,-1.71],[129.74,-1.89],[129.96,-2.02],[130.27,-2.06],[130.4,-1.98]]],[[[99.87,-2.42],[99.73,-2.24],[99.69,-2.06],[99.56,-2.02],[99.51,-2.2],[99.87,-2.42]]],[[[133.48,-2.63],[133.5,-2.61],[133.48,-2.59],[133.48,-2.63]]],[[[107.38,-2.85],[107.42,-2.94],[107.47,-2.85],[107.42,-2.81],[107.38,-2.85]]],[[[106.72,-2.99],[106.59,-2.85],[106.76,-2.55],[106.46,-2.46],[106.32,-2.46],[106.15,-2.11],[106.15,-1.84],[105.89,-1.54],[105.53,-1.54],[105.36,-1.67],[105.4,-1.8],[105.27,-2.06],[105.45,-2.15],[105.58,-2.11],[105.8,-2.15],[105.93,-2.77],[106.02,-2.85],[106.19,-2.85],[106.54,-3.07],[106.72,-2.99]]],[[[108.21,-3.07],[108.3,-2.85],[108.17,-2.63],[107.99,-2.63],[107.86,-2.55],[107.64,-2.55],[107.6,-2.81],[107.6,-3.25],[107.77,-3.2],[107.86,-3.07],[108.08,-3.25],[108.21,-3.07]]],[[[100.48,-3.16],[100.48,-3.03],[100,-2.5],[100,-2.85],[100.17,-2.9],[100.22,-3.07],[100.35,-3.12],[100.44,-3.29],[100.48,-3.16]]],[[[116.03,-3.38],[116.08,-3.38],[116.08,-3.34],[116.03,-3.38]]],[[[128.29,-3.64],[128.03,-3.6],[128.12,-3.73],[128.16,-3.69],[128.16,-3.73],[128.29,-3.64]]],[[[130.8,-3.86],[130.84,-3.42],[130.62,-3.34],[130.62,-3.16],[130.4,-2.99],[129.96,-2.99],[129.66,-2.81],[129.35,-2.81],[129.22,-2.94],[128.95,-2.85],[128.16,-2.85],[128.12,-3.07],[127.94,-3.16],[127.94,-3.47],[128.21,-3.2],[128.51,-3.47],[128.86,-3.2],[128.91,-3.34],[129.13,-3.34],[129.3,-3.42],[129.66,-3.34],[129.96,-3.34],[130.05,-3.51],[130.45,-3.64],[130.67,-3.82],[130.8,-3.86]]],[[[126.67,-3.86],[126.98,-3.78],[127.24,-3.64],[127.24,-3.34],[127.06,-3.38],[126.98,-3.12],[126.84,-3.07],[126.32,-3.07],[126.18,-3.2],[126.01,-3.16],[126.01,-3.38],[126.32,-3.69],[126.67,-3.86]]],[[[116.03,-3.47],[116.03,-3.78],[116.17,-3.99],[116.3,-3.86],[116.3,-3.56],[116.25,-3.2],[116.08,-3.34],[116.08,-3.38],[116.03,-3.47]]],[[[109.44,-0.88],[109.44,-1.19],[109.53,-1.27],[109.84,-1.1],[109.93,-1.27],[110.06,-1.32],[110.06,-1.58],[109.93,-1.84],[110.1,-1.98],[110.1,-2.28],[110.19,-2.46],[110.32,-2.99],[110.5,-2.85],[110.72,-2.99],[111.03,-3.07],[111.33,-2.9],[111.51,-2.94],[111.73,-2.85],[111.82,-2.99],[111.82,-3.51],[111.95,-3.51],[112.17,-3.34],[112.43,-3.34],[112.65,-3.42],[113,-3.16],[113.18,-3.07],[113.35,-3.29],[113.44,-3.16],[113.62,-3.16],[113.62,-3.38],[113.84,-3.42],[114.1,-3.34],[114.5,-3.51],[114.63,-3.64],[114.63,-4.17],[115.11,-3.95],[115.2,-3.95],[115.99,-3.56],[116.03,-3.47],[116.03,-3.38],[116.08,-3.34],[116.17,-3.25],[116.17,-2.99],[116.12,-2.9],[116.25,-2.99],[116.34,-2.9],[116.39,-2.55],[116.56,-2.46],[116.61,-2.2],[116.47,-2.06],[116.43,-1.84],[116.25,-1.8],[116.47,-1.62],[116.61,-1.41],[116.78,-1.36],[116.78,-1.23],[116.78,-1.19],[116.78,-1.23],[116.91,-1.27],[117.18,-0.97],[117.35,-0.92],[117.53,-0.79],[117.57,-0.44],[117.44,-0.35],[117.48,0.09],[117.62,0.53],[117.79,0.79],[118.01,0.79],[118.06,0.92],[118.41,0.79],[118.5,0.84],[118.85,0.84],[118.98,0.92],[118.98,1.06],[118.85,1.1],[118.58,1.36],[118.5,1.36],[118.45,1.41],[118.14,1.63],[118.06,1.8],[117.88,1.85],[117.92,2.2],[118.1,2.33],[117.79,2.64],[117.62,3.07],[117.48,3.07],[117.44,3.56],[117.44,3.6],[117.66,3.6],[117.84,3.82],[117.66,3.86],[117.57,4.08],[117.57,4.17],[117.48,4.17],[117.18,4.35],[116.61,4.35],[116.52,4.39],[116.17,4.39],[115.68,4.21],[115.6,3.86],[115.6,3.51],[115.51,3.21],[115.51,3.03],[115.16,2.94],[115.11,2.72],[115.11,2.46],[114.76,2.2],[114.85,1.93],[114.72,1.85],[114.72,1.63],[114.5,1.49],[114.32,1.45],[113.93,1.45],[113.71,1.23],[113.57,1.32],[113.44,1.27],[113.35,1.36],[113.18,1.36],[113,1.58],[112.7,1.54],[112.48,1.58],[112.21,1.45],[112.17,1.14],[111.99,1.14],[111.86,1.01],[111.51,0.97],[111.33,1.06],[111.03,1.06],[110.72,0.88],[110.45,0.88],[110.28,1.01],[109.97,1.32],[109.84,1.41],[109.66,1.63],[109.66,1.8],[109.53,1.85],[109.53,1.98],[109.27,1.76],[109.27,1.67],[109.05,1.54],[109.05,1.32],[108.96,1.19],[109.05,1.19],[109.09,1.21],[109.05,1.19],[108.96,1.19],[108.96,0.92],[108.87,0.84],[108.92,0.7],[108.92,0.44],[109.14,0.22],[109.18,-0.04],[109.05,-0.26],[109.09,-0.48],[109.31,-0.92],[109.44,-0.88]]],[[[123.06,-4.26],[123.24,-4.13],[123.24,-4.04],[122.93,-4.04],[123.06,-4.26]]],[[[122.49,-5.4],[122.58,-5.22],[122.76,-4.96],[122.71,-4.61],[122.36,-4.74],[122.36,-5.05],[122.27,-5.4],[122.49,-5.4]]],[[[121.83,-5.13],[121.79,-5.26],[121.92,-5.44],[122.05,-5.44],[122.05,-5.26],[121.92,-5.09],[121.83,-5.13]]],[[[132.69,-5.61],[132.73,-5.61],[132.73,-5.57],[132.69,-5.61]]],[[[132.77,-5.7],[132.77,-5.57],[132.73,-5.61],[132.73,-5.66],[132.77,-5.7]]],[[[122.54,-5.48],[122.63,-5.7],[122.8,-5.7],[122.93,-5.4],[123.15,-5.4],[123.15,-5.26],[123.02,-5.13],[123.02,-4.7],[123.11,-4.78],[123.2,-4.78],[123.15,-4.48],[122.98,-4.39],[122.85,-4.52],[122.85,-4.91],[122.8,-5],[122.76,-5.22],[122.54,-5.48]]],[[[119.81,-0.13],[119.77,-0.26],[119.77,-0.57],[119.86,-0.7],[119.81,-0.83],[119.55,-0.83],[119.51,-1.01],[119.29,-1.27],[119.33,-1.54],[119.29,-1.71],[119.37,-1.84],[119.2,-1.98],[119.15,-2.15],[119.15,-2.46],[118.76,-2.77],[118.89,-2.85],[118.85,-2.99],[118.85,-3.38],[118.93,-3.56],[119.2,-3.51],[119.29,-3.42],[119.51,-3.51],[119.46,-3.73],[119.64,-3.95],[119.59,-4.26],[119.59,-4.61],[119.51,-4.7],[119.51,-5],[119.37,-5.18],[119.37,-5.44],[119.42,-5.57],[119.64,-5.61],[119.81,-5.7],[119.99,-5.57],[120.34,-5.53],[120.43,-5.4],[120.3,-5.22],[120.3,-4.87],[120.38,-4.83],[120.38,-4.13],[120.34,-3.86],[120.43,-3.78],[120.38,-3.56],[120.38,-3.2],[120.25,-3.16],[120.3,-2.94],[120.56,-2.68],[120.91,-2.63],[121.09,-2.68],[121.04,-3.25],[120.87,-3.42],[120.91,-3.56],[121.35,-3.99],[121.61,-4.08],[121.48,-4.48],[121.48,-4.7],[121.7,-4.87],[122.05,-4.87],[122.05,-4.56],[122.41,-4.43],[122.67,-4.48],[122.71,-4.52],[122.71,-4.39],[122.89,-4.43],[122.89,-4.13],[122.8,-4.08],[122.58,-3.99],[122.27,-3.56],[122.27,-3.29],[122.45,-3.25],[122.19,-2.9],[122.01,-2.72],[122.01,-2.59],[121.83,-2.37],[121.75,-2.2],[121.57,-2.2],[121.57,-1.98],[121.79,-1.8],[122.14,-1.58],[122.36,-1.54],[122.85,-0.92],[123.11,-0.83],[123.28,-1.05],[123.46,-0.75],[123.33,-0.61],[123.06,-0.57],[122.85,-0.61],[122.85,-0.79],[122.19,-0.79],[122.14,-0.97],[122.01,-0.92],[121.7,-0.97],[121.48,-0.92],[121.22,-1.19],[121.13,-1.45],[120.82,-1.41],[120.56,-1.27],[120.6,-1.1],[120.43,-0.92],[120.25,-0.92],[120.12,-0.79],[120.03,-0.57],[120.03,-0.04],[120.12,0],[120.12,0.18],[120.38,0.48],[120.69,0.53],[120.91,0.4],[121.18,0.4],[121.18,0.48],[121.53,0.48],[121.75,0.44],[122.01,0.48],[123.11,0.48],[123.28,0.31],[123.86,0.31],[124.08,0.4],[124.3,0.4],[124.51,0.48],[124.56,0.7],[124.78,0.97],[125.04,1.14],[125.09,1.41],[125.22,1.45],[125.26,1.49],[125,1.71],[124.82,1.54],[124.82,1.45],[124.6,1.41],[124.3,1.06],[123.94,0.84],[123.72,0.84],[123.59,0.92],[123.02,0.92],[122.89,0.84],[122.67,0.88],[122.49,1.01],[122.19,1.01],[121.92,1.1],[121.57,1.06],[121.44,1.23],[121.22,1.23],[121.09,1.32],[120.82,1.32],[120.78,1.01],[120.56,0.79],[120.25,0.79],[120.03,0.7],[120.03,0.53],[119.9,0.48],[119.9,0.22],[119.81,0.13],[119.9,-0.04],[119.81,-0.13]]],[[[132.69,-5.61],[132.69,-5.88],[132.82,-5.88],[132.77,-5.7],[132.73,-5.66],[132.69,-5.61]]],[[[103.34,-4.78],[103.64,-5],[103.82,-5.05],[104,-5.26],[104.04,-5.4],[104.3,-5.57],[104.61,-5.92],[104.7,-5.88],[104.57,-5.61],[104.61,-5.48],[105.01,-5.75],[105.18,-5.7],[105.18,-5.57],[105.36,-5.53],[105.53,-5.7],[105.62,-5.83],[105.8,-5.88],[105.84,-5.57],[105.84,-5.05],[105.89,-5],[105.89,-4.39],[105.8,-4.3],[105.89,-3.95],[105.97,-3.82],[105.84,-3.73],[105.84,-3.51],[106.02,-3.29],[106.06,-2.99],[105.8,-2.9],[105.8,-2.68],[105.62,-2.63],[105.58,-2.42],[105.49,-2.37],[105.05,-2.37],[104.92,-2.33],[104.92,-2.11],[104.7,-1.98],[104.52,-1.8],[104.44,-1.58],[104.44,-1.27],[104.39,-1.05],[103.78,-1.01],[103.43,-0.75],[103.43,-0.53],[103.56,-0.53],[103.64,-0.35],[103.51,-0.22],[103.51,-0.17],[103.6,-0.04],[103.78,0.04],[103.73,0.31],[103.6,0.35],[103.43,0.53],[103.29,0.53],[103.21,0.44],[102.85,0.75],[102.59,0.75],[102.46,0.79],[102.28,0.92],[102.19,1.1],[102.15,1.36],[101.76,1.67],[101.62,1.67],[101.54,1.63],[101.36,1.76],[101.32,2.02],[101.05,2.28],[100.7,2.28],[100.79,2.11],[100.83,2.07],[100.79,2.11],[100.66,2.11],[100.44,2.24],[100.35,2.5],[100.22,2.64],[100,2.77],[100,2.94],[99.73,3.16],[99.6,3.21],[99.43,3.38],[98.94,3.69],[98.81,3.69],[98.55,4],[98.24,4.17],[98.28,4.35],[98.02,4.61],[97.89,4.87],[97.67,5.13],[97.45,5.22],[97.14,5.13],[97.01,5.27],[96.7,5.27],[96.66,5.22],[96.31,5.22],[96.04,5.31],[95.82,5.53],[95.43,5.66],[95.25,5.44],[95.25,5.18],[95.38,5.05],[95.38,4.87],[96.18,4.08],[96.31,4],[96.48,3.73],[96.79,3.73],[97.01,3.56],[97.14,3.29],[97.41,2.94],[97.63,2.86],[97.67,2.42],[97.76,2.28],[97.93,2.28],[98.11,2.2],[98.33,2.02],[98.46,1.98],[98.68,1.76],[98.72,1.76],[98.77,1.67],[98.77,1.41],[99.12,0.62],[99.16,0.22],[99.6,0.09],[99.69,0],[99.82,-0.31],[100.13,-0.61],[100.35,-0.88],[100.39,-1.19],[100.57,-1.45],[100.7,-1.71],[100.88,-1.93],[100.83,-2.2],[100.88,-2.33],[101.36,-2.77],[101.4,-2.94],[101.62,-3.25],[101.84,-3.38],[102.11,-3.6],[102.24,-3.64],[102.28,-3.99],[102.63,-4.26],[102.81,-4.34],[102.9,-4.48],[103.16,-4.61],[103.34,-4.78]]],[[[134.84,-6.49],[134.84,-6.31],[134.8,-6.36],[134.75,-6.4],[134.84,-6.49]]],[[[134.62,-6.49],[134.66,-6.44],[134.62,-6.44],[134.62,-6.49]]],[[[134.66,-6.44],[134.71,-6.58],[134.71,-6.44],[134.66,-6.44]]],[[[134.14,-6.44],[134.09,-6.75],[134.31,-6.88],[134.49,-6.66],[134.58,-6.49],[134.62,-6.44],[134.75,-6.31],[134.8,-6.09],[134.66,-5.96],[134.62,-5.92],[134.66,-5.96],[134.75,-5.83],[134.75,-5.61],[134.66,-5.44],[134.49,-5.44],[134.49,-5.57],[134.22,-5.75],[134.31,-5.79],[134.27,-6.05],[134.27,-6.09],[134.27,-6.05],[134.22,-6.23],[134.27,-6.27],[134.31,-6.27],[134.27,-6.27],[134.22,-6.23],[134.14,-6.44],[134.18,-6.49],[134.14,-6.44]]],[[[138.75,-7.19],[138.75,-7.14],[138.71,-7.1],[138.75,-7.19]]],[[[112.65,-7.06],[112.83,-7.19],[113.05,-7.23],[113.57,-7.23],[113.75,-7.1],[113.88,-7.14],[114.06,-7.01],[114.01,-6.88],[112.83,-6.88],[112.83,-6.97],[112.65,-7.06]]],[[[131.41,-7.32],[131.37,-7.45],[131.24,-7.49],[131.11,-7.88],[131.24,-8.01],[131.5,-7.75],[131.63,-7.67],[131.68,-7.53],[131.68,-7.14],[131.5,-7.19],[131.41,-7.32]]],[[[125.79,-8.01],[126.01,-7.88],[126.4,-7.93],[126.8,-7.67],[126.49,-7.58],[126.32,-7.71],[125.92,-7.75],[125.79,-8.01]]],[[[129.7,-8.06],[129.83,-8.01],[129.83,-7.8],[129.52,-7.84],[129.7,-8.06]]],[[[123.02,-8.32],[123.15,-8.4],[123.28,-8.4],[123.28,-8.23],[123.02,-8.32]]],[[[117.53,-8.4],[117.7,-8.19],[117.48,-8.19],[117.53,-8.4]]],[[[124.34,-8.45],[124.6,-8.4],[125.09,-8.36],[125.09,-8.14],[124.43,-8.14],[124.43,-8.32],[124.34,-8.45]]],[[[123.42,-8.27],[123.28,-8.49],[123.42,-8.58],[123.77,-8.32],[123.55,-8.23],[123.42,-8.27]]],[[[105.45,-6.84],[105.89,-6.84],[105.97,-6.79],[106.24,-6.97],[106.54,-6.97],[106.54,-7.06],[106.37,-7.23],[106.5,-7.4],[106.72,-7.45],[107.12,-7.45],[107.47,-7.49],[107.69,-7.67],[107.86,-7.75],[108.04,-7.75],[108.43,-7.84],[108.61,-7.67],[109.01,-7.8],[109.09,-7.67],[109.4,-7.71],[109.62,-7.8],[109.93,-7.84],[110.06,-7.93],[110.32,-8.01],[110.63,-8.19],[110.89,-8.19],[111.2,-8.27],[111.47,-8.27],[111.64,-8.32],[112.21,-8.32],[112.43,-8.4],[112.92,-8.4],[113.09,-8.27],[113.27,-8.27],[113.4,-8.4],[113.66,-8.45],[113.97,-8.62],[114.19,-8.62],[114.37,-8.75],[114.41,-8.49],[114.37,-8.45],[114.41,-8.14],[114.41,-7.75],[114.1,-7.71],[113.49,-7.71],[113.18,-7.75],[112.87,-7.62],[112.83,-7.27],[112.7,-7.19],[112.65,-7.06],[112.61,-6.88],[112.04,-6.88],[111.77,-6.79],[111.51,-6.62],[111.25,-6.71],[111.11,-6.62],[110.98,-6.4],[110.72,-6.44],[110.54,-6.84],[110.37,-6.97],[110.19,-6.84],[110.06,-6.92],[109.84,-6.92],[109.49,-6.79],[109.4,-6.88],[109.18,-6.88],[109.05,-6.79],[108.7,-6.79],[108.61,-6.75],[108.39,-6.4],[108.39,-6.27],[108.17,-6.31],[107.64,-6.23],[107.47,-6.14],[107.34,-5.96],[107.12,-5.92],[106.98,-6.09],[106.41,-6.05],[106.37,-5.96],[105.89,-6.05],[105.84,-6.14],[105.84,-6.44],[105.62,-6.62],[105.45,-6.84]]],[[[115.07,-8.84],[115.2,-8.84],[115.24,-8.67],[115.46,-8.58],[115.73,-8.4],[115.51,-8.19],[115.16,-8.06],[114.98,-8.19],[114.54,-8.14],[114.45,-8.23],[114.59,-8.4],[114.8,-8.4],[115.16,-8.67],[115.07,-8.84]]],[[[116.17,-8.93],[116.52,-8.93],[116.52,-8.8],[116.74,-8.36],[116.65,-8.27],[116.25,-8.23],[116.12,-8.4],[116.08,-8.71],[115.86,-8.84],[116.17,-8.93]]],[[[119.81,-8.8],[120.21,-8.84],[120.65,-8.84],[120.91,-8.93],[121.13,-8.93],[121.4,-8.8],[121.66,-8.84],[121.92,-8.84],[122.14,-8.71],[122.45,-8.75],[122.63,-8.62],[122.8,-8.62],[122.89,-8.36],[123.02,-8.32],[122.98,-8.14],[122.76,-8.36],[122.63,-8.36],[122.49,-8.49],[122.49,-8.62],[122.19,-8.62],[122.14,-8.54],[121.92,-8.49],[121.61,-8.49],[121.61,-8.58],[121.35,-8.58],[121.26,-8.45],[120.65,-8.27],[120.25,-8.27],[119.9,-8.49],[119.81,-8.62],[119.64,-8.67],[119.68,-8.71],[119.81,-8.8]]],[[[117.53,-8.4],[117.4,-8.45],[117.13,-8.36],[117,-8.49],[116.78,-8.58],[116.74,-8.88],[116.78,-9.06],[117.13,-9.1],[117.44,-9.06],[117.66,-8.93],[117.97,-8.93],[118.01,-8.84],[118.23,-8.84],[118.41,-8.67],[118.41,-8.88],[118.67,-8.8],[118.8,-8.84],[119.07,-8.67],[118.93,-8.27],[118.45,-8.23],[118.28,-8.36],[118.14,-8.23],[118.1,-8.1],[117.88,-8.1],[117.7,-8.19],[117.92,-8.45],[118.1,-8.45],[118.28,-8.67],[117.97,-8.67],[117.75,-8.71],[117.75,-8.58],[117.62,-8.49],[117.53,-8.4]]],[[[141.03,-9.14],[141.03,-7.67],[141.03,-6.88],[140.9,-6.88],[140.86,-6.58],[140.95,-6.58],[140.99,-6.31],[140.99,-5.35],[140.99,-4.21],[140.99,-2.59],[140.77,-2.63],[140.68,-2.46],[140.46,-2.42],[140.29,-2.46],[140.07,-2.37],[139.76,-2.37],[139.15,-2.02],[138.88,-1.98],[138.66,-1.8],[138,-1.58],[137.87,-1.45],[137.48,-1.58],[137.26,-1.76],[137.12,-1.76],[137.21,-1.98],[137.17,-2.11],[136.99,-2.11],[136.82,-2.24],[136.42,-2.2],[136.33,-2.24],[136.33,-2.42],[136.25,-2.59],[135.94,-2.77],[135.89,-2.99],[135.76,-3.03],[135.45,-3.38],[135.1,-3.38],[134.97,-3.34],[134.66,-2.99],[134.66,-2.55],[134.58,-2.46],[134.36,-2.68],[134.14,-2.28],[134.14,-1.89],[134.09,-1.62],[134.22,-1.54],[134.22,-1.27],[134.09,-1.14],[134.05,-0.88],[133.92,-0.75],[133.39,-0.75],[133.17,-0.53],[133.04,-0.53],[132.69,-0.35],[132.38,-0.35],[132.2,-0.39],[131.76,-0.75],[131.28,-0.79],[131.24,-1.14],[131.06,-1.27],[131.06,-0.92],[130.71,-0.92],[130.67,-0.97],[130.75,-1.27],[131.32,-1.49],[131.59,-1.49],[131.81,-1.62],[131.9,-1.58],[131.94,-1.93],[132.07,-2.11],[132.38,-2.28],[132.51,-2.2],[132.64,-2.28],[132.86,-2.28],[133.13,-2.2],[133.43,-2.24],[133.74,-2.24],[133.87,-2.28],[133.65,-2.55],[133.52,-2.59],[133.5,-2.61],[133.48,-2.63],[133.39,-2.55],[133.39,-2.5],[133.3,-2.46],[133.13,-2.42],[132.82,-2.77],[132.73,-2.81],[132.6,-2.68],[132.47,-2.68],[132.25,-2.68],[132.07,-2.77],[132.03,-2.9],[132.34,-2.94],[132.56,-3.12],[132.64,-3.34],[132.82,-3.25],[132.82,-3.42],[132.91,-3.64],[132.73,-3.64],[132.82,-3.95],[133.04,-4.13],[133.26,-4.08],[133.43,-3.86],[133.43,-3.69],[133.65,-3.42],[133.65,-3.34],[133.65,-3.42],[133.74,-3.64],[133.87,-3.78],[134.01,-3.82],[134.05,-3.82],[134.09,-3.91],[134.22,-3.99],[134.36,-3.91],[134.53,-4.04],[134.66,-3.91],[134.75,-3.95],[134.66,-3.99],[134.71,-4.21],[134.8,-4.21],[135.19,-4.48],[135.28,-4.43],[135.59,-4.48],[135.94,-4.48],[136.16,-4.65],[136.33,-4.65],[136.64,-4.83],[136.9,-4.87],[137.08,-4.96],[137.26,-4.96],[137.43,-5.09],[137.65,-5.22],[137.83,-5.4],[138.05,-5.53],[138.05,-5.75],[138.27,-5.83],[138.27,-5.96],[138.4,-6.18],[138.44,-6.4],[138.66,-6.58],[138.75,-6.75],[138.79,-6.79],[138.75,-6.75],[138.66,-6.88],[138.71,-7.1],[138.75,-7.14],[138.75,-7.19],[138.93,-7.4],[138.97,-7.53],[139.1,-7.58],[139.06,-7.62],[139.01,-7.84],[139.06,-7.62],[139.1,-7.58],[138.97,-7.58],[138.79,-7.36],[138.62,-7.36],[138.22,-7.45],[138,-7.67],[137.78,-8.01],[137.65,-8.32],[137.74,-8.4],[138.35,-8.4],[138.53,-8.32],[138.57,-8.27],[138.66,-8.19],[138.57,-8.27],[138.53,-8.32],[138.75,-8.4],[138.93,-8.32],[138.97,-8.19],[139.19,-8.1],[139.28,-8.19],[139.5,-8.19],[139.67,-8.1],[139.94,-8.1],[140.11,-8.32],[140.24,-8.36],[140.51,-8.62],[140.68,-8.88],[140.9,-9.1],[141.03,-9.14]]],[[[120.43,-10.31],[120.69,-10.23],[120.87,-10.05],[120.47,-9.62],[120.3,-9.66],[119.9,-9.32],[119.68,-9.36],[119.15,-9.36],[118.93,-9.58],[119.2,-9.75],[119.59,-9.75],[119.77,-9.92],[119.95,-10.01],[120.21,-10.27],[120.43,-10.31]]],[[[124.03,-9.32],[123.68,-9.62],[123.68,-9.88],[123.5,-10.36],[123.81,-10.36],[124.03,-10.27],[124.12,-10.14],[124.38,-10.18],[124.51,-10.1],[125,-9.62],[125.09,-9.45],[125,-9.19],[125.17,-9.19],[125.13,-8.97],[124.95,-8.97],[124.78,-9.01],[124.65,-9.14],[124.47,-9.19],[124.47,-9.32],[124.3,-9.4],[124.08,-9.4],[124.03,-9.32]]],[[[123.24,-10.61],[123.33,-10.57],[123.37,-10.53],[123.37,-10.49],[123.24,-10.61]]],[[[123.24,-10.61],[122.85,-10.74],[122.93,-10.92],[123.06,-10.83],[123.24,-10.83],[123.33,-10.57],[123.24,-10.61]]]]},"properties":{"ISO_A3":"IDN"}},
{"type":"Feature","geometry":{"type":"MultiPolygon","coordinates":[[[[69.59,24.29],[69.19,24.24],[69.22,24.12],[68.99,23.76],[68.74,23.83],[68.56,23.72],[68.49,23.53],[68.68,23.3],[68.76,23.08],[69.19,22.84],[69.66,22.74],[69.8,22.85],[70.1,22.92],[70.15,22.99],[70.19,23.03],[70.32,23.2],[70.63,23.18],[70.83,23.34],[71.15,23.47],[70.97,23.72],[70.92,23.87],[70.63,23.96],[70.12,23.92],[70.03,24.17],[69.73,24.17],[69.59,24.29]]],[[[88.76,22.06],[88.83,22.07],[88.79,22.11],[88.76,22.06]]],[[[88.95,22],[88.94,22.05],[88.94,22.03],[88.95,22]]],[[[88.99,22.04],[89.04,22],[89.05,22],[89.01,22.05],[88.99,22.04]]],[[[88.97,21.87],[88.97,21.88],[88.91,21.89],[88.94,21.88],[88.97,21.87]]],[[[88.5,21.96],[88.54,21.89],[88.55,21.9],[88.55,21.92],[88.56,21.95],[88.5,21.97],[88.5,21.96]]],[[[88.96,21.83],[89.03,21.86],[88.97,21.88],[88.97,21.87],[88.96,21.83]]],[[[88.45,21.82],[88.44,21.88],[88.41,21.83],[88.45,21.82]]],[[[88.28,21.79],[88.34,21.8],[88.34,21.85],[88.31,21.84],[88.28,21.79]]],[[[88.76,21.79],[88.77,21.83],[88.74,21.8],[88.75,21.79],[88.76,21.79]]],[[[88.92,21.79],[88.96,21.8],[88.97,21.82],[88.96,21.83],[88.92,21.8],[88.92,21.79]]],[[[88.76,21.79],[88.79,21.76],[88.79,21.77],[88.78,21.82],[88.76,21.79]]],[[[89,21.78],[89.01,21.74],[89.01,21.76],[89.01,21.78],[89,21.78]]],[[[89.02,21.72],[89.04,21.74],[89.01,21.76],[89.01,21.74],[89.02,21.72]]],[[[88.76,21.68],[88.8,21.69],[88.8,21.7],[88.76,21.68]]],[[[89.04,21.66],[89.05,21.68],[89.06,21.72],[89.02,21.72],[89.04,21.66]]],[[[89,21.66],[88.98,21.71],[88.99,21.68],[89,21.66]]],[[[88.54,21.7],[88.56,21.66],[88.56,21.67],[88.54,21.7]]],[[[88.98,21.64],[89,21.66],[88.99,21.68],[88.97,21.64],[88.98,21.64]]],[[[72.82,18.91],[72.96,19.04],[73,19.22],[72.86,19.32],[72.78,19.3],[72.82,18.91]]],[[[82.07,16.69],[82.07,16.7],[82.05,16.69],[82.06,16.69],[82.07,16.69]]],[[[82.12,16.68],[82.15,16.71],[82.14,16.7],[82.09,16.69],[82.12,16.68]]],[[[73.88,15.51],[73.91,15.52],[73.91,15.53],[73.89,15.53],[73.88,15.51]]],[[[92.72,12.83],[92.68,12.59],[92.7,12.33],[92.6,11.88],[92.51,11.85],[92.71,11.49],[92.79,11.88],[92.72,11.95],[92.88,12.19],[92.85,12.39],[92.85,12.4],[92.98,12.54],[92.93,13.01],[92.93,13.02],[93.03,13.08],[93.06,13.26],[93.03,13.58],[92.84,13.41],[92.8,12.9],[92.72,12.83]]],[[[92.38,10.54],[92.55,10.55],[92.59,10.78],[92.5,10.9],[92.37,10.78],[92.38,10.54]]],[[[76.34,9.74],[76.32,9.46],[76.55,8.9],[77.01,8.36],[77.31,8.13],[77.55,8.08],[78.07,8.37],[78.25,8.99],[78.66,9.19],[79.15,9.28],[78.98,9.36],[78.9,9.49],[79.27,10.04],[79.27,10.24],[79.54,10.35],[79.61,10.29],[79.88,10.3],[79.85,11.2],[79.76,11.62],[79.87,12.03],[80.16,12.47],[80.35,13.29],[80.13,14.11],[80.19,14.57],[80.1,14.71],[80.05,15.07],[80.26,15.67],[80.57,15.86],[80.96,15.83],[81.33,16.36],[81.54,16.38],[81.55,16.37],[81.73,16.32],[82.2,16.53],[82.18,16.62],[82.14,16.68],[82.12,16.68],[82.09,16.69],[82.07,16.69],[82.06,16.69],[82.05,16.69],[82.07,16.7],[82.14,16.7],[82.15,16.71],[82.31,16.73],[82.25,16.91],[82.33,17.07],[82.57,17.27],[83.21,17.59],[83.57,18.01],[84.12,18.31],[84.94,19.28],[85.66,19.74],[86.28,19.94],[86.31,19.95],[86.28,20.03],[86.27,20.05],[86.39,20],[86.53,20.18],[86.78,20.35],[86.79,20.65],[86.78,20.65],[86.83,20.78],[86.97,20.82],[86.82,21.14],[86.89,21.32],[87.16,21.53],[87.84,21.72],[88.06,22.02],[88.28,21.79],[88.31,21.84],[88.34,21.85],[88.41,21.83],[88.44,21.88],[88.5,21.96],[88.5,21.97],[88.66,22],[88.69,22],[88.75,22.05],[88.76,22.06],[88.79,22.11],[89.04,22.19],[89.05,22.19],[89.06,22.18],[88.94,22.56],[88.91,22.76],[88.97,22.84],[88.85,22.96],[88.87,23.1],[88.99,23.2],[88.72,23.25],[88.8,23.5],[88.56,23.64],[88.59,23.87],[88.74,23.91],[88.76,24],[88.7,24.12],[88.74,24.28],[88.33,24.38],[88.01,24.67],[88.16,24.85],[88.22,24.96],[88.33,24.87],[88.39,24.94],[88.44,25.2],[88.92,25.17],[89.01,25.27],[88.84,25.37],[88.8,25.52],[88.55,25.52],[88.27,25.81],[88.09,25.91],[88.18,26.15],[88.35,26.22],[88.44,26.36],[88.52,26.35],[88.49,26.46],[88.33,26.49],[88.39,26.61],[88.79,26.31],[88.84,26.23],[88.88,26.29],[89.03,26.24],[89.06,26.29],[88.92,26.4],[88.96,26.46],[89.09,26.39],[89.16,26.14],[89.35,26.01],[89.43,26.05],[89.58,25.97],[89.64,26.06],[89.63,26.23],[89.89,25.95],[89.82,25.81],[89.88,25.62],[89.86,25.29],[90.44,25.14],[91.27,25.21],[91.48,25.14],[91.61,25.17],[91.64,25.12],[92.06,25.19],[92.43,25.03],[92.48,24.87],[92.24,24.9],[92.3,24.74],[92.23,24.53],[92.16,24.53],[92.16,24.42],[91.92,24.34],[91.9,24.14],[91.74,24.25],[91.66,24.23],[91.59,24.08],[91.37,24.11],[91.28,23.98],[91.22,23.74],[91.16,23.74],[91.21,23.69],[91.16,23.59],[91.25,23.48],[91.35,23.1],[91.45,23.26],[91.62,22.94],[91.83,23.1],[91.76,23.31],[91.97,23.48],[91.95,23.73],[92.06,23.65],[92.14,23.73],[92.27,23.72],[92.4,23.24],[92.35,23.24],[92.37,22.93],[92.52,22.72],[92.61,21.97],[92.68,22.01],[92.69,22.15],[92.86,22.06],[92.9,21.96],[92.95,22.03],[93.01,21.99],[93.05,22.2],[93.15,22.18],[93.2,22.26],[93.09,22.71],[93.14,23.05],[93.29,23.01],[93.39,23.14],[93.36,23.34],[93.44,23.69],[93.33,24.08],[93.4,24.09],[93.5,23.95],[93.76,24.01],[93.82,23.92],[93.93,23.95],[94.16,23.85],[94.39,24.48],[94.6,24.71],[94.74,25.04],[94.74,25.13],[94.58,25.22],[94.63,25.39],[95.04,25.74],[95.01,25.9],[95.12,26.1],[95.13,26.38],[95.07,26.45],[95.15,26.62],[95.43,26.7],[95.54,26.84],[95.72,26.88],[95.8,27.02],[96.02,27.18],[96.23,27.27],[96.52,27.29],[96.7,27.37],[96.88,27.26],[96.9,27.17],[97.07,27.09],[97.16,27.14],[96.9,27.45],[96.9,27.62],[97.06,27.75],[97.04,27.81],[96.67,27.96],[96.42,28.17],[96.25,28.25],[96.01,28.19],[95.87,28.31],[95.37,28.13],[95.28,27.94],[94.53,27.6],[94.27,27.59],[93.86,27.19],[93.83,27.03],[93.61,26.95],[93.07,26.89],[92.66,26.96],[92.06,26.85],[91.89,26.92],[91.7,26.81],[91.41,26.84],[91.34,26.78],[91.1,26.82],[90.73,26.77],[90.36,26.9],[90.2,26.84],[90.19,26.77],[89.77,26.7],[89.38,26.86],[89.14,26.81],[89.04,26.93],[88.92,26.99],[88.87,27.11],[88.75,27.15],[88.91,27.29],[88.76,27.57],[88.88,27.89],[88.84,28.02],[88.64,28.12],[88.41,27.98],[88.14,27.97],[88.12,27.92],[88.2,27.79],[88.05,27.5],[88.07,27.34],[87.99,27.13],[88.17,26.86],[88.09,26.43],[87.9,26.48],[87.61,26.38],[87.47,26.44],[87.34,26.35],[87.09,26.45],[87.07,26.59],[86.72,26.43],[86.34,26.62],[86.22,26.59],[86.03,26.67],[85.87,26.58],[85.73,26.65],[85.63,26.87],[85.33,26.74],[85.19,26.86],[84.64,27.05],[84.69,27.21],[84.62,27.34],[84.28,27.4],[84.05,27.44],[83.86,27.43],[83.39,27.48],[83.19,27.45],[82.74,27.5],[82.71,27.72],[82.45,27.68],[82.07,27.92],[81.9,27.85],[81.33,28.14],[81.21,28.36],[80.91,28.47],[80.55,28.69],[80.52,28.55],[80.07,28.84],[80.14,29.1],[80.29,29.2],[80.24,29.44],[80.41,29.6],[80.37,29.75],[80.88,30.13],[80.76,30.31],[80.61,30.44],[80.22,30.58],[80.19,30.67],[80.04,30.71],[79.67,30.98],[79.41,31.07],[79.32,30.96],[79,31.05],[78.8,31.44],[78.85,31.61],[78.64,31.82],[78.77,31.93],[78.57,32.03],[78.43,32.21],[78.51,32.3],[78.39,32.54],[78.73,32.71],[78.78,32.48],[78.97,32.34],[79.12,32.45],[79.31,32.6],[79.16,33.17],[78.73,33.57],[78.76,33.91],[78.67,34.09],[78.93,34.15],[79.04,34.34],[78.76,34.44],[78.71,34.53],[78.27,34.64],[78.2,34.74],[78.2,34.97],[78,35.24],[78.11,35.48],[77.91,35.46],[77.69,35.45],[77.45,35.46],[76.78,35.66],[76.75,35.54],[76.98,35.36],[77.09,35.17],[77,34.93],[76.76,34.94],[76.68,34.75],[76.46,34.8],[76.16,34.63],[76.03,34.68],[75.78,34.51],[75.37,34.54],[75.25,34.64],[75.03,34.63],[74.34,34.79],[74.13,34.66],[73.97,34.69],[73.88,34.45],[73.91,34.35],[73.99,34.27],[73.93,34.02],[74.14,34.05],[74.28,33.97],[74.28,33.9],[73.96,33.72],[74.19,33.47],[74.02,33.21],[74.31,33.03],[74.64,32.61],[74.68,32.49],[74.94,32.45],[75.03,32.5],[75.35,32.34],[75.38,32.23],[75.26,32.1],[74.88,32.05],[74.82,31.96],[74.57,31.84],[74.49,31.71],[74.65,31.43],[74.55,31.37],[74.51,31.13],[74.57,31.06],[74.11,30.62],[73.88,30.36],[73.97,30.2],[73.81,30.07],[73.4,29.95],[73.28,29.57],[72.95,29.03],[72.35,28.73],[72.21,28.39],[71.93,28.12],[71.9,27.96],[71.67,27.88],[71.2,27.84],[70.87,27.71],[70.74,27.74],[70.59,28.01],[70.37,28.01],[70.13,27.81],[70.03,27.56],[69.59,27.18],[69.51,26.74],[69.82,26.59],[70.17,26.55],[70.1,25.94],[70.27,25.71],[70.67,25.68],[70.66,25.4],[70.89,25.15],[71.1,24.69],[71,24.44],[71.12,24.4],[70.88,24.28],[71.15,24.22],[71.27,24.01],[71.06,23.86],[71.05,23.64],[71.3,23.56],[71.22,23.2],[71.47,23.2],[71.46,23.19],[71.23,23.16],[71.11,23.22],[70.83,23.1],[70.73,23.19],[70.47,22.95],[70.12,22.52],[70.04,22.56],[69.79,22.37],[69.6,22.31],[69.17,22.28],[69.05,22.4],[68.94,22.31],[69.22,21.96],[70.16,21.05],[70.44,20.85],[70.82,20.69],[71.05,20.73],[71.44,20.87],[71.54,20.97],[71.57,20.95],[72.11,21.2],[72.08,21.25],[72.31,21.63],[72.24,21.91],[72.13,21.99],[72.21,22.01],[72.3,22.23],[72.54,22.35],[72.6,22.21],[72.51,21.94],[72.62,21.91],[72.53,21.68],[72.81,21.65],[72.68,21.44],[72.6,21.29],[72.67,21.15],[72.68,21.15],[72.91,20.76],[72.89,20.5],[72.71,20.07],[72.65,19.83],[72.76,19.38],[72.97,19.3],[73.01,19.22],[73.03,19],[72.91,18.88],[72.86,18.69],[72.94,18.23],[73.24,17.32],[73.28,17.1],[73.32,16.52],[73.46,16.06],[73.77,15.49],[73.89,15.53],[73.91,15.53],[73.91,15.52],[73.88,15.51],[73.92,15.09],[74.03,15],[74.11,14.79],[74.25,14.74],[74.36,14.52],[74.51,13.99],[74.61,13.87],[74.82,12.84],[75.2,12.01],[75.51,11.73],[75.72,11.39],[76.22,9.98],[76.4,9.83],[76.35,9.72],[76.34,9.74]]],[[[93.83,6.76],[93.94,6.96],[93.84,7.24],[93.66,7.13],[93.83,6.76]]]]},"properties":{"ISO_A3":"IND"}},
{"type":"Feature","geometry":{"type":"Polygon","coordinates":[[[-9.89,51.64],[-9.76,51.53],[-9.4,51.5],[-9.36,51.5],[-9.4,51.47],[-9.1,51.56],[-8.92,51.53],[-8.7,51.64],[-8.31,51.72],[-8.26,51.8],[-8.22,51.86],[-8.26,51.8],[-8.04,51.8],[-7.82,51.94],[-7.6,52.1],[-6.99,52.15],[-6.77,52.21],[-6.33,52.18],[-6.46,52.34],[-6.2,52.53],[-6.24,52.64],[-6.02,52.9],[-6.02,53.11],[-6.2,53.32],[-6.06,53.56],[-6.24,53.66],[-6.24,53.87],[-6.11,54.03],[-6.28,54.1],[-6.68,54.05],[-6.86,54.34],[-7.16,54.34],[-7.25,54.13],[-7.56,54.13],[-8.17,54.44],[-7.82,54.54],[-7.82,54.72],[-7.56,54.74],[-7.25,55.07],[-6.94,55.2],[-7.16,55.35],[-7.34,55.32],[-7.56,55.2],[-7.56,55.02],[-7.73,55.17],[-7.82,55.2],[-8.31,55.15],[-8.44,55],[-8.48,54.77],[-8.13,54.59],[-8.57,54.34],[-8.53,54.31],[-9.05,54.28],[-9.27,54.31],[-10.06,54.28],[-10.11,54.16],[-9.84,53.95],[-9.67,53.79],[-9.93,53.72],[-10.06,53.59],[-10.06,53.43],[-9.8,53.3],[-9.62,53.35],[-9.62,53.27],[-9.1,53.25],[-9.49,52.93],[-9.54,52.64],[-9.36,52.61],[-9.84,52.42],[-9.8,52.26],[-9.98,52.15],[-10.24,51.99],[-9.93,51.61],[-9.89,51.64]]]},"properties":{"ISO_A3":"IRL"}},
{"type":"Feature","geometry":{"type":"MultiPolygon","coordinates":[[[[55.71,26.94],[55.8,26.86],[55.58,26.7],[56.02,26.74],[55.93,26.9],[55.71,26.94]]],[[[60.41,25.32],[60.59,25.44],[60.63,25.28],[60.76,25.28],[61.16,25.12],[61.42,25.08],[61.55,25.2],[61.6,25.16],[61.64,25.32],[61.69,25.64],[61.69,25.68],[61.69,25.72],[61.73,25.72],[61.77,25.72],[61.82,25.72],[61.82,25.76],[61.86,25.76],[61.86,25.84],[61.82,25.84],[61.86,25.87],[61.91,25.87],[61.86,25.91],[61.82,25.91],[61.82,25.99],[61.86,25.99],[61.82,26.03],[61.86,26.19],[61.91,26.23],[61.91,26.27],[61.95,26.27],[61.99,26.27],[62.04,26.31],[62.08,26.27],[62.21,26.27],[62.3,26.51],[62.48,26.58],[62.52,26.58],[62.56,26.58],[62.61,26.58],[62.65,26.62],[62.7,26.58],[62.74,26.62],[62.74,26.66],[62.78,26.66],[63.18,26.66],[63.18,26.82],[63.22,26.86],[63.22,26.9],[63.27,26.9],[63.27,27.09],[63.27,27.13],[63.31,27.13],[63.27,27.21],[63.22,27.25],[63.18,27.25],[63.14,27.25],[63.05,27.25],[63,27.21],[62.96,27.21],[62.92,27.21],[62.83,27.21],[62.78,27.25],[62.83,27.25],[62.83,27.33],[62.78,27.33],[62.78,27.37],[62.83,27.45],[62.83,27.76],[62.78,27.87],[62.78,27.99],[62.74,28.03],[62.78,28.07],[62.78,28.22],[62.78,28.26],[62.61,28.26],[62.56,28.26],[62.56,28.3],[62.48,28.38],[62.43,28.38],[62.43,28.42],[62.39,28.42],[62.34,28.45],[62.3,28.45],[62.26,28.45],[62.21,28.45],[61.95,28.53],[61.91,28.57],[61.91,28.61],[61.86,28.61],[61.77,28.69],[61.73,28.76],[61.69,28.76],[61.64,28.8],[61.6,28.88],[61.6,28.92],[61.51,29.03],[61.42,29.19],[61.38,29.22],[61.33,29.38],[61.16,29.53],[61.03,29.68],[60.89,29.87],[61.33,30.33],[61.77,30.82],[61.82,31.16],[61.69,31.39],[61.33,31.42],[60.85,31.5],[60.81,32.02],[60.89,32.21],[60.81,32.54],[60.72,32.69],[60.59,33.13],[60.85,33.5],[60.54,33.65],[60.59,33.79],[60.5,34.05],[60.67,34.3],[60.85,34.37],[60.89,34.56],[61.07,34.77],[61.11,35.24],[61.25,35.42],[61.29,35.6],[61.16,36.31],[61.16,36.63],[60.37,36.63],[60.02,37.05],[59.53,37.12],[59.4,37.29],[59.4,37.5],[59.22,37.5],[58.92,37.64],[58.35,37.64],[58.21,37.68],[57.91,37.89],[57.47,37.92],[57.25,38.27],[56.9,38.2],[56.76,38.27],[56.41,38.27],[56.37,38.13],[56.19,38.09],[55.45,38.09],[55.14,37.96],[54.79,37.68],[54.83,37.57],[54.66,37.43],[54.48,37.43],[54.26,37.33],[53.95,37.33],[54.04,37.05],[54.04,36.8],[53.38,36.8],[53.38,36.84],[51.93,36.56],[51.62,36.59],[51.45,36.7],[51.23,36.7],[50.83,36.84],[50.31,37.12],[50.17,37.4],[49.95,37.47],[49.82,37.43],[49.47,37.47],[49.25,37.54],[48.99,37.75],[48.9,37.99],[48.9,38.44],[48.59,38.4],[48.46,38.61],[48.24,38.65],[48.02,38.89],[48.33,39.02],[48.15,39.19],[48.15,39.29],[48.37,39.4],[48.02,39.7],[47.63,39.57],[46.88,39.16],[46.53,38.85],[46.53,38.89],[46.35,38.92],[46.13,38.85],[45.69,38.95],[45.52,38.95],[45.17,39.26],[44.81,39.63],[44.59,39.77],[44.46,39.7],[44.42,39.4],[44.07,39.4],[44.07,39.26],[44.2,39.16],[44.2,38.89],[44.29,38.78],[44.33,38.37],[44.51,38.37],[44.24,37.96],[44.59,37.68],[44.59,37.43],[44.81,37.29],[44.77,37.15],[44.9,37.01],[44.86,36.77],[45.08,36.7],[45.03,36.49],[45.25,36.42],[45.34,36.2],[45.34,35.99],[45.56,35.99],[45.78,35.81],[46.13,35.85],[46.22,35.71],[46,35.67],[46,35.46],[46.13,35.35],[46.18,35.1],[45.96,35.06],[45.91,34.95],[45.69,34.81],[45.69,34.56],[45.47,34.48],[45.56,34.34],[45.52,33.94],[45.78,33.61],[45.96,33.57],[46.18,33.21],[46.09,32.99],[46.31,32.99],[46.7,32.8],[46.88,32.62],[47.14,32.47],[47.41,32.47],[47.45,32.32],[47.67,32.1],[47.71,31.95],[47.85,31.8],[47.67,31.39],[47.67,31.01],[48.02,31.01],[48.02,30.48],[48.2,30.41],[48.42,30.22],[48.5,29.95],[48.59,29.95],[48.68,30.03],[48.94,30.03],[48.94,30.41],[49.03,30.41],[49.08,30.44],[49.08,30.41],[49.08,30.37],[49.03,30.41],[48.94,30.41],[48.99,30.29],[49.25,30.25],[49.47,30.18],[49.6,30.03],[49.91,30.22],[50.13,30.14],[50.17,29.91],[50.48,29.57],[50.66,29.45],[50.66,29.11],[50.92,29.07],[50.79,28.92],[51.01,28.76],[51.1,28.49],[51.27,28.26],[51.36,27.99],[51.62,27.83],[52.06,27.83],[52.24,27.68],[52.46,27.64],[52.9,27.17],[53.47,26.98],[53.47,26.86],[53.73,26.7],[54.04,26.74],[54.35,26.7],[54.39,26.58],[54.61,26.51],[54.83,26.51],[55.05,26.62],[55.23,26.78],[55.49,26.82],[55.62,26.98],[55.97,27.02],[56.28,27.17],[56.63,27.17],[56.81,27.13],[57.03,26.82],[57.07,26.39],[57.2,26.19],[57.2,25.99],[57.42,25.76],[57.73,25.76],[57.82,25.68],[57.91,25.72],[58.08,25.56],[58.3,25.6],[58.83,25.56],[59.01,25.44],[59.18,25.44],[59.22,25.48],[59.27,25.44],[59.84,25.4],[60.15,25.32],[60.28,25.4],[60.41,25.32]]]]},"properties":{"ISO_A3":"IRN"}},
{"type":"Feature","geometry":{"type":"Polygon","coordinates":[[[-21.79,65.43],[-22.5,65.23],[-22.1,65.1],[-23.2,65.01],[-23.38,64.82],[-22.32,64.77],[-22.32,64.56],[-22.06,64.47],[-22.01,64.29],[-21.75,64.2],[-22.54,63.97],[-22.37,63.85],[-21.66,63.81],[-21.14,63.85],[-20.74,63.76],[-20.21,63.54],[-19.9,63.54],[-19.11,63.4],[-18.72,63.38],[-18.19,63.46],[-17.8,63.66],[-17.31,63.78],[-16.65,63.79],[-16.17,64.05],[-15.42,64.28],[-15.03,64.28],[-14.54,64.41],[-14.54,64.6],[-13.97,64.73],[-13.53,65.05],[-13.8,65.19],[-13.93,65.29],[-13.62,65.51],[-14.15,65.63],[-14.37,65.76],[-14.9,65.76],[-14.59,65.96],[-15.07,66.14],[-14.98,66.28],[-15.69,66.22],[-15.69,66.4],[-16.04,66.54],[-16.52,66.51],[-16.48,66.19],[-16.92,66.12],[-17.22,66.19],[-17.58,65.98],[-17.93,66.15],[-18.28,66.17],[-18.06,65.69],[-18.28,65.92],[-18.54,65.98],[-18.81,66.21],[-19.38,66.08],[-19.38,65.76],[-19.69,65.76],[-20.12,66.12],[-20.43,66.03],[-20.26,65.74],[-20.52,65.6],[-21.4,65.6],[-21.31,66.01],[-22.41,66.44],[-22.85,66.47],[-23.02,66.3],[-22.45,66.26],[-22.41,66.08],[-22.59,65.92],[-23.24,66.17],[-23.77,66.06],[-23.73,65.92],[-24.08,65.81],[-23.95,65.41],[-23.2,65.54],[-22.72,65.58],[-22.19,65.43],[-21.79,65.43]]]},"properties":{"ISO_A3":"ISL"}},
{"type":"Feature","geometry":{"type":"Polygon","coordinates":[[[34.97,31.98],[35.06,32.47],[35.41,32.5],[35.54,32.39],[35.63,32.69],[35.63,33.24],[35.41,33.06],[35.1,33.1],[35.06,32.84],[34.93,32.73],[34.8,32.1],[34.53,31.61],[34.49,31.61],[34.58,31.54],[34.36,31.39],[34.27,31.24],[34.31,31.05],[34.58,30.48],[34.84,29.8],[34.88,29.49],[34.97,29.53],[35.06,29.95],[35.15,30.06],[35.15,30.41],[35.41,30.94],[35.41,31.24],[35.46,31.5],[35.15,31.35],[34.93,31.35],[34.97,31.61],[35.1,31.84],[35.02,31.84],[35.02,31.87],[35.02,31.91],[34.97,31.98]]]},"properties":{"ISO_A3":"ISR"}},
{"type":"Feature","geometry":{"type":"MultiPolygon","coordinates":[[[[8.43,39.12],[8.57,39.06],[8.61,38.89],[8.96,38.92],[9.09,39.23],[9.31,39.23],[9.58,39.12],[9.58,39.33],[9.66,39.46],[9.66,39.9],[9.75,40.07],[9.62,40.17],[9.66,40.34],[9.84,40.54],[9.66,40.77],[9.66,40.91],[9.62,41.01],[9.36,41.21],[9.14,41.21],[8.79,40.91],[8.52,40.81],[8.21,40.91],[8.17,40.64],[8.39,40.47],[8.48,40.31],[8.48,40.04],[8.39,39.9],[8.43,39.57],[8.35,39.23],[8.43,39.12]]],[[[14.1,40.81],[14.32,40.81],[14.59,40.61],[14.81,40.67],[14.98,40.41],[14.94,40.24],[15.16,40.17],[15.33,40],[15.6,40.07],[15.77,39.94],[15.86,39.57],[16.04,39.33],[16.08,39.02],[16.21,38.92],[16.12,38.71],[15.86,38.68],[15.9,38.51],[15.82,38.27],[15.64,38.23],[15.64,37.99],[15.73,37.92],[16.08,37.92],[16.21,38.2],[16.56,38.4],[16.56,38.78],[16.83,38.92],[17.09,38.92],[17.13,39.4],[16.78,39.63],[16.61,39.63],[16.47,39.77],[16.78,40.31],[17,40.51],[17.18,40.51],[17.27,40.37],[17.44,40.31],[17.79,40.31],[18.01,40.14],[18.06,39.9],[18.32,39.8],[18.54,40.11],[18.45,40.27],[18.01,40.61],[17.62,40.77],[17.18,41.04],[16.69,41.17],[15.99,41.44],[15.9,41.6],[16.21,41.83],[16.12,41.93],[15.51,41.9],[15.07,41.93],[14.72,42.09],[14.5,42.29],[14.1,42.55],[13.93,42.81],[13.79,43.22],[13.62,43.51],[13.14,43.76],[12.92,43.92],[12.61,44.02],[12.34,44.27],[12.26,44.77],[12.52,44.93],[12.3,45.18],[12.34,45.39],[12.74,45.52],[13.14,45.7],[13.36,45.67],[13.57,45.79],[13.75,45.61],[13.71,45.79],[13.49,45.98],[13.66,46.19],[13.4,46.25],[13.71,46.52],[13.31,46.55],[12.48,46.67],[12.12,46.94],[11.86,47],[11.16,46.97],[10.98,46.76],[10.46,46.85],[10.41,46.64],[10.1,46.61],[10.06,46.43],[9.66,46.31],[9.27,46.49],[9.27,46.25],[9.01,46.04],[8.96,45.85],[8.48,46.25],[8.48,46.43],[8.08,46.25],[8.13,46.1],[7.86,45.98],[7.51,45.98],[7.38,45.88],[7.03,45.91],[6.81,45.82],[6.98,45.52],[7.16,45.42],[7.12,45.27],[6.85,45.11],[6.76,44.9],[7.03,44.77],[6.85,44.52],[6.98,44.24],[7.64,44.02],[7.51,43.8],[7.91,43.83],[8.17,43.95],[8.26,44.14],[8.74,44.43],[9.01,44.4],[9.49,44.24],[9.84,44.05],[10.15,43.99],[10.28,43.8],[10.28,43.57],[10.54,43.25],[10.54,42.97],[10.76,42.93],[10.76,42.81],[10.94,42.74],[11.2,42.51],[11.2,42.42],[11.6,42.32],[11.82,42.03],[12.17,41.9],[12.21,41.73],[12.34,41.7],[12.65,41.47],[13.14,41.24],[13.31,41.3],[13.84,41.17],[14.06,40.84],[14.1,40.81]]],[[[12.43,43.89],[12.52,43.95],[12.48,43.99],[12.43,43.95],[12.43,43.89]]],[[[15.07,36.66],[15.11,36.87],[15.29,37.01],[15.11,37.29],[15.07,37.47],[15.2,37.75],[15.51,38.06],[15.42,38.23],[15.02,38.16],[14.76,38.16],[14.45,38.02],[13.97,38.02],[13.75,37.96],[13.4,38.09],[13.36,38.2],[13.14,38.2],[13.09,38.09],[12.87,38.02],[12.7,38.13],[12.48,37.99],[12.48,37.68],[12.65,37.57],[12.96,37.57],[13.18,37.5],[13.44,37.29],[13.71,37.15],[14.1,37.12],[14.28,37.05],[14.45,36.8],[15.07,36.66]]]]},"properties":{"ISO_A3":"ITA"}},
{"type":"Feature","geometry":{"type":"Polygon","coordinates":[[[-77.15,17.89],[-76.93,17.85],[-76.76,17.98],[-76.58,17.85],[-76.23,17.93],[-76.36,18.18],[-76.8,18.31],[-77.02,18.44],[-77.24,18.48],[-77.68,18.48],[-77.95,18.52],[-78.08,18.44],[-78.34,18.39],[-78.34,18.23],[-78.08,18.23],[-77.73,17.85],[-77.37,17.85],[-77.24,17.73],[-77.15,17.89]]]},"properties":{"ISO_A3":"JAM"}},
{"type":"Feature","geometry":{"type":"Polygon","coordinates":[[[34.97,29.34],[35.15,29.34],[35.46,29.26],[35.67,29.26],[35.98,29.19],[36.47,29.45],[36.77,29.87],[37.52,29.99],[37.65,30.33],[38,30.48],[37.78,30.75],[37.56,30.94],[37.34,31.2],[36.99,31.5],[37.96,31.72],[38.27,31.84],[39.01,31.98],[39.19,32.17],[39.06,32.32],[39.1,32.5],[38.79,33.39],[38.44,33.17],[38.31,33.13],[37.56,32.73],[37.34,32.54],[36.99,32.43],[36.86,32.32],[36.42,32.36],[36.33,32.47],[36.03,32.58],[35.94,32.73],[35.81,32.76],[35.63,32.69],[35.54,32.39],[35.59,32.21],[35.5,32.06],[35.54,31.72],[35.46,31.5],[35.41,31.24],[35.41,30.94],[35.15,30.41],[35.15,30.06],[35.06,29.95],[34.97,29.53],[34.97,29.34]]]},"properties":{"ISO_A3":"JOR"}},
{"type":"Feature","geometry":{"type":"MultiPolygon","coordinates":[[[[145.21,43.62],[145.08,43.73],[145.08,43.89],[145.21,44.02],[145.34,44.33],[144.81,43.95],[144.46,43.92],[144.07,44.11],[143.54,44.24],[143.1,44.49],[142.66,44.83],[142.18,45.33],[141.91,45.52],[141.69,45.39],[141.56,45.18],[141.78,44.8],[141.78,44.46],[141.65,44.3],[141.65,43.95],[141.34,43.76],[141.43,43.32],[141.21,43.16],[140.99,43.25],[140.86,43.19],[140.51,43.38],[140.33,43.29],[140.51,43],[140.16,42.74],[139.85,42.68],[139.85,42.38],[139.76,42.25],[140.02,42.12],[140.16,41.93],[140.02,41.73],[139.98,41.54],[140.07,41.44],[140.42,41.5],[140.42,41.67],[140.73,41.77],[140.99,41.7],[141.17,41.83],[140.86,41.99],[140.77,42.12],[140.51,42.12],[140.29,42.22],[140.29,42.38],[140.46,42.58],[140.73,42.58],[140.99,42.32],[141.34,42.55],[141.61,42.64],[141.83,42.61],[142.53,42.25],[142.97,42.12],[143.14,42.03],[143.32,42.06],[143.32,42.32],[143.67,42.71],[144.15,43],[144.73,42.97],[145.03,43],[145.12,43.09],[145.47,43.25],[145.3,43.35],[145.21,43.62]]],[[[138.22,37.82],[138.49,37.89],[138.44,38.06],[138.27,38.13],[138.22,37.82]]],[[[133.13,34.3],[133.13,34.34],[133.13,34.37],[133.08,34.34],[133.13,34.3]]],[[[133.17,34.27],[133.17,34.37],[133.13,34.34],[133.17,34.27]]],[[[133.13,34.23],[133.17,34.27],[133.13,34.27],[133.13,34.23]]],[[[134.75,34.19],[134.93,34.3],[134.88,34.41],[134.66,34.3],[134.75,34.19]]],[[[132.47,34.27],[132.47,34.19],[132.51,34.19],[132.51,34.23],[132.51,34.27],[132.42,34.34],[132.47,34.27]]],[[[132.51,34.16],[132.56,34.19],[132.51,34.19],[132.51,34.16]]],[[[132.42,34.16],[132.51,34.16],[132.47,34.19],[132.42,34.16]]],[[[129.22,34.08],[129.39,34.3],[129.48,34.52],[129.3,34.66],[129.26,34.34],[129.17,34.23],[129.22,34.08]]],[[[132.16,33.94],[132.34,33.9],[132.2,33.97],[132.16,33.94]]],[[[129.74,33.43],[129.79,33.43],[129.79,33.46],[129.74,33.43]]],[[[129.83,33.35],[129.87,33.39],[129.83,33.39],[129.79,33.43],[129.83,33.35]]],[[[129.04,32.95],[129.04,32.84],[129.08,33.02],[129.04,32.95]]],[[[132.47,33.17],[132.51,32.95],[132.73,32.76],[132.95,32.8],[132.99,33.02],[133.26,33.21],[133.26,33.35],[133.57,33.54],[133.92,33.5],[134.14,33.28],[134.27,33.54],[134.71,33.83],[134.58,34.05],[134.62,34.23],[134.58,34.23],[134.27,34.34],[133.87,34.37],[133.61,34.23],[133.57,33.97],[133.08,33.94],[132.99,34.08],[132.82,34.05],[132.6,33.65],[132.51,33.65],[132.29,33.46],[132.47,33.17]]],[[[130.23,32.39],[130.4,32.39],[130.45,32.62],[130.23,32.47],[130.23,32.43],[130.23,32.39]]],[[[130.23,32.47],[130.01,32.39],[130.09,32.21],[130.23,32.39],[130.23,32.43],[130.23,32.47]]],[[[130.09,32.21],[130.18,32.1],[130.18,32.21],[130.09,32.21]]],[[[130.71,31.57],[130.8,31.35],[130.8,31.09],[130.97,31.12],[131.06,31.46],[131.32,31.39],[131.46,31.61],[131.46,31.95],[131.68,32.58],[132.03,32.84],[131.85,33.24],[131.59,33.24],[131.59,33.35],[131.76,33.54],[131.68,33.68],[131.5,33.68],[131.28,33.57],[131.02,33.72],[130.97,33.83],[131.15,33.94],[131.41,34.01],[131.81,34.01],[131.85,33.97],[132.16,33.94],[132.2,33.97],[132.25,34.27],[132.29,34.3],[132.42,34.34],[132.51,34.27],[132.51,34.23],[132.56,34.19],[132.64,34.19],[132.77,34.3],[133.08,34.34],[133.13,34.37],[133.17,34.37],[133.3,34.37],[133.7,34.52],[133.96,34.48],[134.05,34.59],[134.22,34.74],[134.75,34.77],[134.97,34.63],[135.41,34.66],[135.24,34.37],[135.1,34.3],[135.19,34.12],[135.1,33.9],[135.37,33.72],[135.41,33.57],[135.76,33.46],[135.94,33.57],[136.03,33.79],[136.25,33.97],[136.29,34.19],[136.51,34.27],[136.9,34.3],[136.86,34.48],[136.55,34.59],[136.51,34.7],[136.69,35.02],[136.86,35.02],[136.95,34.84],[137.17,34.59],[137.34,34.66],[138.18,34.66],[138.31,34.88],[138.62,35.13],[138.79,35.13],[138.75,34.7],[138.84,34.59],[139.01,34.7],[139.15,34.88],[139.1,34.99],[139.15,35.24],[139.28,35.31],[139.54,35.31],[139.8,35.49],[139.76,35.63],[140.02,35.67],[140.11,35.56],[139.89,35.42],[139.85,34.92],[139.94,34.92],[140.16,35.13],[140.42,35.24],[140.38,35.35],[140.51,35.6],[140.82,35.81],[140.55,36.17],[140.64,36.34],[140.6,36.49],[140.73,36.66],[140.77,36.87],[140.99,36.98],[141.03,37.22],[141.03,37.68],[140.9,37.92],[140.9,38.06],[141.08,38.34],[141.17,38.37],[141.47,38.4],[141.47,38.58],[141.61,38.89],[141.69,38.99],[141.74,39.02],[141.87,39.02],[141.91,39.23],[141.91,39.36],[142.05,39.5],[142,39.46],[142.05,39.5],[141.96,40],[141.83,40.07],[141.83,40.27],[141.74,40.41],[141.43,40.67],[141.39,40.81],[141.39,41.24],[141.12,41.47],[140.95,41.54],[140.77,41.27],[140.77,41.14],[141.25,41.21],[141.25,41.04],[141.08,40.87],[140.68,40.84],[140.64,41.21],[140.46,41.17],[140.29,40.84],[140.02,40.77],[139.94,40.57],[140.02,40.37],[139.98,40.14],[139.85,39.97],[139.72,39.97],[139.94,39.9],[140.07,39.73],[140.02,39.36],[139.89,39.23],[139.85,38.95],[139.76,38.78],[139.54,38.58],[139.45,38.23],[139.23,37.99],[139.06,37.96],[138.79,37.75],[138.75,37.57],[138.62,37.43],[138.22,37.15],[138.09,37.19],[137.92,37.05],[137.43,36.94],[137.34,36.77],[137.08,36.77],[136.95,37.08],[136.99,37.12],[136.95,37.19],[137.21,37.29],[137.34,37.54],[136.82,37.4],[136.69,37.26],[136.77,36.84],[136.6,36.59],[136.38,36.38],[136.11,36.24],[135.98,36.03],[136.11,35.74],[135.85,35.53],[135.5,35.49],[135.32,35.53],[135.32,35.49],[135.32,35.53],[135.19,35.78],[134.93,35.63],[134.49,35.67],[134.18,35.53],[133.65,35.49],[133.26,35.56],[132.64,35.46],[132.56,35.28],[131.85,34.7],[131.59,34.66],[131.54,34.56],[131.28,34.37],[131.02,34.41],[130.97,34.37],[130.89,34.34],[130.93,33.94],[130.71,33.94],[130.53,33.87],[130.4,33.72],[130.18,33.65],[130.14,33.5],[129.87,33.54],[129.79,33.46],[129.83,33.39],[129.87,33.39],[129.83,33.35],[129.57,33.39],[129.44,33.35],[129.39,33.17],[129.66,33.21],[129.74,33.06],[129.92,33.06],[129.96,32.87],[129.74,33.06],[129.66,32.91],[129.83,32.65],[130.09,32.8],[130.18,32.62],[130.36,32.69],[130.36,32.84],[130.18,32.84],[130.18,33.06],[130.4,32.99],[130.62,32.8],[130.45,32.62],[130.58,32.62],[130.58,32.43],[130.36,32.13],[130.18,32.1],[130.18,31.76],[130.31,31.69],[130.31,31.5],[130.18,31.31],[130.36,31.24],[130.67,31.24],[130.53,31.39],[130.58,31.57],[130.71,31.57]]],[[[130.49,30.22],[130.67,30.29],[130.67,30.41],[130.4,30.41],[130.49,30.22]]],[[[129.35,28.15],[129.44,28.38],[129.17,28.26],[129.35,28.15]]],[[[127.85,26.47],[127.99,26.47],[128.25,26.62],[128.25,26.82],[127.85,26.47]]]]},"properties":{"ISO_A3":"JPN"}},
{"type":"Feature","geometry":{"type":"Polygon","coordinates":[[[56.02,41.3],[56.02,42.68],[56.02,43.99],[56.02,44.99],[56.68,45.18],[57.29,45.3],[58.61,45.58],[58.83,45.52],[59.22,45.33],[60.02,44.99],[61.07,44.36],[61.42,43.99],[61.91,43.61],[61.99,43.51],[62.26,43.51],[62.83,43.57],[63.31,43.67],[63.75,43.61],[64.54,43.57],[64.94,43.73],[65.2,43.51],[65.55,43.29],[65.86,42.87],[66.08,42.93],[66.08,42.35],[65.99,42.35],[65.99,41.93],[66.52,41.9],[66.69,41.14],[67.49,41.14],[67.79,41.17],[68.06,41.04],[67.97,40.84],[68.28,40.64],[68.63,40.57],[68.58,40.71],[68.67,40.97],[69.02,41.24],[69.02,41.37],[69.33,41.44],[69.64,41.67],[69.95,41.73],[70.34,42.06],[70.69,42.12],[70.96,42.25],[71,42.58],[71.18,42.61],[71.26,42.77],[71.4,42.81],[72.01,42.81],[72.49,42.68],[72.67,42.68],[72.85,42.55],[73.42,42.51],[73.55,43.03],[74.21,43.25],[74.65,43.09],[74.73,43],[75.35,42.84],[75.7,42.81],[75.92,42.97],[76.01,42.9],[76.32,42.87],[76.71,42.9],[76.8,42.97],[77.15,42.97],[77.9,42.87],[78.43,42.87],[78.64,42.81],[79.08,42.77],[79.52,42.45],[79.96,42.45],[80.18,42.22],[80.23,42.22],[80.27,42.22],[80.27,42.25],[80.27,42.32],[80.23,42.35],[80.23,42.42],[80.23,42.45],[80.23,42.48],[80.18,42.68],[80.4,42.84],[80.45,42.87],[80.49,42.87],[80.53,42.87],[80.58,42.9],[80.58,42.93],[80.49,42.93],[80.36,43.03],[80.4,43.06],[80.45,43.06],[80.49,43.06],[80.49,43.09],[80.58,43.09],[80.58,43.13],[80.62,43.13],[80.67,43.16],[80.75,43.16],[80.75,43.25],[80.8,43.32],[80.75,43.41],[80.75,43.45],[80.75,43.48],[80.71,43.57],[80.53,43.83],[80.53,43.86],[80.49,43.89],[80.4,44.11],[80.4,44.36],[80.36,44.43],[80.36,44.49],[80.36,44.52],[80.4,44.55],[80.4,44.58],[80.4,44.62],[80.31,44.71],[79.96,44.83],[79.88,44.9],[79.92,44.93],[79.96,44.96],[80.01,44.96],[80.01,44.99],[80.09,45.05],[80.23,45.02],[80.27,45.05],[80.31,45.08],[80.36,45.05],[80.4,45.05],[80.49,45.11],[80.75,45.14],[80.8,45.14],[80.84,45.14],[80.84,45.11],[80.89,45.14],[80.93,45.14],[80.97,45.18],[81.02,45.14],[81.06,45.18],[81.06,45.21],[81.33,45.27],[81.37,45.27],[81.41,45.27],[81.5,45.27],[81.76,45.36],[81.76,45.39],[81.81,45.36],[81.85,45.33],[81.9,45.3],[81.94,45.24],[82.29,45.24],[82.34,45.21],[82.38,45.21],[82.47,45.18],[82.56,45.21],[82.6,45.21],[82.56,45.42],[82.29,45.55],[82.34,45.94],[82.47,45.98],[82.51,46.16],[82.6,46.28],[82.73,46.49],[82.77,46.61],[82.77,46.67],[82.82,46.76],[82.86,46.79],[82.86,46.82],[82.91,46.94],[82.95,46.97],[82.95,47.03],[82.95,47.06],[82.99,47.15],[83.04,47.18],[83.04,47.21],[83.08,47.21],[83.17,47.24],[83.21,47.21],[83.21,47.18],[83.35,47.18],[83.61,47.03],[83.92,46.97],[84.75,47],[84.8,46.97],[84.8,46.94],[84.84,46.91],[84.93,46.88],[84.97,46.91],[85.02,46.91],[85.15,47],[85.19,47],[85.24,47.06],[85.32,47.06],[85.37,47.03],[85.41,47.06],[85.46,47.06],[85.5,47.06],[85.54,47.06],[85.54,47.12],[85.59,47.12],[85.59,47.15],[85.63,47.18],[85.63,47.21],[85.67,47.21],[85.67,47.24],[85.72,47.3],[85.67,47.33],[85.67,47.36],[85.72,47.39],[85.67,47.39],[85.67,47.45],[85.63,47.54],[85.59,47.75],[85.54,47.98],[85.54,48.16],[85.67,48.33],[85.72,48.33],[85.72,48.36],[85.76,48.39],[85.81,48.42],[86.2,48.42],[86.6,48.54],[86.77,48.71],[86.82,48.83],[86.82,48.86],[86.77,48.89],[86.73,48.92],[86.73,48.97],[86.73,49],[86.9,49.15],[86.99,49.15],[87.04,49.12],[87.08,49.12],[87.12,49.15],[87.17,49.15],[87.21,49.15],[87.3,49.12],[87.3,49.23],[87.04,49.26],[86.86,49.52],[86.6,49.6],[85.98,49.49],[85.89,49.58],[85.63,49.58],[85.24,49.72],[84.97,49.92],[85.02,50.06],[84.62,50.23],[84.31,50.23],[84.22,50.53],[83.92,50.81],[83.43,51.01],[83.13,51.01],[82.99,50.9],[82.73,50.92],[82.69,50.79],[82.47,50.73],[82.03,50.79],[81.46,50.76],[81.41,50.98],[81.06,50.95],[81.19,51.17],[80.75,51.31],[80.49,51.12],[80.49,50.95],[79.96,50.9],[79.48,51.56],[78.56,52.64],[78.03,53.14],[77.9,53.3],[77.28,53.64],[76.62,53.95],[76.45,54.16],[76.76,54.18],[76.8,54.39],[76.18,54.26],[75.61,54.1],[75.22,53.87],[74.78,53.82],[74.47,53.69],[74.38,53.45],[74.08,53.64],[73.68,53.61],[73.42,53.53],[73.24,53.66],[73.46,53.87],[73.42,53.95],[73.06,53.97],[72.85,54.13],[72.63,54.13],[72.32,54.28],[72.05,54.21],[71.75,54.26],[71.7,54.1],[71.48,54.1],[71.09,54.21],[71.22,54.46],[70.96,54.87],[71,55.1],[70.78,55.27],[70.47,55.27],[70.21,55.15],[69.77,55.35],[69.2,55.32],[69.07,55.42],[68.8,55.37],[68.63,55.2],[68.19,55.2],[68.23,54.97],[67.57,54.84],[67.31,54.87],[66.39,54.69],[65.82,54.62],[65.55,54.64],[65.24,54.54],[65.11,54.34],[64.45,54.36],[64.1,54.31],[63.88,54.21],[63.71,54.26],[63.31,54.21],[63.09,54.1],[62.7,54.1],[62.34,54.03],[61.55,54],[61.29,54.08],[61.25,53.79],[61.07,53.72],[61.2,53.56],[61.16,53.32],[61.64,53.22],[62.17,53.06],[61.95,52.95],[61.64,52.95],[61.47,53.03],[61.11,52.98],[60.72,52.66],[60.98,52.5],[61.07,52.34],[60.5,52.15],[60.15,51.91],[60.5,51.77],[60.54,51.61],[60.89,51.56],[61.11,51.45],[61.51,51.42],[61.55,51.23],[61.47,50.81],[60.81,50.65],[60.32,50.67],[60.15,50.84],[59.97,50.76],[59.8,50.53],[59.49,50.65],[58.87,50.7],[58.61,50.87],[58.61,51.06],[58.26,51.14],[58.08,51.06],[57.78,51.14],[57.73,50.92],[57.42,50.9],[57.16,51.09],[56.72,51.06],[56.37,50.9],[56.19,50.9],[56.02,50.67],[55.67,50.56],[55.4,50.65],[54.74,51.03],[54.74,50.62],[54.52,50.53],[54.39,50.62],[54.44,50.84],[54.17,51.01],[54.13,51.12],[53.64,51.23],[53.6,51.36],[53.38,51.5],[52.59,51.47],[52.37,51.69],[51.89,51.69],[51.8,51.5],[51.27,51.47],[51.36,51.64],[50.88,51.69],[50.57,51.64],[50.48,51.42],[49.87,51.14],[49.38,51.09],[49.43,50.84],[49.12,50.76],[48.68,50.53],[48.77,50.09],[48.68,49.89],[48.37,49.83],[48.15,49.97],[48.11,50.09],[47.85,50.34],[47.54,50.45],[47.27,50.28],[47.36,50.09],[47.19,49.94],[46.88,49.83],[46.79,49.35],[47.05,49.12],[46.79,48.94],[46.48,48.42],[47.14,48.28],[47.05,48.01],[47.19,47.75],[47.41,47.84],[47.67,47.75],[48.2,47.69],[48.5,47.42],[48.99,46.73],[48.77,46.67],[48.77,46.55],[48.94,46.43],[49.3,46.28],[49.51,46.19],[49.82,46.22],[49.91,46.55],[50.48,46.91],[50.79,47.03],[51.23,47.12],[51.84,46.94],[52.02,47],[52.59,46.97],[52.9,47],[53.25,46.67],[53.43,46.34],[53.25,46.16],[53.16,45.94],[53.19,45.9],[53.16,45.94],[52.99,45.88],[52.72,45.67],[52.63,45.52],[52.33,45.39],[51.89,45.42],[51.45,45.33],[51.23,45.18],[51.23,44.99],[51.32,44.58],[51.1,44.49],[50.92,44.62],[50.44,44.62],[50.26,44.55],[50.26,44.36],[50.79,44.24],[51.01,43.8],[51.32,43.48],[51.27,43.16],[51.67,43.19],[51.89,42.84],[52.24,42.87],[52.63,42.81],[52.77,42.71],[52.68,42.58],[52.63,42.38],[52.41,42.16],[52.5,41.86],[52.46,41.77],[52.99,42.12],[53.56,42.29],[54.22,42.38],[54.79,42.06],[54.96,41.9],[55.09,41.6],[55.49,41.24],[55.89,41.34],[56.02,41.3]]]},"properties":{"ISO_A3":"KAZ"}},
{"type":"Feature","geometry":{"type":"Polygon","coordinates":[[[69.37,39.57],[69.73,39.6],[70.25,39.57],[70.65,39.6],[70.78,39.4],[71.04,39.4],[71.13,39.5],[71.35,39.53],[71.79,39.46],[71.83,39.29],[72.27,39.23],[72.32,39.33],[72.71,39.4],[72.8,39.36],[73.24,39.36],[73.59,39.46],[73.81,39.46],[73.86,39.5],[73.9,39.53],[73.94,39.6],[73.81,39.77],[73.94,39.97],[73.99,40],[74.03,40.07],[74.12,40.07],[74.12,40.11],[74.16,40.11],[74.21,40.14],[74.3,40.11],[74.34,40.11],[74.38,40.14],[74.47,40.17],[74.47,40.21],[74.51,40.21],[74.56,40.21],[74.56,40.27],[74.6,40.27],[74.69,40.27],[74.82,40.44],[75.17,40.44],[75.22,40.44],[75.22,40.47],[75.31,40.47],[75.31,40.51],[75.35,40.54],[75.39,40.54],[75.44,40.57],[75.48,40.61],[75.57,40.67],[75.61,40.64],[75.61,40.61],[75.61,40.54],[75.66,40.54],[75.7,40.51],[75.7,40.47],[75.7,40.41],[75.66,40.37],[75.7,40.34],[75.7,40.31],[75.7,40.27],[75.75,40.31],[75.79,40.31],[75.83,40.34],[75.83,40.31],[75.88,40.31],[75.92,40.31],[75.92,40.34],[75.96,40.37],[76.18,40.37],[76.27,40.41],[76.32,40.41],[76.36,40.37],[76.4,40.37],[76.45,40.41],[76.49,40.44],[76.54,40.47],[76.54,40.54],[76.58,40.57],[76.62,40.61],[76.76,40.94],[76.8,40.97],[76.84,40.97],[76.84,41.01],[76.89,41.04],[76.98,41.07],[77.02,41.07],[77.11,41.07],[77.19,41.01],[77.77,41.01],[77.81,41.14],[77.94,41.21],[77.99,41.17],[77.99,41.21],[78.03,41.21],[78.07,41.21],[78.07,41.24],[78.12,41.24],[78.12,41.3],[78.16,41.34],[78.16,41.37],[78.21,41.4],[78.25,41.4],[78.29,41.4],[78.34,41.4],[78.47,41.4],[78.47,41.44],[78.51,41.47],[78.64,41.47],[78.64,41.5],[78.69,41.5],[78.69,41.54],[78.73,41.57],[79.22,41.73],[79.3,41.8],[79.35,41.8],[79.39,41.83],[79.44,41.83],[79.48,41.86],[79.48,41.83],[79.57,41.83],[79.61,41.86],[79.61,41.9],[79.7,41.9],[79.74,41.9],[79.79,41.9],[79.79,41.93],[79.83,41.96],[79.83,42.03],[80.01,42.06],[80.14,42.03],[80.18,42.03],[80.23,42.06],[80.18,42.09],[80.14,42.12],[80.14,42.16],[80.18,42.16],[80.18,42.19],[80.18,42.22],[79.96,42.45],[79.52,42.45],[79.08,42.77],[78.64,42.81],[78.43,42.87],[77.9,42.87],[77.15,42.97],[76.8,42.97],[76.71,42.9],[76.32,42.87],[76.01,42.9],[75.92,42.97],[75.7,42.81],[75.35,42.84],[74.73,43],[74.65,43.09],[74.21,43.25],[73.55,43.03],[73.42,42.51],[72.85,42.55],[72.67,42.68],[72.49,42.68],[72.01,42.81],[71.4,42.81],[71.26,42.77],[71.18,42.61],[71,42.58],[70.96,42.25],[71.13,42.29],[71.26,42.19],[70.69,41.93],[70.38,41.67],[70.21,41.6],[70.52,41.4],[70.74,41.47],[70.78,41.24],[71.13,41.14],[71.44,41.14],[71.44,41.27],[71.83,41.4],[71.92,41.14],[72.14,41.14],[72.19,41.01],[72.45,41.04],[72.67,40.84],[72.98,40.77],[72.58,40.54],[72.41,40.57],[72.05,40.41],[71.97,40.24],[71.79,40.17],[71.62,40.27],[71.13,40.34],[70.96,40.21],[70.91,40.21],[70.65,39.97],[70.3,40.14],[70.12,40.17],[69.73,40.14],[69.51,40.07],[69.29,39.84],[69.37,39.57]]]},"properties":{"ISO_A3":"KGZ"}},
{"type":"Feature","geometry":{"type":"Polygon","coordinates":[[[-157.43,2.02],[-157.47,1.85],[-157.38,1.76],[-157.34,1.93],[-157.43,2.02]]]},"properties":{"ISO_A3":"KIR"}},
{"type":"Feature","geometry":{"type":"Polygon","coordinates":[[[-62.79,17.31],[-62.74,17.39],[-62.87,17.39],[-62.79,17.31]]]},"properties":{"ISO_A3":"KNA"}},
{"type":"Feature","geometry":{"type":"MultiPolygon","coordinates":[[[[126.27,37.75],[126.36,37.64],[126.36,37.71],[126.27,37.75]]],[[[126.45,37.5],[126.58,37.47],[126.58,37.5],[126.54,37.54],[126.49,37.54],[126.45,37.5]]],[[[126.32,34.88],[126.36,34.88],[126.32,34.92],[126.27,34.92],[126.32,34.88]]],[[[126.05,34.84],[126.1,34.88],[126.01,34.88],[126.05,34.84]]],[[[126.32,34.84],[126.36,34.81],[126.36,34.88],[126.32,34.84]]],[[[128.47,34.84],[128.69,34.81],[128.69,34.99],[128.47,34.88],[128.47,34.84]]],[[[126.32,34.56],[126.45,34.56],[126.49,34.37],[126.62,34.37],[126.67,34.41],[126.84,34.37],[126.84,34.45],[127.11,34.56],[127.37,34.48],[127.46,34.52],[127.37,34.7],[127.41,34.84],[127.77,34.7],[127.72,34.92],[127.72,34.95],[127.77,34.95],[127.94,34.88],[128.29,34.92],[128.43,34.84],[128.47,34.84],[128.47,34.88],[128.47,35.1],[128.69,35.13],[128.82,35.02],[129.04,35.1],[129.08,35.1],[129.22,35.17],[129.35,35.46],[129.48,35.56],[129.48,35.78],[129.57,36.1],[129.39,36.13],[129.39,36.38],[129.48,36.7],[129.39,36.98],[129.35,37.29],[128.86,37.82],[128.78,37.99],[128.6,38.16],[128.56,38.3],[128.34,38.61],[128.29,38.44],[127.99,38.34],[127.24,38.34],[126.89,38.13],[126.71,37.85],[126.67,37.82],[126.62,37.78],[126.54,37.78],[126.54,37.75],[126.45,37.82],[126.36,37.71],[126.36,37.64],[126.54,37.61],[126.62,37.54],[126.58,37.47],[126.67,37.36],[126.58,37.22],[126.8,36.98],[126.32,36.98],[126.18,36.91],[126.18,36.77],[126.32,36.59],[126.45,36.59],[126.54,36.17],[126.71,35.99],[126.62,35.88],[126.62,35.85],[126.49,35.67],[126.49,35.53],[126.32,35.24],[126.4,35.02],[126.32,34.92],[126.4,34.99],[126.4,34.84],[126.36,34.81],[126.45,34.7],[126.36,34.7],[126.27,34.59],[126.32,34.56]]],[[[126.93,33.5],[126.84,33.57],[126.49,33.54],[126.14,33.32],[126.32,33.24],[126.62,33.24],[126.89,33.35],[126.93,33.5]]]]},"properties":{"ISO_A3":"KOR"}},
{"type":"Feature","geometry":{"type":"Polygon","coordinates":[[[20.6,41.86],[20.74,41.86],[20.78,42.09],[21.22,42.09],[21.57,42.25],[21.53,42.35],[21.79,42.64],[21.44,42.87],[21.26,42.9],[21.13,43.13],[20.69,43.09],[20.34,42.84],[20.03,42.68],[20.08,42.55],[20.25,42.32],[20.47,42.29],[20.6,42.03],[20.6,41.86]]]},"properties":{"ISO_A3":"KSV"}},
{"type":"Feature","geometry":{"type":"MultiPolygon","coordinates":[[[[48.07,29.99],[48.11,29.99],[48.11,30.03],[48.07,30.03],[48.07,29.99]]],[[[48.11,29.95],[48.2,29.95],[48.11,29.99],[48.11,29.95]]],[[[48.15,29.61],[48.33,29.65],[48.37,29.8],[48.2,29.95],[48.07,29.76],[48.11,29.72],[48.15,29.61]]],[[[46.57,29.11],[47.49,28.99],[47.58,28.88],[47.58,28.69],[47.71,28.53],[48.42,28.53],[48.37,28.72],[48.2,28.92],[48.11,29.15],[48.11,29.34],[47.85,29.34],[47.8,29.45],[47.93,29.57],[48.15,29.61],[48.11,29.72],[48.07,29.76],[48.07,29.95],[48.07,29.99],[48.02,29.99],[47.93,30.03],[47.71,30.1],[47.32,30.1],[47.14,29.99],[47.01,29.76],[46.92,29.49],[46.57,29.11]]]]},"properties":{"ISO_A3":"KWT"}},
{"type":"Feature","geometry":{"type":"Polygon","coordinates":[[[105.23,14.35],[105.36,14.09],[105.49,14.13],[105.8,14.09],[105.89,13.92],[106.11,13.92],[106.11,14.18],[106.02,14.3],[106.46,14.48],[106.76,14.43],[106.81,14.3],[106.98,14.3],[107.25,14.56],[107.42,14.52],[107.56,14.69],[107.51,15.03],[107.6,15.2],[107.6,15.41],[107.25,15.66],[107.2,15.79],[107.34,15.87],[107.34,16.04],[107.16,16.25],[106.98,16.3],[106.85,16.55],[106.68,16.42],[106.54,16.63],[106.54,16.89],[106.28,17.26],[106.19,17.26],[105.97,17.52],[105.62,17.85],[105.62,18.02],[105.49,18.18],[105.31,18.18],[105.09,18.44],[105.18,18.64],[105.14,18.73],[104.79,18.77],[104.48,19.02],[104.39,19.02],[104.13,19.23],[103.91,19.27],[104.22,19.72],[104.44,19.68],[104.52,19.6],[104.79,19.8],[104.92,19.97],[104.96,20.14],[104.79,20.22],[104.61,20.22],[104.61,20.42],[104.39,20.38],[104.57,20.71],[104.3,20.92],[104.17,20.96],[103.91,20.92],[103.73,20.75],[103.21,20.84],[102.9,21.16],[102.9,21.49],[102.99,21.57],[102.99,21.74],[102.72,21.65],[102.63,21.9],[102.15,22.39],[102.11,22.43],[102.06,22.47],[102.02,22.47],[102.02,22.43],[101.98,22.43],[101.93,22.43],[101.93,22.39],[101.89,22.39],[101.84,22.39],[101.67,22.47],[101.58,22.27],[101.62,21.98],[101.76,21.86],[101.76,21.82],[101.76,21.78],[101.76,21.74],[101.76,21.69],[101.76,21.65],[101.8,21.65],[101.8,21.61],[101.84,21.61],[101.84,21.57],[101.76,21.57],[101.76,21.37],[101.71,21.37],[101.71,21.33],[101.8,21.25],[101.84,21.25],[101.84,21.2],[101.8,21.16],[101.76,21.16],[101.71,21.12],[101.71,21.16],[101.62,21.2],[101.62,21.25],[101.54,21.25],[101.49,21.25],[101.4,21.25],[101.36,21.2],[101.32,21.2],[101.27,21.16],[101.27,21.2],[101.23,21.2],[101.14,21.41],[101.18,21.53],[101.1,21.45],[100.96,21.41],[100.83,21.29],[100.7,21.12],[100.17,20.67],[100.09,20.38],[100.35,20.38],[100.53,20.14],[100.57,20.01],[100.44,19.85],[100.44,19.64],[100.53,19.52],[100.79,19.52],[100.88,19.64],[101.27,19.6],[101.18,19.39],[101.27,19.23],[101.27,18.69],[101.05,18.44],[101.14,18.35],[101.18,18.06],[101.01,17.89],[101.01,17.64],[101.1,17.47],[101.36,17.64],[101.76,18.06],[101.93,18.02],[102.06,18.18],[102.46,17.98],[102.77,17.89],[103.25,18.27],[103.29,18.44],[103.56,18.44],[103.69,18.35],[104,18.31],[104.08,18.14],[104.35,17.85],[104.48,17.64],[104.61,17.6],[104.79,17.43],[104.79,17.1],[104.74,17.05],[104.74,16.51],[105.01,16.25],[105.05,16.09],[105.36,16.04],[105.36,15.87],[105.45,15.75],[105.62,15.71],[105.62,15.49],[105.49,15.32],[105.49,15.11],[105.58,15.03],[105.53,14.86],[105.53,14.52],[105.4,14.39],[105.23,14.35]]]},"properties":{"ISO_A3":"LAO"}},
{"type":"Feature","geometry":{"type":"Polygon","coordinates":[[[-11.47,6.93],[-11.34,6.71],[-10.94,6.53],[-10.77,6.27],[-10.37,6.1],[-10.28,6.1],[-9.8,5.62],[-9.71,5.57],[-9.27,5.13],[-9.01,4.96],[-8.83,4.92],[-8.26,4.57],[-7.87,4.48],[-7.78,4.39],[-7.51,4.35],[-7.56,4.39],[-7.56,4.78],[-7.6,4.92],[-7.47,5.13],[-7.47,5.44],[-7.38,5.53],[-7.43,5.83],[-7.78,5.97],[-7.82,6.18],[-7.95,6.31],[-8.26,6.31],[-8.39,6.36],[-8.57,6.53],[-8.35,6.75],[-8.31,7.14],[-8.39,7.45],[-8.48,7.54],[-8.66,7.67],[-8.83,7.41],[-8.83,7.27],[-9.1,7.23],[-9.18,7.41],[-9.32,7.45],[-9.36,7.8],[-9.45,7.88],[-9.49,8.32],[-9.71,8.49],[-10.06,8.54],[-10.28,8.49],[-10.33,8.15],[-10.55,8.15],[-10.59,7.75],[-10.68,7.75],[-10.85,7.54],[-11.12,7.41],[-11.16,7.27],[-11.38,7.1],[-11.47,6.93]]]},"properties":{"ISO_A3":"LBR"}},
{"type":"Feature","geometry":{"type":"Polygon","coordinates":[[[25,21.98],[25,26.86],[25,28.11],[25,29.26],[24.87,29.49],[24.91,29.61],[24.82,29.8],[24.78,30.06],[24.69,30.14],[24.95,30.52],[25,30.9],[24.87,31.16],[24.87,31.39],[25.13,31.65],[25.04,31.95],[24.78,32.02],[24.3,31.98],[24.08,32.02],[23.77,32.17],[23.28,32.21],[23.07,32.36],[23.11,32.65],[22.93,32.65],[22.49,32.8],[22.41,32.87],[21.7,32.95],[21.4,32.76],[21.04,32.76],[20.56,32.54],[20.21,32.28],[19.95,31.98],[19.95,31.57],[20.17,31.24],[20.17,31.05],[20.08,30.86],[19.64,30.41],[19.2,30.25],[18.94,30.29],[18.63,30.44],[18.19,30.78],[17.92,30.86],[17.84,30.94],[17.49,31.01],[17.4,31.09],[17.09,31.12],[16.87,31.2],[16.52,31.2],[16.12,31.24],[15.73,31.39],[15.46,31.69],[15.38,31.87],[15.38,32.13],[15.29,32.32],[15.02,32.43],[14.76,32.43],[14.5,32.5],[14.19,32.73],[13.88,32.8],[13.57,32.8],[13.4,32.91],[13.18,32.91],[12.87,32.8],[12.39,32.8],[12.26,32.84],[11.91,33.06],[11.6,33.1],[11.55,33.17],[11.51,33.06],[11.51,32.69],[11.6,32.43],[11.16,32.28],[10.85,32.1],[10.81,31.98],[10.63,31.98],[10.46,31.72],[10.28,31.69],[10.15,31.5],[10.19,31.27],[10.28,31.12],[10.28,30.78],[9.93,30.37],[9.58,30.22],[9.4,30.18],[9.4,30.03],[9.53,29.91],[9.8,29.42],[9.88,29.03],[9.88,28.57],[9.84,28.3],[9.97,27.87],[9.88,27.48],[9.8,27.45],[9.84,26.94],[9.93,26.86],[9.88,26.51],[9.49,26.39],[9.4,26.19],[9.93,25.52],[10.02,25.36],[10.1,24.84],[10.19,24.68],[10.37,24.52],[10.89,24.56],[11.42,24.2],[11.6,24.24],[11.82,23.88],[11.99,23.52],[13.49,23.16],[13.71,23.08],[14.19,22.63],[14.98,23],[15.73,23.36],[15.99,23.44],[16.52,23.2],[16.78,23.12],[17.27,22.87],[18.06,22.51],[18.28,22.39],[19.07,22.02],[20.03,21.53],[20.56,21.29],[21,21.04],[21.31,20.92],[21.79,20.63],[22.36,20.38],[22.54,20.26],[23.5,19.76],[23.99,19.52],[23.99,20.01],[25,20.01],[25,21.98]]]},"properties":{"ISO_A3":"LBY"}},
{"type":"Feature","geometry":{"type":"Polygon","coordinates":[[[-60.99,14.05],[-61.07,13.79],[-60.9,13.79],[-60.9,14.05],[-60.99,14.05]]]},"properties":{"ISO_A3":"LCA"}},
{"type":"Feature","geometry":{"type":"Polygon","coordinates":[[[9.53,47.24],[9.49,47.15],[9.62,47.06],[9.53,47.24]]]},"properties":{"ISO_A3":"LIE"}},
{"type":"Feature","geometry":{"type":"MultiPolygon","coordinates":[[[[79.88,9.62],[79.96,9.62],[79.88,9.71],[79.88,9.62]]],[[[79.74,8.23],[79.79,8.23],[79.74,8.28],[79.74,8.23]]],[[[79.74,8.23],[79.7,8.01],[79.79,7.84],[79.79,7.45],[79.88,7.01],[79.92,6.62],[80.01,6.45],[80.05,6.18],[80.23,6.01],[80.75,5.97],[80.93,6.1],[81.11,6.1],[81.5,6.31],[81.76,6.58],[81.85,6.84],[81.85,7.41],[81.76,7.67],[81.63,7.8],[81.41,8.15],[81.37,8.32],[81.11,8.84],[80.97,8.97],[80.93,9.01],[80.8,9.32],[80.53,9.49],[80.27,9.75],[80.23,9.84],[79.92,9.75],[80.01,9.66],[80.18,9.53],[80.05,9.01],[79.92,8.93],[79.96,8.62],[79.83,8.45],[79.79,8.23],[79.74,8.23]]]]},"properties":{"ISO_A3":"LKA"}},
{"type":"Feature","geometry":{"type":"Polygon","coordinates":[[[27.5,-29.3],[27.24,-29.57],[27.11,-29.57],[27.11,-29.76],[27.37,-30.18],[27.37,-30.33],[27.55,-30.4],[27.77,-30.63],[28.12,-30.67],[28.21,-30.29],[28.38,-30.14],[28.69,-30.14],[28.95,-30.06],[29.13,-29.87],[29.13,-29.72],[29.3,-29.64],[29.3,-29.49],[29.44,-29.41],[29.44,-29.22],[29.13,-28.95],[28.95,-28.88],[28.69,-28.61],[28.43,-28.61],[28.16,-28.72],[28.03,-28.88],[27.77,-28.92],[27.5,-29.3]]]},"properties":{"ISO_A3":"LSO"}},
{"type":"Feature","geometry":{"type":"MultiPolygon","coordinates":[[[[20.96,55.27],[21,55.27],[21.04,55.37],[20.96,55.27]]],[[[23.5,53.95],[24.34,53.9],[24.82,54.03],[25.22,54.26],[25.53,54.31],[25.75,54.56],[25.75,54.82],[25.88,54.92],[26.23,55],[26.32,55.15],[26.62,55.15],[26.67,55.35],[26.54,55.52],[26.62,55.67],[26.36,55.72],[26.23,55.84],[25.66,56.14],[25.31,56.14],[24.69,56.38],[24.47,56.26],[24.21,56.26],[23.77,56.38],[23.5,56.33],[22.63,56.36],[22.14,56.43],[21.31,56.21],[21.04,56.06],[21.04,55.84],[21.26,55.5],[21.26,55.25],[21.62,55.2],[22.1,55.02],[22.23,55.07],[22.67,55],[22.89,54.79],[22.67,54.59],[22.8,54.36],[23.07,54.36],[23.5,54.16],[23.5,53.95]]]]},"properties":{"ISO_A3":"LTU"}},
{"type":"Feature","geometry":{"type":"Polygon","coordinates":[[[6.15,50.14],[6.02,50.17],[5.75,49.97],[5.75,49.8],[5.89,49.66],[5.84,49.55],[5.97,49.46],[6.19,49.52],[6.37,49.46],[6.5,49.8],[6.24,49.89],[6.15,50.14]]]},"properties":{"ISO_A3":"LUX"}},
{"type":"Feature","geometry":{"type":"Polygon","coordinates":[[[21.04,56.06],[21.31,56.21],[22.14,56.43],[22.63,56.36],[23.5,56.33],[23.77,56.38],[24.21,56.26],[24.47,56.26],[24.69,56.38],[25.31,56.14],[25.66,56.14],[26.23,55.84],[26.36,55.72],[26.62,55.67],[26.98,55.82],[27.63,55.79],[27.63,55.92],[28.16,56.16],[28.21,56.43],[28.07,56.53],[27.99,56.82],[27.72,56.91],[27.72,57.11],[27.85,57.3],[27.37,57.51],[26.93,57.63],[26.54,57.51],[26.18,57.72],[25.44,58.02],[25.22,58.07],[24.34,57.88],[24.38,57.22],[23.77,56.96],[23.59,56.96],[23.24,57.11],[23.2,57.27],[22.71,57.53],[22.49,57.74],[22.01,57.6],[21.7,57.56],[21.4,57.27],[21.4,57.01],[21.04,56.84],[20.96,56.38],[21.04,56.06]]]},"properties":{"ISO_A3":"LVA"}},
{"type":"Feature","geometry":{"type":"Polygon","coordinates":[[[-5.36,35.92],[-5.8,35.78],[-5.93,35.78],[-5.98,35.56],[-6.2,35.17],[-6.24,34.99],[-6.5,34.48],[-6.81,34.05],[-7.03,33.87],[-7.34,33.76],[-7.73,33.54],[-8.26,33.39],[-8.61,33.13],[-9.27,32.54],[-9.27,32.17],[-9.36,31.98],[-9.67,31.72],[-9.8,31.39],[-9.84,30.97],[-9.8,30.82],[-9.89,30.71],[-9.62,30.41],[-9.62,30.18],[-9.84,29.8],[-10.02,29.65],[-10.19,29.3],[-10.46,29.11],[-10.55,28.99],[-11.07,28.76],[-11.51,28.3],[-12,28.15],[-12.08,28.07],[-12.52,27.99],[-12.92,27.95],[-13.05,27.72],[-11.78,27.68],[-10.06,27.68],[-8.66,27.68],[-8.66,28.72],[-8.48,28.8],[-8.26,28.99],[-8.17,28.99],[-7.6,29.38],[-7.34,29.38],[-7.25,29.49],[-6.86,29.49],[-6.5,29.57],[-5.93,29.57],[-5.71,29.61],[-5.58,29.49],[-5.32,29.76],[-5.32,29.84],[-4.92,30.14],[-4.61,30.29],[-4.31,30.52],[-4.13,30.6],[-3.82,30.63],[-3.65,30.71],[-3.65,30.86],[-3.52,31.01],[-3.74,31.16],[-3.78,31.35],[-3.65,31.39],[-3.65,31.65],[-3.12,31.72],[-2.86,31.84],[-2.9,32.1],[-2.46,32.17],[-1.89,32.17],[-1.63,32.1],[-1.19,32.1],[-1.23,32.36],[-1.01,32.54],[-1.36,32.73],[-1.54,32.95],[-1.45,33.06],[-1.67,33.24],[-1.58,33.61],[-1.72,33.87],[-1.67,34.12],[-1.76,34.34],[-1.76,34.7],[-2.2,35.02],[-2.2,35.1],[-2.81,35.1],[-2.95,35.28],[-2.95,35.31],[-2.99,35.38],[-3.03,35.31],[-3.34,35.17],[-4.04,35.24],[-4.31,35.17],[-4.66,35.2],[-5.01,35.38],[-5.27,35.6],[-5.36,35.88],[-5.36,35.92]]]},"properties":{"ISO_A3":"MAR"}},
{"type":"Feature","geometry":{"type":"Polygon","coordinates":[[[7.42,43.72],[7.44,43.75],[7.41,43.73],[7.42,43.72]]]},"properties":{"ISO_A3":"MCO"}},
{"type":"Feature","geometry":{"type":"MultiPolygon","coordinates":[[[[49.21,-12.17],[49.34,-12.17],[49.3,-11.99],[49.12,-12.08],[49.21,-12.17]]],[[[47.93,-13.58],[47.98,-13.58],[47.98,-13.54],[47.93,-13.58]]],[[[45.34,-16.13],[45.21,-15.96],[44.86,-16.21],[44.42,-16.21],[44.46,-16.42],[44.42,-16.72],[44.24,-16.93],[44.11,-17.22],[43.93,-17.43],[43.93,-17.68],[44.02,-17.77],[44.07,-18.1],[44.07,-18.48],[44.24,-18.77],[44.24,-19.1],[44.33,-19.27],[44.46,-19.31],[44.46,-19.68],[44.37,-19.8],[44.51,-19.97],[44.42,-20.18],[44.29,-20.22],[44.24,-20.42],[44.07,-20.59],[44.02,-20.79],[43.89,-20.83],[43.89,-21.04],[43.76,-21.33],[43.5,-21.37],[43.5,-21.69],[43.36,-21.73],[43.36,-21.9],[43.23,-22.02],[43.23,-22.35],[43.28,-22.59],[43.41,-22.91],[43.63,-23.12],[43.63,-23.36],[43.76,-23.44],[43.76,-23.6],[43.63,-23.68],[43.67,-23.8],[43.67,-24.36],[43.93,-24.6],[43.93,-24.8],[44.02,-25],[44.33,-25.16],[44.37,-25.24],[44.73,-25.32],[45.03,-25.48],[45.12,-25.6],[45.47,-25.6],[46.09,-25.28],[46.53,-25.16],[46.7,-25.2],[46.97,-25.08],[47.14,-24.92],[47.14,-24.8],[47.32,-24.48],[47.41,-24.12],[47.49,-24.04],[47.63,-23.68],[47.63,-23.48],[47.76,-23.24],[47.76,-23.07],[47.85,-22.91],[47.85,-22.67],[47.98,-22.22],[48.28,-21.45],[48.37,-21.12],[48.46,-21],[48.46,-20.83],[48.59,-20.42],[48.81,-19.97],[48.9,-19.47],[48.99,-19.35],[49.03,-19.14],[49.21,-18.77],[49.21,-18.64],[49.34,-18.43],[49.43,-18.14],[49.43,-17.93],[49.51,-17.77],[49.43,-17.26],[49.51,-17.01],[49.69,-16.88],[49.73,-16.67],[49.82,-16.63],[49.82,-16.17],[49.69,-16.13],[49.69,-15.79],[49.65,-15.53],[49.69,-15.45],[49.91,-15.45],[49.95,-15.75],[50.17,-16],[50.31,-15.87],[50.48,-15.45],[50.48,-15.2],[50.26,-14.9],[50.17,-14.6],[50.13,-14.26],[50.13,-13.75],[50,-13.49],[49.91,-13.19],[49.87,-12.89],[49.65,-12.81],[49.56,-12.68],[49.51,-12.38],[49.34,-12.21],[49.25,-12.29],[49.21,-12.25],[49.21,-12.17],[48.99,-12.42],[48.72,-12.42],[48.86,-12.59],[48.94,-12.89],[48.94,-12.98],[48.86,-13.07],[48.86,-13.28],[48.81,-13.41],[48.64,-13.49],[48.59,-13.45],[48.5,-13.58],[48.15,-13.75],[48.15,-13.62],[47.98,-13.58],[47.93,-13.58],[47.89,-13.71],[47.89,-13.92],[48.02,-13.92],[48.07,-14.18],[47.93,-14.26],[47.8,-14.22],[47.71,-14.35],[47.71,-14.69],[47.49,-15.03],[47.49,-14.69],[47.32,-14.86],[47.23,-15.03],[46.97,-15.28],[46.83,-15.24],[46.66,-15.41],[46.48,-15.53],[46.04,-15.83],[45.65,-15.79],[45.65,-16.08],[45.38,-16.08],[45.34,-16.13]]]]},"properties":{"ISO_A3":"MDG"}},
{"type":"Feature","geometry":{"type":"Polygon","coordinates":[[[73.42,-0.31],[73.46,-0.31],[73.42,-0.26],[73.42,-0.31]]]},"properties":{"ISO_A3":"MDV"}},
{"type":"Feature","geometry":{"type":"Polygon","coordinates":[[[171.07,7.11],[171.04,7.16],[171.03,7.14],[171.07,7.11]]]},"properties":{"ISO_A3":"MHL"}},
{"type":"Feature","geometry":{"type":"Polygon","coordinates":[[[22.98,41.34],[23.02,41.7],[22.85,42.03],[22.58,42.09],[22.36,42.32],[21.83,42.32],[21.57,42.25],[21.22,42.09],[20.78,42.09],[20.74,41.86],[20.6,41.86],[20.52,41.77],[20.47,41.5],[20.56,41.4],[20.52,41.21],[20.74,40.91],[21,40.84],[21.79,40.94],[21.97,41.14],[22.71,41.14],[22.76,41.34],[22.93,41.34],[22.98,41.34]]]},"properties":{"ISO_A3":"MKD"}},
{"type":"Feature","geometry":{"type":"Polygon","coordinates":[[[0.26,14.9],[0.26,14.99],[0.61,14.99],[0.75,14.94],[1.01,15.03],[1.32,15.28],[1.8,15.32],[2.33,15.32],[2.63,15.37],[3.03,15.32],[3.03,15.41],[3.51,15.37],[3.73,15.66],[3.91,15.75],[4,15.92],[4,16.13],[4.08,16.34],[4.22,16.38],[4.22,17.01],[4.26,17.01],[4.26,18.02],[4.26,19.14],[3.65,19.02],[3.34,18.98],[3.12,19.14],[3.16,19.35],[3.25,19.43],[3.25,19.85],[2.72,20.05],[2.41,20.05],[2.33,20.22],[1.89,20.26],[1.67,20.38],[1.67,20.55],[1.54,20.63],[1.18,20.71],[1.18,21.08],[0.75,21.41],[0.57,21.49],[0.26,21.74],[-0.35,22.1],[-0.48,22.22],[-0.92,22.51],[-1.1,22.59],[-1.67,23],[-1.85,23.08],[-2.99,23.84],[-3.34,24.04],[-3.74,24.32],[-4.18,24.56],[-4.83,25],[-6.59,25],[-6.5,24.56],[-6.5,24.32],[-6.37,23.44],[-6.33,22.75],[-6.24,22.27],[-6.2,21.61],[-6.06,20.67],[-5.98,20.01],[-5.98,19.72],[-5.85,18.81],[-5.85,18.48],[-5.71,17.68],[-5.67,17.22],[-5.67,16.89],[-5.63,16.51],[-5.36,16.34],[-5.49,15.49],[-6.72,15.49],[-7.65,15.49],[-9.32,15.49],[-9.62,15.41],[-10.15,15.37],[-10.28,15.45],[-10.59,15.45],[-10.9,15.11],[-11.03,15.28],[-11.34,15.49],[-11.38,15.62],[-11.69,15.54],[-11.78,15.37],[-11.82,15.07],[-11.78,14.99],[-11.95,14.77],[-12.26,14.77],[-12.13,14.65],[-12.22,14.56],[-12.22,14.39],[-12.08,14.39],[-12,14.18],[-11.95,13.79],[-12.08,13.71],[-11.86,13.45],[-11.64,13.41],[-11.51,13.11],[-11.38,12.94],[-11.43,12.55],[-11.38,12.42],[-11.51,12.21],[-11.21,11.99],[-11.03,12.21],[-10.81,12.12],[-10.77,11.95],[-10.63,11.91],[-10.37,12.21],[-10.15,12.21],[-9.84,12.04],[-9.67,12.04],[-9.67,12.17],[-9.49,12.25],[-9.32,12.25],[-9.36,12.51],[-9.23,12.51],[-8.96,12.34],[-8.92,12.04],[-8.79,11.99],[-8.83,11.65],[-8.53,11.48],[-8.35,11.26],[-8.57,11.22],[-8.66,11.05],[-8.31,11.05],[-8.31,10.62],[-8.26,10.49],[-7.95,10.27],[-8,10.18],[-7.73,10.31],[-7.65,10.44],[-7.47,10.44],[-7.3,10.27],[-7.03,10.27],[-6.94,10.36],[-6.64,10.36],[-6.68,10.62],[-6.42,10.57],[-6.28,10.7],[-6.2,10.57],[-6.2,10.23],[-5.98,10.27],[-5.8,10.44],[-5.49,10.44],[-5.45,10.79],[-5.49,11.09],[-5.36,11.09],[-5.19,11.44],[-5.27,11.61],[-5.23,11.87],[-5.05,11.99],[-4.75,11.99],[-4.44,12.34],[-4.4,12.6],[-4.22,12.72],[-4.22,12.98],[-4.35,13.11],[-4.22,13.28],[-4,13.45],[-3.78,13.37],[-3.43,13.15],[-3.43,13.28],[-3.25,13.28],[-3.21,13.67],[-2.95,13.62],[-2.86,13.88],[-2.86,14.05],[-2.68,14.13],[-2.46,14.3],[-2.29,14.26],[-2.11,14.13],[-1.98,14.18],[-1.98,14.48],[-1.76,14.48],[-1.32,14.73],[-1.1,14.77],[-0.75,15.07],[-0.44,15.07],[-0.4,14.99],[-0.18,15.07],[0.26,14.9]]]},"properties":{"ISO_A3":"MLI"}},
{"type":"Feature","geometry":{"type":"Polygon","coordinates":[[[14.45,35.81],[14.45,35.95],[14.32,35.88],[14.45,35.81]]]},"properties":{"ISO_A3":"MLT"}},
{"type":"Feature","geometry":{"type":"MultiPolygon","coordinates":[[[[92.77,20.44],[92.79,20.47],[92.75,20.47],[92.77,20.44]]],[[[93.14,20.01],[93.14,20.05],[93.12,20.05],[93.14,20.01]]],[[[93.5,19.89],[93.58,19.97],[93.54,19.97],[93.5,19.93],[93.5,19.89]]],[[[93.1,19.89],[93.14,20.01],[93.12,20.05],[93.1,20.14],[93.01,20.14],[93.1,19.89]]],[[[93.67,19.39],[93.72,19.39],[93.72,19.43],[93.67,19.43],[93.67,19.39]]],[[[93.58,19.31],[93.58,19.14],[93.93,18.89],[93.93,19.14],[93.58,19.31]]],[[[98.46,12.55],[98.33,12.55],[98.37,12.34],[98.5,12.38],[98.46,12.55]]],[[[98.46,11.82],[98.37,11.78],[98.42,11.56],[98.55,11.61],[98.5,11.82],[98.46,11.82]]],[[[98.2,11.48],[98.28,11.48],[98.28,11.78],[98.2,11.48]]],[[[98.55,9.97],[98.81,10.49],[98.77,10.66],[99.08,10.96],[99.38,11.39],[99.47,11.61],[99.6,11.65],[99.65,11.82],[99.6,11.99],[99.47,12.12],[99.43,12.6],[99.21,12.81],[99.12,13.02],[99.21,13.2],[99.21,13.54],[99.12,13.88],[98.77,14.22],[98.59,14.35],[98.5,14.52],[98.28,14.73],[98.2,14.99],[98.2,15.24],[98.37,15.28],[98.59,15.45],[98.55,15.62],[98.59,16],[98.68,16.13],[98.86,16.13],[98.9,16.42],[98.72,16.34],[98.59,16.59],[98.5,16.63],[98.5,16.97],[98.33,17.05],[98.11,17.39],[97.8,17.68],[97.67,17.85],[97.71,18.02],[97.63,18.31],[97.41,18.39],[97.45,18.52],[97.76,18.56],[97.76,19.06],[97.85,19.1],[97.8,19.39],[97.98,19.6],[98.02,19.8],[98.24,19.68],[98.46,19.68],[98.68,19.76],[98.99,19.76],[99.03,20.05],[99.56,20.14],[99.51,20.34],[99.82,20.34],[99.87,20.42],[100.09,20.38],[100.17,20.67],[100.7,21.12],[100.83,21.29],[100.96,21.41],[101.1,21.45],[101.18,21.53],[101.14,21.57],[101.14,21.69],[101.1,21.74],[101.01,21.69],[100.96,21.69],[100.92,21.69],[100.88,21.69],[100.79,21.61],[100.79,21.57],[100.7,21.49],[100.66,21.49],[100.61,21.49],[100.61,21.45],[100.57,21.45],[100.53,21.49],[100.48,21.49],[100.44,21.53],[100.39,21.53],[100.35,21.53],[100.26,21.49],[100.17,21.53],[100.17,21.49],[100.13,21.49],[100.13,21.53],[100.13,21.57],[100.13,21.65],[100,21.69],[99.95,21.74],[99.95,21.9],[100,21.98],[99.95,22.02],[99.95,22.06],[99.65,22.1],[99.6,22.1],[99.56,22.1],[99.51,22.1],[99.47,22.14],[99.43,22.1],[99.25,22.1],[99.21,22.14],[99.16,22.14],[99.16,22.18],[99.21,22.22],[99.25,22.27],[99.25,22.35],[99.3,22.43],[99.34,22.47],[99.38,22.47],[99.38,22.51],[99.34,22.67],[99.38,22.75],[99.38,22.79],[99.38,22.83],[99.43,22.83],[99.47,22.87],[99.56,22.91],[99.56,22.95],[99.51,23],[99.51,23.08],[99.34,23.12],[99.25,23.12],[99.25,23.08],[99.21,23.08],[99.21,23.12],[99.12,23.12],[99.12,23.08],[99.08,23.12],[99.03,23.12],[99.03,23.16],[98.99,23.16],[98.94,23.2],[98.9,23.2],[98.9,23.24],[98.94,23.28],[98.94,23.32],[98.9,23.32],[98.9,23.4],[98.9,23.44],[98.9,23.48],[98.86,23.48],[98.81,23.48],[98.81,23.52],[98.81,23.56],[98.86,23.56],[98.9,23.6],[98.86,23.64],[98.86,23.68],[98.81,23.68],[98.77,23.76],[98.72,23.8],[98.68,23.8],[98.68,24],[98.59,24.08],[98.55,24.12],[98.46,24.12],[98.37,24.12],[98.33,24.08],[98.33,24.12],[98.28,24.08],[98.28,24.12],[98.15,24.12],[98.02,24.08],[98.02,24.04],[97.98,24.04],[97.93,24],[97.93,24.04],[97.89,24],[97.89,23.96],[97.67,23.84],[97.63,23.88],[97.58,23.92],[97.54,23.92],[97.54,23.96],[97.71,24.12],[97.76,24.12],[97.76,24.2],[97.71,24.2],[97.71,24.24],[97.67,24.28],[97.67,24.44],[97.54,24.44],[97.54,24.48],[97.54,24.52],[97.58,24.6],[97.58,24.72],[97.54,24.72],[97.58,24.76],[97.71,24.92],[97.71,25.08],[97.76,25.08],[97.76,25.12],[97.8,25.16],[97.93,25.2],[98.11,25.32],[98.15,25.4],[98.15,25.44],[98.15,25.48],[98.11,25.52],[98.15,25.52],[98.15,25.56],[98.2,25.56],[98.2,25.6],[98.28,25.6],[98.42,25.6],[98.46,25.68],[98.46,25.72],[98.46,25.76],[98.46,25.8],[98.5,25.84],[98.55,25.84],[98.59,25.84],[98.64,25.8],[98.72,25.84],[98.64,25.99],[98.68,26.11],[98.77,26.51],[98.77,26.55],[98.77,26.58],[98.77,26.62],[98.77,26.7],[98.72,26.7],[98.77,26.74],[98.77,26.82],[98.72,26.86],[98.77,26.9],[98.72,26.94],[98.72,27.02],[98.77,27.02],[98.77,27.05],[98.72,27.09],[98.72,27.17],[98.68,27.21],[98.72,27.21],[98.72,27.29],[98.72,27.33],[98.72,27.37],[98.68,27.37],[98.72,27.41],[98.68,27.45],[98.68,27.48],[98.72,27.52],[98.68,27.56],[98.68,27.6],[98.64,27.56],[98.59,27.56],[98.59,27.6],[98.55,27.64],[98.5,27.64],[98.46,27.64],[98.42,27.6],[98.42,27.56],[98.42,27.52],[98.33,27.52],[98.33,27.56],[98.33,27.6],[98.28,27.6],[98.2,27.76],[98.24,27.8],[98.2,27.8],[98.2,27.83],[98.15,27.83],[98.2,27.87],[98.2,27.95],[98.15,27.95],[98.15,28.15],[97.85,28.34],[97.8,28.34],[97.8,28.38],[97.76,28.38],[97.76,28.42],[97.76,28.45],[97.71,28.49],[97.67,28.49],[97.67,28.53],[97.54,28.53],[97.49,28.49],[97.49,28.34],[97.54,28.34],[97.41,28.22],[97.32,28.15],[97.32,27.91],[97.19,27.8],[97.1,27.8],[97.1,27.72],[97.05,27.76],[97.01,27.76],[96.92,27.68],[96.92,27.64],[96.92,27.6],[96.88,27.6],[96.92,27.56],[96.92,27.48],[96.92,27.45],[96.92,27.41],[96.97,27.41],[96.97,27.37],[97.05,27.29],[97.05,27.25],[97.1,27.25],[97.14,27.17],[97.14,27.13],[97.14,27.09],[97.1,27.09],[97.05,27.09],[97.05,27.13],[97.01,27.13],[96.97,27.17],[96.92,27.17],[96.83,27.21],[96.88,27.21],[96.88,27.25],[96.83,27.29],[96.79,27.33],[96.75,27.37],[96.7,27.37],[96.53,27.29],[96.22,27.29],[96.09,27.21],[95.87,27.02],[95.78,27.02],[95.78,26.98],[95.78,26.94],[95.74,26.9],[95.69,26.9],[95.65,26.9],[95.65,26.86],[95.6,26.82],[95.43,26.7],[95.21,26.66],[95.17,26.62],[95.17,26.58],[95.12,26.58],[95.12,26.55],[95.12,26.51],[95.08,26.47],[95.08,26.43],[95.12,26.39],[95.12,26.11],[95.17,26.07],[95.17,26.03],[95.03,25.91],[95.03,25.84],[95.03,25.8],[95.03,25.76],[94.95,25.68],[94.95,25.64],[94.9,25.56],[94.81,25.48],[94.77,25.48],[94.73,25.48],[94.68,25.48],[94.59,25.32],[94.59,25.28],[94.59,25.24],[94.59,25.2],[94.73,25.12],[94.68,25],[94.68,24.96],[94.73,24.96],[94.68,24.92],[94.68,24.88],[94.64,24.76],[94.59,24.72],[94.55,24.72],[94.55,24.68],[94.55,24.64],[94.51,24.6],[94.46,24.56],[94.42,24.52],[94.42,24.48],[94.37,24.48],[94.42,24.44],[94.37,24.4],[94.33,24.28],[94.29,24.24],[94.29,24.16],[94.24,24.16],[94.24,24.12],[94.24,24.08],[94.24,24.04],[94.2,23.96],[94.15,23.92],[94.15,23.88],[94.15,23.84],[94.11,23.84],[94.11,23.88],[94.07,23.88],[94.02,23.92],[93.98,23.92],[93.93,23.92],[93.93,23.96],[93.89,23.96],[93.89,23.92],[93.8,23.92],[93.76,24],[93.72,24],[93.67,24],[93.63,24],[93.5,23.96],[93.45,24],[93.41,24.04],[93.41,24.08],[93.36,24.08],[93.36,24.12],[93.32,24.08],[93.32,23.96],[93.36,23.96],[93.36,23.88],[93.41,23.8],[93.41,23.76],[93.41,23.72],[93.45,23.68],[93.41,23.64],[93.41,23.6],[93.41,23.56],[93.41,23.52],[93.41,23.36],[93.36,23.36],[93.36,23.16],[93.41,23.16],[93.36,23.12],[93.36,23.08],[93.32,23.08],[93.32,23.04],[93.28,23],[93.14,23.04],[93.14,22.87],[93.1,22.87],[93.1,22.79],[93.1,22.75],[93.1,22.67],[93.1,22.63],[93.14,22.63],[93.14,22.59],[93.1,22.55],[93.14,22.47],[93.19,22.43],[93.19,22.35],[93.19,22.31],[93.19,22.27],[93.06,22.22],[93.06,22.18],[93.06,22.1],[93.01,22.1],[92.97,22.02],[92.92,21.98],[92.88,21.94],[92.84,22.06],[92.79,22.1],[92.75,22.14],[92.7,22.14],[92.66,22.1],[92.62,21.98],[92.62,21.94],[92.62,21.82],[92.62,21.65],[92.62,21.45],[92.22,21.33],[92.22,21.16],[92.22,21.12],[92.27,20.96],[92.31,20.88],[92.35,20.79],[92.48,20.67],[92.75,20.26],[92.84,20.38],[92.79,20.42],[92.77,20.44],[92.75,20.47],[92.75,20.55],[92.79,20.47],[92.79,20.42],[92.88,20.38],[92.92,20.34],[92.97,20.22],[93.01,20.3],[93.01,20.14],[93.1,20.14],[93.14,20.05],[93.19,20.05],[93.19,20.09],[93.19,20.05],[93.41,20.01],[93.41,19.85],[93.5,19.72],[93.5,19.89],[93.5,19.93],[93.54,19.97],[93.58,19.97],[93.76,19.85],[93.8,19.76],[93.8,19.72],[93.72,19.64],[93.89,19.47],[93.93,19.43],[93.89,19.47],[93.67,19.47],[93.72,19.47],[93.72,19.43],[93.72,19.39],[93.85,19.35],[93.89,19.39],[93.85,19.35],[93.93,19.14],[94.02,19.14],[94.02,19.18],[94.02,19.14],[94.02,18.85],[94.24,18.81],[94.24,18.52],[94.37,18.27],[94.46,18.14],[94.42,17.98],[94.55,17.77],[94.55,17.39],[94.59,17.26],[94.51,17.14],[94.37,16.93],[94.37,16.68],[94.29,16.51],[94.24,16.47],[94.24,16.17],[94.37,15.92],[94.51,16],[94.68,15.83],[94.81,15.96],[94.73,15.83],[94.86,15.75],[95.25,15.79],[95.43,15.71],[95.69,15.96],[95.74,16.09],[96.09,16.34],[96.31,16.38],[96.66,16.55],[96.75,16.68],[96.75,16.89],[96.88,16.93],[96.88,17.26],[97.01,17.22],[97.19,17.01],[97.23,16.72],[97.49,16.38],[97.58,16],[97.71,15.87],[97.8,15.2],[97.8,14.77],[97.89,14.73],[97.89,14.77],[97.93,14.73],[97.89,14.73],[97.89,14.56],[97.98,14.43],[98.06,14.09],[98.06,13.75],[98.15,13.62],[98.24,13.75],[98.37,13.58],[98.46,13.28],[98.59,13.11],[98.64,12.9],[98.64,12.51],[98.55,12.42],[98.55,12.21],[98.72,11.99],[98.46,11.99],[98.46,11.87],[98.46,11.82],[98.5,11.82],[98.72,11.69],[98.77,11.78],[98.72,11.69],[98.72,11.22],[98.68,11],[98.59,10.83],[98.55,10.79],[98.5,10.57],[98.5,10.05],[98.55,9.97]]]]},"properties":{"ISO_A3":"MMR"}},
{"type":"Feature","geometry":{"type":"Polygon","coordinates":[[[19.37,41.86],[19.37,42.09],[19.29,42.19],[19.51,42.42],[19.59,42.58],[19.77,42.48],[20.08,42.55],[20.03,42.68],[20.34,42.84],[20.21,42.97],[19.68,43.19],[19.24,43.54],[19.02,43.51],[19.02,43.29],[18.72,43.29],[18.67,43.03],[18.5,43],[18.45,42.58],[18.5,42.45],[18.58,42.42],[18.54,42.42],[18.89,42.29],[19.15,41.93],[19.37,41.86]]]},"properties":{"ISO_A3":"MNE"}},
{"type":"Feature","geometry":{"type":"Polygon","coordinates":[[[88.57,48.28],[88.57,48.22],[88.66,48.16],[88.71,48.19],[88.71,48.16],[88.79,48.13],[88.84,48.1],[88.97,48.07],[89.06,47.98],[89.28,47.98],[89.28,48.01],[89.37,48.04],[89.59,48.04],[89.59,48.01],[89.59,47.98],[89.67,47.89],[89.72,47.89],[89.76,47.89],[89.76,47.84],[90.07,47.87],[90.07,47.84],[90.07,47.81],[90.07,47.75],[90.24,47.69],[90.29,47.69],[90.33,47.69],[90.38,47.66],[90.33,47.66],[90.33,47.63],[90.38,47.54],[90.42,47.54],[90.46,47.51],[90.46,47.45],[90.46,47.39],[90.51,47.3],[90.55,47.24],[90.6,47.21],[90.6,47.15],[90.64,47.12],[90.68,47.09],[90.73,47.06],[90.77,47],[90.9,46.97],[91.04,46.76],[91.04,46.73],[91.04,46.7],[91.04,46.61],[91.04,46.58],[91.08,46.58],[91.08,46.55],[91.04,46.55],[91.04,46.52],[90.99,46.46],[90.99,46.43],[90.99,46.37],[90.9,46.31],[91.04,46.04],[90.86,45.88],[90.77,45.79],[90.73,45.73],[90.68,45.61],[90.68,45.55],[90.68,45.48],[90.68,45.45],[90.73,45.45],[90.9,45.24],[91.12,45.21],[91.21,45.14],[91.3,45.11],[91.34,45.14],[91.47,45.14],[91.47,45.11],[91.56,45.08],[91.61,45.08],[91.69,45.05],[92.05,45.08],[92.18,45.02],[92.22,45.02],[92.31,45.02],[92.35,45.02],[92.4,45.02],[92.48,44.99],[92.53,45.02],[92.7,45.02],[92.88,45.05],[93.19,45.02],[93.41,44.99],[93.41,44.96],[93.45,44.96],[93.5,44.96],[93.54,44.96],[93.58,44.93],[93.67,44.93],[94.07,44.74],[94.2,44.68],[94.33,44.58],[94.33,44.55],[94.33,44.52],[94.46,44.52],[94.51,44.49],[94.55,44.46],[94.59,44.46],[94.68,44.4],[94.73,44.33],[94.99,44.24],[95.25,44.27],[95.38,44.3],[95.43,44.27],[95.38,44.24],[95.34,44.18],[95.34,44.08],[95.34,44.02],[95.38,44.02],[95.43,44.02],[95.52,44.02],[95.87,43.41],[95.87,43.29],[95.91,43.22],[96.35,42.9],[96.4,42.74],[96.75,42.74],[96.97,42.74],[97.14,42.77],[97.19,42.81],[97.45,42.74],[98.2,42.64],[98.24,42.64],[98.55,42.64],[98.64,42.64],[98.94,42.61],[99.3,42.58],[99.51,42.58],[99.65,42.58],[99.95,42.64],[100.26,42.64],[100.31,42.68],[100.57,42.68],[100.83,42.68],[101.27,42.58],[101.58,42.51],[101.67,42.51],[101.8,42.51],[102.06,42.22],[102.46,42.16],[102.72,42.16],[102.99,42.03],[103.43,41.9],[103.6,41.83],[103.73,41.83],[103.86,41.8],[104.52,41.86],[104.52,41.67],[104.7,41.63],[104.92,41.67],[105.01,41.57],[105.23,41.73],[105.49,41.83],[105.53,41.86],[105.58,41.9],[106.76,42.29],[107.03,42.32],[107.25,42.35],[107.29,42.42],[107.47,42.45],[107.51,42.45],[107.56,42.42],[107.73,42.42],[107.95,42.42],[107.99,42.42],[108.04,42.45],[108.17,42.45],[108.26,42.45],[108.3,42.45],[108.35,42.45],[108.43,42.45],[108.52,42.45],[108.7,42.42],[108.96,42.45],[109.01,42.45],[109.27,42.45],[109.49,42.45],[109.49,42.48],[109.53,42.48],[109.66,42.55],[109.88,42.64],[110.1,42.64],[110.45,42.77],[110.63,42.93],[110.67,43.03],[110.98,43.32],[111.07,43.35],[111.11,43.38],[111.16,43.38],[111.25,43.41],[111.38,43.45],[111.38,43.48],[111.47,43.48],[111.51,43.48],[111.55,43.48],[111.6,43.51],[111.77,43.67],[111.95,43.7],[111.95,43.83],[111.9,43.92],[111.86,43.92],[111.77,44.02],[111.69,44.05],[111.64,44.05],[111.42,44.33],[111.42,44.36],[111.42,44.4],[111.47,44.49],[111.51,44.52],[111.51,44.55],[111.55,44.55],[111.55,44.58],[111.55,44.65],[111.6,44.77],[111.77,44.99],[111.95,45.08],[112.43,45.08],[112.52,44.99],[112.61,44.93],[112.7,44.86],[112.83,44.83],[113.62,44.74],[113.71,44.77],[113.79,44.86],[113.93,44.93],[114.01,44.93],[114.06,44.93],[114.1,44.96],[114.15,44.99],[114.19,45.05],[114.32,45.11],[114.45,45.21],[114.54,45.3],[114.54,45.33],[114.54,45.39],[114.59,45.39],[114.72,45.42],[114.98,45.36],[115.38,45.39],[115.68,45.45],[116.03,45.67],[116.12,45.67],[116.17,45.7],[116.25,45.76],[116.25,45.98],[116.56,46.28],[116.61,46.31],[116.65,46.31],[116.78,46.34],[116.83,46.37],[117.09,46.34],[117.27,46.37],[117.35,46.4],[117.4,46.49],[117.44,46.52],[117.4,46.58],[117.57,46.61],[117.62,46.58],[117.62,46.55],[117.66,46.52],[117.7,46.52],[117.75,46.52],[117.79,46.52],[117.84,46.52],[118.28,46.73],[119.11,46.64],[119.29,46.61],[119.33,46.61],[119.37,46.61],[119.42,46.64],[119.55,46.64],[119.59,46.61],[119.64,46.61],[119.68,46.61],[119.68,46.58],[119.73,46.58],[119.73,46.61],[119.81,46.67],[119.9,46.67],[119.9,46.91],[119.73,47.18],[119.15,47.54],[119.11,47.66],[118.76,47.78],[118.54,47.98],[118.41,48.01],[117.79,48.01],[117.53,47.78],[117.48,47.75],[117.35,47.63],[117.09,47.84],[116.87,47.89],[116.78,47.89],[116.69,47.89],[116.43,47.84],[116.25,47.87],[115.95,47.69],[115.68,47.87],[115.55,47.92],[115.55,48.1],[115.51,48.1],[115.55,48.13],[115.82,48.25],[115.82,48.54],[116.08,48.8],[116.08,48.83],[116.03,48.86],[116.03,48.89],[116.21,49.15],[116.34,49.32],[116.43,49.43],[116.61,49.69],[116.69,49.86],[116.61,49.94],[116.12,50.03],[115.73,49.89],[115.24,49.97],[114.85,50.23],[114.32,50.28],[113.75,50.09],[113.66,50],[113.22,49.83],[113.05,49.6],[112.83,49.52],[112.43,49.52],[111.95,49.38],[111.38,49.35],[110.81,49.17],[110.06,49.17],[109.49,49.23],[109.18,49.35],[108.43,49.35],[108.3,49.55],[107.95,49.66],[107.95,49.94],[107.16,50],[106.81,50.31],[106.19,50.31],[105.97,50.42],[105.36,50.48],[105.14,50.39],[104.7,50.37],[104.39,50.31],[104.13,50.14],[103.25,50.2],[103.16,50.31],[102.9,50.31],[102.63,50.39],[102.55,50.59],[102.33,50.67],[102.19,50.87],[102.24,51.01],[102.11,51.14],[102.15,51.34],[101.54,51.5],[101.36,51.47],[100.57,51.75],[99.91,51.75],[99.82,51.91],[99.21,52.02],[98.86,52.13],[98.77,51.88],[98.24,51.61],[98.24,51.47],[98.02,51.45],[97.85,50.95],[98.15,50.56],[98.33,50.51],[98.28,50.31],[98.06,50.03],[97.58,49.94],[97.49,49.8],[97.23,49.75],[97.01,49.89],[96.57,49.94],[96.4,49.89],[96.22,50],[95.91,50],[95.52,49.92],[95.03,49.97],[94.99,50.06],[94.59,50.03],[94.37,50.23],[94.33,50.51],[94.24,50.59],[93.54,50.59],[93.41,50.65],[93.1,50.59],[92.97,50.67],[92.48,50.79],[92.18,50.7],[91.78,50.73],[91.43,50.48],[90.99,50.42],[90.73,50.23],[90.46,50.23],[90.29,50.11],[89.98,50.06],[89.89,49.94],[89.63,49.92],[89.63,49.8],[89.41,49.6],[89.15,49.49],[88.88,49.46],[88.22,49.49],[88.18,49.29],[87.83,49.17],[87.87,49.12],[87.83,49.09],[87.87,49.03],[87.87,49],[87.87,48.97],[87.87,48.94],[87.83,48.94],[87.74,48.92],[87.74,48.89],[87.74,48.86],[87.78,48.86],[87.87,48.8],[88.09,48.71],[88.05,48.63],[87.96,48.6],[87.96,48.57],[88,48.57],[88.05,48.54],[88.31,48.48],[88.44,48.39],[88.57,48.28]]]},"properties":{"ISO_A3":"MNG"}},
{"type":"Feature","geometry":{"type":"Polygon","coordinates":[[[-12.26,14.77],[-11.95,14.77],[-11.78,14.99],[-11.82,15.07],[-11.78,15.37],[-11.69,15.54],[-11.38,15.62],[-11.34,15.49],[-11.03,15.28],[-10.9,15.11],[-10.59,15.45],[-10.28,15.45],[-10.15,15.37],[-9.62,15.41],[-9.32,15.49],[-7.65,15.49],[-6.72,15.49],[-5.49,15.49],[-5.36,16.34],[-5.63,16.51],[-5.67,16.89],[-5.67,17.22],[-5.71,17.68],[-5.85,18.48],[-5.85,18.81],[-5.98,19.72],[-5.98,20.01],[-6.06,20.67],[-6.2,21.61],[-6.24,22.27],[-6.33,22.75],[-6.37,23.44],[-6.5,24.32],[-6.5,24.56],[-6.59,25],[-4.83,25],[-5.05,25.12],[-5.45,25.4],[-5.93,25.68],[-6.15,25.84],[-6.86,26.23],[-7.51,26.62],[-8,26.94],[-8.44,27.17],[-8.66,27.33],[-8.66,25.99],[-10.37,25.99],[-12,25.99],[-12,24.28],[-12,23.44],[-12.13,23.44],[-12.35,23.32],[-12.57,23.28],[-13.09,22.95],[-13.14,22.75],[-13.01,22.02],[-13.01,21.33],[-14.24,21.33],[-15.03,21.33],[-16.17,21.33],[-16.96,21.33],[-17.05,21.04],[-16.87,21.12],[-16.83,20.96],[-16.61,20.59],[-16.39,20.55],[-16.35,20.38],[-16.21,20.22],[-16.26,19.76],[-16.35,19.72],[-16.43,19.47],[-16.43,19.39],[-16.48,19.27],[-16.3,19.14],[-16.17,18.93],[-16.13,18.6],[-16.04,18.48],[-16.04,17.64],[-16.08,17.43],[-16.35,16.89],[-16.43,16.51],[-16.52,16.34],[-16.52,16.04],[-16.43,16.13],[-16.3,16.51],[-15.51,16.51],[-15.2,16.55],[-15.07,16.63],[-14.32,16.63],[-13.97,16.34],[-13.97,16.21],[-13.84,16.13],[-13.49,16.13],[-13.36,16.04],[-13.36,15.92],[-13.23,15.62],[-12.96,15.49],[-12.96,15.37],[-12.74,15.11],[-12.48,15.03],[-12.44,14.86],[-12.26,14.77]]]},"properties":{"ISO_A3":"MRT"}},
{"type":"Feature","geometry":{"type":"Polygon","coordinates":[[[57.34,-20.46],[57.51,-20.5],[57.69,-20.46],[57.82,-20.26],[57.69,-20.01],[57.51,-20.05],[57.38,-20.26],[57.34,-20.46]]]},"properties":{"ISO_A3":"MUS"}},
{"type":"Feature","geometry":{"type":"Polygon","coordinates":[[[33.26,-14.01],[33.3,-14.18],[33.52,-14.43],[33.7,-14.52],[33.87,-14.52],[34.09,-14.43],[34.4,-14.39],[34.53,-14.56],[34.53,-14.77],[34.62,-14.98],[34.62,-15.24],[34.44,-15.41],[34.44,-15.66],[34.27,-15.79],[34.27,-15.92],[34.44,-16.08],[34.44,-16.3],[34.84,-16.59],[34.84,-16.67],[35.15,-16.8],[35.1,-17.14],[35.28,-17.09],[35.28,-16.72],[35.15,-16.55],[35.28,-16.46],[35.28,-16.21],[35.41,-16.13],[35.63,-16.13],[35.81,-16.04],[35.85,-15.45],[35.81,-15.15],[35.85,-14.69],[35.67,-14.43],[35.5,-14.26],[35.37,-14.05],[35.02,-13.62],[34.88,-13.49],[34.62,-13.49],[34.58,-13.07],[34.53,-12.98],[34.53,-12.68],[34.44,-12.55],[34.4,-12.17],[34.58,-11.86],[34.66,-11.65],[34.62,-11.56],[34.97,-11.56],[34.93,-11.39],[34.62,-11.13],[34.66,-10.66],[34.58,-10.57],[34.58,-10.23],[34.49,-9.97],[34.22,-9.66],[33.96,-9.53],[33.52,-9.62],[33.35,-9.49],[33.13,-9.49],[32.95,-9.4],[33.04,-9.49],[32.99,-9.62],[33.21,-9.71],[33.39,-9.88],[33.39,-10.1],[33.57,-10.23],[33.57,-10.44],[33.7,-10.57],[33.48,-10.83],[33.3,-10.87],[33.39,-11.22],[33.26,-11.48],[33.3,-11.56],[33.3,-12.04],[33.26,-12.12],[33.35,-12.34],[33.52,-12.42],[33.39,-12.55],[33.08,-12.59],[32.95,-12.85],[32.99,-13.24],[32.86,-13.54],[32.82,-13.75],[32.99,-13.92],[33.26,-14.01]]]},"properties":{"ISO_A3":"MWI"}},
{"type":"Feature","geometry":{"type":"MultiPolygon","coordinates":[[[[117.09,7.1],[117.27,7.19],[117.27,7.36],[117.05,7.27],[117.09,7.1]]],[[[101.23,2.94],[101.27,2.9],[101.32,2.99],[101.23,2.99],[101.23,2.94]]],[[[101.27,2.9],[101.49,2.68],[101.8,2.59],[101.84,2.42],[101.98,2.42],[102.19,2.2],[102.5,2.11],[102.72,1.85],[102.85,1.85],[103.43,1.45],[103.43,1.32],[103.64,1.36],[103.78,1.45],[103.86,1.45],[103.95,1.41],[104,1.45],[104,1.58],[104.04,1.45],[104.08,1.41],[104.22,1.36],[104.3,1.49],[104.13,1.98],[103.95,2.2],[103.95,2.33],[103.82,2.42],[103.78,2.64],[103.6,2.68],[103.43,2.9],[103.43,3.47],[103.34,3.69],[103.38,3.82],[103.38,4.13],[103.47,4.26],[103.47,4.7],[103.38,4.92],[103.12,5.4],[102.9,5.53],[102.46,5.92],[102.37,6.14],[102.11,6.23],[102.11,6.14],[101.93,5.97],[101.84,5.75],[101.67,5.79],[101.62,5.92],[101.32,5.83],[101.23,5.66],[101.01,5.79],[101.1,5.92],[101.1,6.27],[100.88,6.27],[100.83,6.45],[100.61,6.45],[100.35,6.53],[100.31,6.71],[100.17,6.71],[100.13,6.45],[100.17,6.27],[100.35,6.01],[100.35,5.53],[100.17,5.48],[100.22,5.35],[100.39,5.4],[100.44,5.27],[100.39,5],[100.57,4.87],[100.61,4.65],[100.57,4.3],[100.61,4.17],[100.75,4.13],[100.7,3.86],[100.88,3.78],[101.05,3.6],[101.14,3.43],[101.32,3.25],[101.32,2.99],[101.27,2.9]]],[[[109.53,1.98],[109.53,1.85],[109.66,1.8],[109.66,1.63],[109.84,1.41],[109.97,1.32],[110.28,1.01],[110.45,0.88],[110.72,0.88],[111.03,1.06],[111.33,1.06],[111.51,0.97],[111.86,1.01],[111.99,1.14],[112.17,1.14],[112.21,1.45],[112.48,1.58],[112.7,1.54],[113,1.58],[113.18,1.36],[113.35,1.36],[113.44,1.27],[113.57,1.32],[113.71,1.23],[113.93,1.45],[114.32,1.45],[114.5,1.49],[114.72,1.63],[114.72,1.85],[114.85,1.93],[114.76,2.2],[115.11,2.46],[115.11,2.72],[115.16,2.94],[115.51,3.03],[115.51,3.21],[115.6,3.51],[115.6,3.86],[115.68,4.21],[116.17,4.39],[116.52,4.39],[116.61,4.35],[117.18,4.35],[117.48,4.17],[117.57,4.17],[117.7,4.17],[117.88,4.17],[118.32,4.35],[118.54,4.35],[118.63,4.48],[118.54,4.52],[118.28,4.65],[118.14,4.83],[118.19,4.96],[118.76,4.96],[118.89,5.05],[119.2,5.13],[119.24,5.4],[119.02,5.4],[118.76,5.53],[118.58,5.7],[118.36,5.83],[118.14,5.83],[117.97,5.75],[118.14,5.83],[118.06,6.01],[117.84,5.92],[117.66,5.92],[117.62,6.23],[117.75,6.4],[117.53,6.58],[117.53,6.71],[117.27,6.66],[117.27,6.93],[117.05,6.97],[117.05,6.79],[116.87,6.58],[116.87,6.93],[116.74,7.06],[116.65,6.88],[116.65,6.71],[116.47,6.45],[116.25,6.27],[116.21,6.23],[116.03,5.97],[116.03,5.83],[115.9,5.75],[115.82,5.53],[115.6,5.57],[115.38,5.4],[115.38,5.31],[115.55,5.18],[115.55,5.09],[115.33,4.92],[115.16,4.92],[115.29,4.65],[115.29,4.35],[115.11,4.43],[115.02,4.65],[115.02,4.83],[115.02,4.87],[114.8,4.74],[114.8,4.48],[114.85,4.21],[114.67,4],[114.45,4.21],[114.32,4.26],[114.32,4.43],[114.19,4.57],[114.06,4.57],[113.88,4.17],[113.44,3.73],[113.27,3.47],[112.83,3.07],[112.7,3.07],[112.3,2.94],[111.86,2.86],[111.69,2.86],[111.42,2.68],[111.38,2.55],[111.38,2.5],[111.42,2.42],[111.38,2.5],[111.38,2.55],[111.29,2.42],[111.2,2.42],[111.2,2.02],[111.16,1.89],[110.94,1.54],[110.54,1.58],[110.32,1.76],[110.32,1.71],[109.88,1.71],[109.66,1.85],[109.62,2.02],[109.58,1.98],[109.53,1.98]]]]},"properties":{"ISO_A3":"MYS"}},
{"type":"Feature","geometry":{"type":"Polygon","coordinates":[[[16.43,-28.65],[16.61,-28.49],[16.78,-28.45],[16.91,-28.07],[17.18,-28.1],[17.35,-28.22],[17.49,-28.68],[17.62,-28.76],[17.92,-28.76],[18.06,-28.88],[18.58,-28.88],[18.89,-28.84],[19.07,-28.95],[19.29,-28.88],[19.29,-28.72],[19.46,-28.72],[19.55,-28.53],[19.86,-28.49],[19.99,-28.41],[19.99,-27.37],[19.99,-25.75],[19.99,-24.76],[19.99,-22.99],[19.99,-22.02],[21,-22.02],[21,-20.79],[21,-19.84],[21,-18.31],[21.44,-18.31],[22.05,-18.23],[22.49,-18.1],[23.11,-18.02],[23.28,-18.02],[23.55,-18.31],[23.55,-18.48],[23.94,-18.27],[24.21,-18.02],[24.47,-18.02],[24.65,-17.97],[24.91,-17.81],[25.17,-17.77],[25,-17.56],[24.87,-17.51],[24.52,-17.51],[24.16,-17.47],[23.86,-17.56],[23.42,-17.64],[23.15,-17.68],[22.36,-17.85],[22.05,-17.89],[21.44,-18.02],[21.22,-17.93],[21.04,-17.93],[20.82,-18.06],[20.69,-17.97],[20.43,-17.89],[19.68,-17.89],[19.29,-17.81],[18.85,-17.81],[18.54,-17.56],[18.41,-17.39],[17.44,-17.39],[16.52,-17.39],[14.98,-17.39],[14.23,-17.39],[13.97,-17.43],[13.53,-17.14],[13.36,-16.97],[13,-16.97],[12.78,-17.14],[12.56,-17.22],[12.21,-17.22],[11.91,-17.18],[11.77,-17.26],[11.73,-17.64],[11.82,-17.89],[11.82,-18.1],[11.95,-18.23],[11.99,-18.43],[12.39,-18.81],[12.48,-19.02],[12.61,-19.14],[12.78,-19.56],[12.87,-19.64],[13.05,-20.09],[13.22,-20.22],[13.27,-20.5],[13.4,-20.75],[13.4,-20.87],[13.57,-21.08],[13.71,-21.33],[13.84,-21.45],[13.97,-21.78],[14.41,-22.26],[14.41,-22.39],[14.54,-22.67],[14.54,-22.91],[14.41,-22.95],[14.5,-23.24],[14.5,-23.92],[14.45,-24.08],[14.63,-24.44],[14.59,-24.56],[14.81,-24.8],[14.85,-25],[14.81,-25.4],[14.89,-25.56],[14.85,-25.79],[14.98,-25.99],[14.94,-26.31],[15.16,-26.5],[15.07,-26.66],[15.16,-26.9],[15.24,-26.94],[15.33,-27.41],[15.51,-27.6],[15.77,-28.07],[15.99,-28.22],[16.43,-28.65]]]},"properties":{"ISO_A3":"NAM"}},
{"type":"Feature","geometry":{"type":"MultiPolygon","coordinates":[[[[8.21,4.87],[8.26,4.87],[8.21,4.92],[8.21,4.87]]],[[[7.51,4.48],[7.56,4.52],[7.51,4.52],[7.51,4.48]]],[[[5.49,5.4],[5.31,5.35],[5.36,5.13],[5.53,4.78],[5.75,4.48],[6.11,4.26],[6.24,4.3],[6.33,4.43],[6.24,4.3],[6.5,4.3],[6.72,4.35],[6.76,4.43],[6.81,4.43],[6.76,4.43],[6.72,4.35],[6.98,4.43],[6.94,4.57],[7.07,4.48],[7.07,4.52],[7.12,4.48],[7.16,4.65],[7.25,4.52],[7.34,4.43],[7.6,4.48],[7.51,4.48],[7.51,4.52],[7.56,4.52],[7.6,4.48],[7.73,4.52],[8.21,4.52],[8.3,4.57],[8.3,4.61],[8.26,4.83],[8.21,4.87],[8.21,4.92],[8.26,4.92],[8.26,4.87],[8.3,4.83],[8.48,4.74],[8.52,4.74],[8.61,4.83],[8.61,4.92],[8.83,5.18],[8.83,5.48],[8.92,5.88],[9.23,6.18],[9.44,6.45],[9.71,6.53],[9.75,6.79],[9.88,6.79],[10.15,7.01],[10.24,6.88],[10.54,6.93],[10.67,7.06],[10.85,6.93],[10.89,6.71],[11.07,6.71],[11.11,6.53],[11.42,6.53],[11.55,6.66],[11.55,6.88],[11.82,7.1],[11.86,7.32],[11.99,7.49],[11.99,7.67],[12.21,7.93],[12.21,8.15],[12.3,8.41],[12.83,8.8],[12.83,8.97],[12.92,9.1],[12.92,9.36],[13.05,9.53],[13.22,9.53],[13.27,9.71],[13.27,10.05],[13.4,10.1],[13.53,10.27],[13.57,10.7],[13.66,10.75],[13.71,10.96],[14.06,11.26],[14.23,11.26],[14.5,11.48],[14.63,11.52],[14.63,12.08],[14.45,12.38],[14.19,12.38],[14.19,12.55],[14.1,13.07],[13.75,13.58],[13.62,13.71],[13.31,13.71],[13.22,13.54],[12.87,13.49],[12.7,13.28],[12.56,13.28],[12.48,13.07],[11.99,13.15],[11.82,13.28],[11.6,13.37],[10.67,13.37],[10.46,13.28],[10.19,13.28],[10.02,13.2],[9.66,12.81],[9.23,12.81],[8.87,12.85],[8.65,12.94],[8.57,13.07],[8.39,13.07],[8.08,13.32],[7.78,13.32],[7.42,13.11],[7.2,13.11],[7.03,12.98],[6.76,13.2],[6.68,13.37],[6.28,13.67],[6.11,13.67],[5.45,13.88],[5.27,13.75],[4.83,13.75],[4.48,13.67],[4.22,13.49],[4.13,13.49],[4.13,13.11],[4.04,12.85],[3.65,12.51],[3.65,12.04],[3.69,11.82],[3.6,11.69],[3.51,11.48],[3.51,11.26],[3.69,11.13],[3.78,10.92],[3.82,10.44],[3.6,10.4],[3.6,9.97],[3.56,9.88],[3.34,9.84],[3.25,9.58],[3.12,9.45],[3.16,9.27],[3.07,9.1],[2.77,9.06],[2.77,8.45],[2.72,8.45],[2.72,7.54],[2.77,7.54],[2.77,7.06],[2.72,7.01],[2.72,6.36],[2.81,6.4],[3.51,6.4],[3.6,6.45],[3.95,6.45],[4.26,6.4],[4.57,6.31],[5.1,5.79],[5.14,5.83],[5.23,5.88],[5.27,5.92],[5.23,5.88],[5.14,5.83],[5.1,5.79],[5.14,5.53],[5.31,5.4],[5.49,5.4],[5.49,5.44],[5.49,5.4]]]]},"properties":{"ISO_A3":"NGA"}},
{"type":"Feature","geometry":{"type":"MultiPolygon","coordinates":[[[[-83.66,12.55],[-83.61,12.38],[-83.53,12.51],[-83.53,12.77],[-83.57,12.55],[-83.66,12.55]]],[[[-85.24,11.09],[-84.89,10.96],[-84.67,11.09],[-84.23,10.88],[-84.23,10.79],[-83.96,10.75],[-83.66,10.79],[-83.66,10.92],[-83.7,10.92],[-83.88,11.22],[-83.88,11.39],[-83.66,11.61],[-83.66,11.78],[-83.83,11.82],[-83.74,11.99],[-83.7,11.99],[-83.66,12.34],[-83.66,12.55],[-83.53,12.77],[-83.57,13.11],[-83.57,13.45],[-83.53,13.71],[-83.44,13.96],[-83.22,14.26],[-83.22,14.48],[-83.31,14.69],[-83.31,14.86],[-83.17,14.99],[-83.39,15.03],[-83.7,14.9],[-83.83,14.77],[-84.1,14.77],[-84.4,14.65],[-84.62,14.65],[-84.89,14.82],[-85.06,14.69],[-85.19,14.48],[-85.19,14.26],[-85.33,14.26],[-85.59,14.01],[-85.94,13.92],[-86.03,14.05],[-86.16,14.05],[-86.34,13.75],[-86.73,13.79],[-86.73,13.37],[-86.95,13.2],[-86.95,13.02],[-87.3,12.98],[-87.39,12.9],[-87.57,13.07],[-87.7,12.94],[-87.52,12.81],[-87.04,12.34],[-86.78,12.21],[-86.69,11.99],[-86.51,11.78],[-86.25,11.61],[-85.99,11.35],[-85.68,11.09],[-85.55,11.22],[-85.77,11.39],[-85.9,11.69],[-85.94,12.04],[-85.77,12.12],[-85.33,11.87],[-84.89,11.35],[-84.8,11.31],[-84.8,11.05],[-85.24,11.09]]],[[[-86.34,12.17],[-86.12,12.17],[-86.16,12.3],[-86.34,12.47],[-86.47,12.47],[-86.56,12.3],[-86.29,12.3],[-86.34,12.17]]]]},"properties":{"ISO_A3":"NIC"}},
{"type":"Feature","geometry":{"type":"Polygon","coordinates":[[[-69.95,12.51],[-70.04,12.6],[-70.08,12.55],[-69.95,12.51]]]},"properties":{"ISO_A3":"ABW"}},
{"type":"Feature","geometry":{"type":"Polygon","coordinates":[[[3.38,51.36],[3.78,51.28],[3.86,51.2],[4.17,51.28],[4.39,51.42],[5.05,51.39],[5.4,51.25],[5.49,51.31],[5.8,51.14],[5.71,50.76],[6.02,50.76],[6.06,51.25],[6.24,51.47],[5.97,51.75],[6.02,51.86],[6.37,51.86],[6.81,51.94],[6.72,52.05],[7.03,52.26],[7.07,52.4],[6.76,52.45],[6.72,52.64],[7.07,52.64],[7.07,52.85],[7.2,53.01],[7.2,53.25],[6.68,53.45],[6.02,53.4],[5.58,53.3],[5.4,53.19],[5.4,52.9],[5.58,52.74],[5.58,52.61],[5.01,52.37],[4.96,52.4],[5.01,52.37],[5.01,52.64],[5.18,52.77],[5.05,52.93],[4.7,52.82],[4.57,52.42],[4.26,52.1],[4.08,51.99],[4.08,51.86],[4.35,51.75],[4.39,51.72],[4,51.8],[4.17,51.53],[3.91,51.56],[3.43,51.53],[3.38,51.36]]]},"properties":{"ISO_A3":"NLD"}},
{"type":"Feature","geometry":{"type":"Polygon","coordinates":[[[-68.41,12.3],[-68.41,12.21],[-68.24,12.21],[-68.41,12.3]]]},"properties":{"ISO_A3":"BES"}},
{"type":"Feature","geometry":{"type":"Polygon","coordinates":[[[-69.16,12.38],[-69.16,12.25],[-69.03,12.21],[-68.85,12.04],[-68.81,12.17],[-68.94,12.17],[-69.07,12.34],[-69.16,12.38]]]},"properties":{"ISO_A3":"CUW"}},
{"type":"Feature","geometry":{"type":"Polygon","coordinates":[[[-63.23,17.64],[-63.27,17.64],[-63.27,17.6],[-63.23,17.6],[-63.23,17.64]]]},"properties":{"ISO_A3":"BES"}},
{"type":"Feature","geometry":{"type":"Polygon","coordinates":[[[-63.01,17.52],[-63.01,17.47],[-62.96,17.47],[-62.96,17.52],[-63.01,17.52]]]},"properties":{"ISO_A3":"BES"}},
{"type":"Feature","geometry":{"type":"Polygon","coordinates":[[[-63.09,18.06],[-63.09,18.02],[-63.01,18.02],[-63.05,18.06],[-63.09,18.06]]]},"properties":{"ISO_A3":"SXM"}},
{"type":"Feature","geometry":{"type":"Polygon","coordinates":[[[3.34,-54.39],[3.29,-54.41],[3.34,-54.46],[3.43,-54.41],[3.34,-54.39]]]},"properties":{"ISO_A3":"BVT"}},
{"type":"Feature","geometry":{"type":"MultiPolygon","coordinates":[[[[25.57,70.94],[26.01,70.98],[25.83,71.17],[25.31,71.1],[25.57,70.94]]],[[[23.07,70.82],[22.32,70.68],[22.67,70.55],[22.71,70.55],[23.07,70.58],[23.5,70.79],[23.07,70.82]]],[[[23.15,70.27],[23.59,70.43],[23.55,70.62],[22.85,70.45],[23.15,70.27]]],[[[19.42,69.86],[19.9,69.97],[19.2,70.09],[18.72,69.97],[19.07,69.79],[19.42,69.86]]],[[[18.94,69.7],[18.63,69.86],[18.01,69.6],[18.23,69.51],[18.8,69.57],[18.94,69.7]]],[[[17.92,69.51],[17.22,69.47],[17.05,69.05],[17.44,69.19],[17.84,69.16],[18.06,69.36],[17.92,69.51]]],[[[15.46,68.87],[16.08,69.14],[15.86,69.2],[15.42,68.98],[15.46,68.87]]],[[[14.98,68.87],[14.45,68.78],[15.07,68.59],[15.42,68.71],[15.38,68.84],[14.98,68.87]]],[[[15.02,68.3],[15.64,68.33],[16.3,68.55],[16.61,68.65],[16.56,68.84],[15.55,68.89],[15.42,68.71],[15.2,68.46],[15.02,68.3]]],[[[15.2,68.46],[14.41,68.39],[14.81,68.28],[14.89,68.31],[15.2,68.46]]],[[[13.44,68.08],[14.19,68.26],[14.15,68.28],[14.1,68.3],[13.79,68.26],[13.44,68.08]]],[[[15.73,68.15],[15.64,68.05],[15.73,68.1],[15.73,68.15]]],[[[14.37,67.18],[14.41,67.2],[14.5,67.21],[14.63,67.23],[14.37,67.21],[14.37,67.18]]],[[[12.87,66.4],[12.96,66.45],[12.92,66.45],[12.87,66.4]]],[[[10.81,64.85],[11.2,64.94],[11.07,64.94],[11,64.92],[11.07,64.94],[11.07,64.99],[10.81,64.94],[10.72,64.84],[10.81,64.85]]],[[[9.93,64.05],[10.03,64.06],[10.02,64.07],[9.93,64.05]]],[[[8.69,63.62],[8.72,63.63],[8.74,63.64],[8.69,63.62]]],[[[8.61,63.58],[9.01,63.62],[8.87,63.64],[8.74,63.64],[8.72,63.63],[8.69,63.62],[8.61,63.58]]],[[[8.21,63.23],[8.21,63.15],[8.57,63.23],[8.21,63.23]]],[[[7.38,62.97],[7.86,63.11],[7.64,63.09],[7.6,63.07],[7.56,63.05],[7.38,62.97]]],[[[6.28,62.53],[6.46,62.51],[6.54,62.53],[6.46,62.53],[6.28,62.53]]],[[[6.37,62.42],[6.63,62.51],[6.46,62.51],[6.37,62.42]]],[[[4.92,60.88],[5.05,60.86],[5.01,60.94],[4.92,60.88]]],[[[4.96,60.73],[4.96,60.77],[4.91,60.74],[4.96,60.73]]],[[[5.1,60.17],[5.14,60.34],[4.96,60.45],[5.05,60.21],[5.1,60.17]]],[[[6.06,59.24],[6.06,59.19],[6.11,59.21],[6.06,59.24]]],[[[5.27,59.39],[5.3,59.34],[5.29,59.36],[5.29,59.37],[5.27,59.39]]],[[[10.32,59.15],[10.41,59.26],[10.37,59.24],[10.32,59.15]]],[[[7.07,58.05],[7.6,58],[7.99,58.09],[8.04,58.14],[8.3,58.21],[8.74,58.42],[8.92,58.51],[9.23,58.72],[9.36,58.87],[9.4,58.9],[10.15,59.03],[10.19,59.03],[10.32,59.15],[10.37,59.24],[10.41,59.26],[10.32,59.46],[10.41,59.64],[10.67,59.48],[10.63,59.44],[10.72,59.24],[11.11,59.15],[11.16,59.17],[11.16,59.12],[11.25,59.1],[11.33,59.12],[11.38,59.1],[11.42,59.03],[11.47,58.99],[11.77,59.08],[11.82,59.35],[11.69,59.59],[11.95,59.73],[11.86,59.84],[12.34,59.97],[12.52,60.1],[12.61,60.52],[12.21,61.01],[12.65,61.05],[12.87,61.35],[12.56,61.58],[12.12,61.72],[12.3,62.26],[12.04,62.61],[12.08,62.91],[12.21,63.01],[11.99,63.27],[12.21,63.48],[12.17,63.6],[12.92,64.07],[13.27,64.08],[13.97,64.01],[14.15,64.2],[14.1,64.48],[13.66,64.58],[14.5,65.3],[14.54,65.71],[14.63,65.81],[14.5,66.14],[15.02,66.15],[15.46,66.28],[15.38,66.49],[15.64,66.59],[16.04,66.91],[16.39,67.04],[16.39,67.2],[16.08,67.43],[16.43,67.54],[16.74,67.9],[17.27,68.12],[17.88,67.97],[18.14,68.2],[18.14,68.54],[18.98,68.52],[19.9,68.36],[20.21,68.49],[19.95,68.57],[20.34,68.81],[20.08,69.05],[20.56,69.06],[21.26,69.31],[21.62,69.28],[22.36,68.83],[23.15,68.63],[23.68,68.7],[23.99,68.83],[24.3,68.71],[24.95,68.62],[25.26,68.86],[25.61,68.89],[25.92,69.68],[26.45,69.94],[27.33,69.95],[27.99,70.01],[28.43,69.82],[29.13,69.7],[29.35,69.48],[28.82,69.22],[28.91,69.05],[29.26,69.11],[29.26,69.27],[30.97,69.64],[30.84,69.79],[30.4,69.8],[30.14,69.8],[30.16,69.79],[30.09,69.73],[29.79,69.83],[29.52,70],[28.86,70.07],[28.78,70.16],[29.83,70.06],[30.09,70.07],[30.58,70.25],[31.06,70.28],[30.97,70.45],[30.31,70.59],[30.23,70.68],[28.82,70.88],[28.51,70.72],[28.47,70.47],[28.16,70.49],[28.21,70.79],[28.51,71],[27.72,71.05],[27.37,70.9],[27.28,70.77],[26.62,70.55],[26.67,70.97],[26.05,70.72],[25.09,70.12],[25.09,70.36],[25.31,70.59],[25.92,70.87],[24.56,70.98],[24.25,70.78],[24.12,70.53],[23.9,70.5],[23.33,70.27],[23.42,69.97],[22.71,70.09],[22.89,70.21],[22.14,70.28],[21.79,70.21],[21.18,70.22],[21.88,69.98],[21.88,69.83],[22.05,69.76],[21.88,69.83],[21.35,70.03],[20.91,70],[20.78,70.04],[20.78,69.82],[20.47,69.76],[20.34,69.45],[19.95,69.3],[20.25,69.48],[20.38,69.86],[19.77,69.68],[19.64,69.82],[18.94,69.7],[18.85,69.56],[18.5,69.44],[18.8,69.33],[18.34,69.38],[18.32,69.36],[18.28,69.34],[18.32,69.36],[18.34,69.38],[18.01,69.16],[17.49,69],[17.27,68.76],[17.53,68.68],[17.09,68.68],[16.74,68.67],[16.47,68.52],[16.96,68.52],[17.44,68.41],[17.27,68.34],[16.74,68.42],[16.25,68.38],[16.47,68.2],[16.3,68.13],[16.34,68.07],[15.82,68.12],[15.73,68.1],[15.64,68.05],[15.95,68],[15.07,67.87],[15.02,67.75],[15.02,67.58],[14.81,67.45],[14.72,67.25],[15.2,67.3],[14.94,67.16],[14.89,67.23],[14.5,67.21],[14.41,67.2],[14.37,67.18],[14.32,67.18],[14.06,67.08],[13.62,66.91],[13.44,66.66],[13.27,66.63],[13.53,66.59],[13.66,66.61],[13.53,66.59],[13.27,66.49],[13.18,66.28],[13.62,66.19],[13.66,66.17],[13.62,66.19],[13.09,66.15],[12.92,65.98],[13.15,65.89],[13.16,65.88],[13.15,65.89],[12.83,65.98],[12.26,65.58],[12.21,65.47],[12.04,65.21],[12.39,65.19],[12.65,65.18],[12.78,65.23],[12.65,65.18],[11.95,65.08],[11.77,65.01],[11.64,64.97],[11.47,64.94],[11.55,64.9],[11.42,64.86],[11.64,64.84],[11.69,64.87],[11.73,64.88],[11.82,64.9],[11.91,64.92],[12.17,64.97],[12.39,64.92],[12.17,64.97],[11.91,64.92],[11.82,64.9],[11.73,64.88],[11.69,64.87],[11.64,64.84],[11.73,64.79],[11.42,64.71],[11.51,64.56],[11.55,64.56],[11.47,64.52],[11.42,64.48],[11.33,64.43],[11.33,64.39],[11.33,64.43],[11.2,64.47],[10.98,64.54],[10.67,64.45],[10.76,64.41],[10.67,64.45],[10.63,64.39],[10.02,64.07],[10.03,64.06],[9.97,63.89],[9.66,63.85],[9.58,63.68],[10.06,63.76],[9.84,63.58],[10.06,63.48],[10.94,63.74],[10.85,63.87],[10.67,63.83],[10.85,63.87],[11.25,64.07],[11.33,64.1],[11.25,64.07],[11.38,63.83],[10.76,63.64],[10.76,63.42],[10.24,63.46],[10.06,63.38],[9.58,63.56],[9.14,63.48],[9.23,63.44],[8.65,63.38],[8.48,63.33],[8.65,63.33],[8.7,63.34],[8.65,63.33],[8.57,63.23],[8.7,63.19],[8.57,63.13],[8.21,63.15],[8.35,62.97],[8.48,62.99],[8.48,62.97],[8.35,62.97],[7.95,63.05],[7.99,63.01],[8.04,62.97],[7.38,62.97],[7.12,62.99],[6.98,62.73],[7.34,62.75],[7.51,62.63],[7.56,62.55],[7.12,62.59],[6.81,62.65],[6.28,62.53],[6.46,62.53],[6.54,62.53],[6.63,62.51],[6.94,62.32],[7.03,62.24],[7.03,62.18],[7.03,62.24],[6.94,62.32],[6.72,62.44],[5.97,62.26],[6.24,62.08],[5.84,62.2],[5.4,62.14],[5.36,62.04],[5.31,61.99],[5.01,61.93],[5.8,61.91],[5.89,61.91],[5.8,61.91],[5.8,61.85],[5.89,61.89],[6.54,61.83],[6.76,61.87],[6.54,61.83],[5.8,61.85],[5.31,61.87],[4.96,61.72],[5.14,61.62],[5.18,61.54],[5.05,61.41],[5.01,61.37],[5.18,61.35],[5.23,61.15],[5.45,61.07],[5.67,61.16],[6.02,61.18],[6.54,61.14],[6.59,61.26],[6.72,61.35],[6.59,61.2],[7.03,61.14],[7.56,61.2],[7.64,61.22],[7.56,61.2],[7.07,61.11],[7.07,60.97],[6.9,61.14],[6.5,61.07],[5.8,61.14],[5.45,61.03],[5.01,61.01],[5.01,60.94],[5.05,60.86],[5.31,60.82],[5.36,60.86],[5.49,60.88],[5.36,60.86],[5.31,60.82],[4.96,60.77],[4.96,60.73],[4.91,60.74],[5.23,60.56],[5.21,60.59],[5.23,60.56],[5.31,60.54],[5.05,60.49],[5.18,60.34],[5.27,60.24],[5.26,60.24],[5.45,60.15],[5.58,60.25],[5.45,60.01],[5.84,59.99],[5.93,60.15],[6.33,60.41],[6.5,60.45],[6.76,60.45],[6.59,60.21],[6.68,60.41],[6.54,60.43],[6.24,60.3],[5.97,59.95],[6.15,59.79],[5.8,59.62],[5.4,59.66],[5.27,59.59],[5.27,59.39],[5.29,59.37],[5.29,59.36],[5.3,59.34],[5.4,59.33],[5.67,59.35],[6.15,59.42],[6.17,59.44],[6.24,59.48],[6.17,59.44],[6.15,59.42],[6.15,59.3],[6.11,59.28],[6.11,59.21],[6.06,59.19],[5.89,59.06],[6.06,58.9],[6.11,58.87],[6.06,58.9],[5.62,58.97],[5.53,58.65],[5.89,58.44],[5.93,58.44],[6.11,58.35],[6.63,58.23],[6.63,58.19],[6.81,58.09],[6.85,58.12],[6.85,58.14],[6.85,58.12],[6.81,58.09],[6.98,58.05],[7.03,58.09],[6.98,58.05],[7.07,58.05]]]]},"properties":{"ISO_A3":"NOR"}},
{"type":"Feature","geometry":{"type":"MultiPolygon","coordinates":[[[[31.63,80.05],[33.35,80.15],[32.86,80.31],[31.5,80.15],[31.63,80.05]]],[[[23.64,79.21],[25.75,79.44],[25.61,79.56],[26.32,79.66],[27.15,79.87],[27.2,80.08],[25.83,80.18],[24.56,80.33],[23.07,80.24],[22.14,80.04],[21.48,80.26],[20.82,80.2],[20.38,80.4],[18.98,80.33],[19.2,80.18],[17.84,80.16],[18.28,79.83],[18.76,79.76],[21.13,79.71],[19.64,79.61],[19.99,79.48],[20.96,79.35],[22.89,79.38],[22.85,79.26],[23.64,79.21]]],[[[21,78.2],[22.05,78.26],[21.92,78.58],[21.09,78.57],[20.6,78.43],[21,78.2]]],[[[22.67,77.24],[23.64,77.49],[23.99,77.69],[24.16,77.95],[23.5,77.93],[22.8,78.26],[21.04,78.15],[21.48,77.95],[21.04,77.44],[22.71,77.52],[22.67,77.24]]],[[[16.3,76.56],[17.05,76.64],[17.31,76.96],[17.31,77.26],[17.84,77.56],[18.23,77.5],[18.5,77.97],[19.07,78.1],[18.89,78.5],[20.25,78.68],[21.31,78.7],[21.48,78.81],[19.86,79],[19.77,79.15],[18.85,79.13],[18.67,79.56],[17.31,79.93],[16.25,80.06],[15.6,79.8],[15.95,79.29],[15.46,79.35],[14.72,79.79],[14.19,79.62],[12.43,79.57],[12.83,79.78],[11.86,79.84],[10.63,79.56],[11.6,78.73],[12.39,78.54],[12.87,78.25],[13.79,78.2],[14.28,78.3],[14.5,78.69],[15.2,78.61],[15.29,78.49],[16.39,78.46],[14.98,78.15],[13.57,78.06],[13.71,77.73],[15.9,77.83],[13.93,77.53],[13.88,77.4],[14.37,77.18],[15.42,76.99],[16.25,76.71],[16.3,76.56]]]]},"properties":{"ISO_A3":"SJM"}},
{"type":"Feature","geometry":{"type":"Polygon","coordinates":[[[81.26,30.15],[81.22,30.01],[81.09,30.05],[81.04,30.19],[80.91,30.22],[80.74,30],[80.6,29.96],[80.37,29.75],[80.41,29.6],[80.24,29.44],[80.29,29.2],[80.14,29.1],[80.06,28.92],[80.08,28.82],[80.52,28.55],[80.51,28.67],[80.67,28.64],[80.91,28.47],[81.21,28.36],[81.33,28.14],[81.9,27.85],[82.07,27.92],[82.45,27.68],[82.71,27.72],[82.74,27.5],[83.19,27.45],[83.39,27.48],[83.86,27.43],[84.05,27.44],[84.28,27.4],[84.62,27.34],[84.69,27.21],[84.64,27.05],[85.19,26.86],[85.33,26.74],[85.63,26.87],[85.73,26.65],[85.87,26.58],[86.03,26.67],[86.22,26.59],[86.34,26.62],[86.72,26.43],[87.07,26.59],[87.09,26.45],[87.34,26.35],[87.47,26.44],[87.61,26.38],[87.9,26.48],[88.09,26.43],[88.17,26.86],[87.99,27.13],[88.07,27.34],[88.05,27.5],[88.2,27.85],[87.83,27.95],[87.72,27.8],[87.56,27.87],[87.18,27.82],[87.04,27.95],[86.76,28.03],[86.57,28.11],[86.41,27.91],[86.23,27.98],[86,27.91],[85.85,28.18],[85.52,28.33],[85.39,28.28],[85.12,28.34],[85.2,28.63],[85.05,28.68],[84.86,28.57],[84.63,28.74],[84.23,28.89],[84.19,29.24],[83.89,29.32],[83.59,29.17],[83.22,29.6],[82.83,29.69],[82.7,29.76],[82.56,29.96],[82.17,30.06],[82.2,30.16],[82,30.32],[81.62,30.45],[81.41,30.42],[81.4,30.21],[81.26,30.15]]]},"properties":{"ISO_A3":"NPL"}},
{"type":"Feature","geometry":{"type":"Polygon","coordinates":[[[166.96,-0.48],[166.91,-0.48],[166.91,-0.57],[166.96,-0.53],[166.96,-0.48]]]},"properties":{"ISO_A3":"NRU"}},
{"type":"Feature","geometry":{"type":"Polygon","coordinates":[[[-159.76,-21.28],[-159.71,-21.24],[-159.76,-21.2],[-159.84,-21.2],[-159.76,-21.28]]]},"properties":{"ISO_A3":"COK"}},
{"type":"Feature","geometry":{"type":"MultiPolygon","coordinates":[[[[176.18,-37.71],[176.23,-37.68],[176.18,-37.64],[176.18,-37.71]]],[[[174.21,-41.2],[174.21,-41.24],[174.25,-41.24],[174.38,-41.14],[174.21,-41.2]]],[[[173.11,-41.27],[173.15,-41.27],[173.11,-41.24],[173.11,-41.27]]],[[[174.87,-41.11],[174.6,-41.27],[175.22,-41.44],[175.22,-41.6],[175.44,-41.57],[175.79,-41.37],[176.23,-40.91],[176.27,-40.74],[176.54,-40.51],[176.67,-40.27],[176.89,-40.1],[176.89,-39.97],[177.06,-39.7],[176.93,-39.56],[176.89,-39.36],[177.15,-39.12],[177.37,-39.05],[177.85,-39.05],[177.94,-38.71],[178.29,-38.54],[178.34,-38.44],[178.34,-37.99],[178.51,-37.75],[178.25,-37.54],[177.99,-37.54],[177.68,-37.82],[177.41,-37.99],[177.06,-37.99],[176.23,-37.68],[176.18,-37.71],[175.96,-37.61],[175.96,-37.5],[175.95,-37.44],[175.88,-37.26],[175.88,-36.98],[175.44,-36.59],[175.39,-36.84],[175.53,-37.05],[175.53,-37.19],[175.35,-37.22],[175.26,-36.94],[174.95,-36.91],[174.82,-36.8],[174.78,-36.8],[174.73,-36.84],[174.78,-36.8],[174.78,-36.63],[174.73,-36.49],[174.82,-36.38],[174.43,-35.85],[174.51,-35.63],[174.34,-35.42],[174.29,-35.2],[174.12,-35.31],[174.03,-35.17],[173.99,-35.13],[173.86,-34.99],[173.59,-34.92],[173.42,-34.99],[173.28,-34.88],[173.02,-34.66],[172.98,-34.52],[172.93,-34.52],[172.98,-34.52],[172.89,-34.66],[173.2,-35.1],[173.15,-35.31],[173.46,-35.63],[173.55,-35.78],[174.03,-36.17],[174.25,-36.27],[174.34,-36.2],[174.29,-36.31],[174.34,-36.31],[174.29,-36.34],[174.43,-36.38],[174.43,-36.84],[174.51,-37.05],[174.65,-36.94],[174.87,-37.05],[174.69,-37.15],[174.73,-37.4],[174.87,-37.82],[174.82,-38.09],[174.65,-38.37],[174.6,-38.82],[174.43,-38.99],[174.16,-38.99],[173.77,-39.23],[173.77,-39.4],[173.99,-39.56],[174.34,-39.67],[174.51,-39.8],[174.91,-39.87],[175.17,-40.1],[175.22,-40.21],[175.22,-40.54],[175.13,-40.74],[174.87,-41.04],[174.87,-41.11]]],[[[166.78,-45.73],[166.83,-45.76],[166.87,-45.73],[166.78,-45.73]]],[[[166.61,-45.79],[166.72,-45.78],[166.74,-45.7],[166.74,-45.64],[166.61,-45.76],[166.61,-45.79]]],[[[168.36,-46.61],[168.5,-46.61],[168.5,-46.58],[168.36,-46.58],[168.36,-46.61]]],[[[168.5,-46.61],[168.8,-46.58],[169.11,-46.67],[169.51,-46.55],[169.59,-46.58],[169.86,-46.34],[170.21,-46.13],[170.34,-45.94],[170.6,-45.88],[170.65,-45.67],[170.82,-45.48],[170.91,-45.14],[171.13,-44.99],[171.18,-44.58],[171.26,-44.33],[171.61,-44.11],[172.36,-43.86],[172.93,-43.8],[173.11,-43.7],[172.71,-43.54],[172.71,-43.25],[172.8,-43.13],[173.24,-42.97],[173.5,-42.51],[173.68,-42.42],[173.94,-42.16],[173.94,-42.06],[174.21,-41.8],[174.16,-41.57],[174.03,-41.4],[174.25,-41.24],[174.21,-41.24],[174.21,-41.2],[174.08,-41.01],[173.99,-41.01],[173.86,-41.14],[173.81,-41.27],[173.86,-41.14],[173.81,-41.04],[173.77,-41.01],[173.59,-41.07],[173.2,-41.34],[173.15,-41.27],[173.11,-41.27],[173.11,-41.24],[173.02,-41.17],[173.06,-40.84],[172.67,-40.74],[172.54,-40.57],[172.1,-40.87],[172.1,-41.3],[171.92,-41.57],[171.7,-41.73],[171.44,-41.76],[171.4,-42.03],[171.22,-42.45],[171,-42.71],[170.74,-42.93],[170.25,-43.09],[170.21,-43.19],[169.51,-43.64],[169.24,-43.7],[168.76,-43.99],[168.36,-44.02],[167.84,-44.49],[167.84,-44.61],[167.57,-44.68],[167.53,-44.8],[167.35,-44.83],[167.4,-44.93],[167.35,-44.83],[167.05,-45.11],[166.96,-45.14],[166.91,-45.3],[167,-45.3],[167,-45.27],[167.05,-45.3],[167,-45.3],[166.91,-45.3],[166.65,-45.54],[166.87,-45.54],[166.74,-45.64],[166.74,-45.7],[166.78,-45.73],[166.87,-45.73],[166.83,-45.76],[166.72,-45.78],[166.61,-45.79],[166.43,-45.82],[166.43,-45.97],[166.65,-46.13],[166.69,-46.22],[167.35,-46.25],[167.62,-46.19],[167.84,-46.37],[168.14,-46.37],[168.36,-46.49],[168.36,-46.61],[168.36,-46.58],[168.5,-46.58],[168.5,-46.61]]],[[[168.01,-46.91],[167.97,-46.73],[167.7,-46.7],[167.75,-46.94],[167.57,-47.18],[167.88,-47.18],[168.23,-47.03],[168.01,-46.91]]],[[[166.03,-50.84],[166.08,-50.81],[166.03,-50.81],[166.03,-50.84]]],[[[165.99,-50.87],[166.03,-50.84],[166.03,-50.81],[166.08,-50.81],[166.21,-50.87],[166.17,-50.7],[165.93,-50.85],[165.99,-50.87]]],[[[165.93,-50.85],[166.08,-50.92],[166.21,-50.87],[165.99,-50.87],[165.93,-50.85]]]]},"properties":{"ISO_A3":"NZL"}},
{"type":"Feature","geometry":{"type":"Polygon","coordinates":[[[-169.86,-18.93],[-169.9,-18.97],[-169.9,-19.14],[-169.77,-19.02],[-169.86,-18.93]]]},"properties":{"ISO_A3":"NIU"}},
{"type":"Feature","geometry":{"type":"Polygon","coordinates":[[[-171.75,-9.23],[-171.75,-9.19],[-171.79,-9.19],[-171.75,-9.23]]]},"properties":{"ISO_A3":"TKL"}},
{"type":"Feature","geometry":{"type":"MultiPolygon","coordinates":[[[[56.11,26.03],[56.15,25.68],[56.28,25.6],[56.28,25.72],[56.41,25.87],[56.41,26.11],[56.33,26.19],[56.19,26.19],[56.11,26.03]]],[[[53.12,16.63],[53.25,16.72],[53.6,16.76],[53.73,16.89],[53.95,16.89],[54.04,16.97],[54.39,17.05],[54.7,16.97],[54.92,16.97],[55.23,17.18],[55.31,17.39],[55.23,17.56],[55.4,17.68],[55.49,17.85],[55.93,17.93],[56.37,17.93],[56.59,18.27],[56.63,18.56],[56.72,18.69],[57.12,18.89],[57.29,18.93],[57.69,18.93],[57.82,18.98],[57.78,19.35],[57.69,19.52],[57.69,19.76],[57.82,19.97],[57.82,20.22],[57.95,20.42],[58.08,20.47],[58.17,20.63],[58.3,20.55],[58.21,20.38],[58.52,20.38],[58.57,20.67],[58.79,20.92],[58.83,21.08],[59.05,21.29],[59.36,21.45],[59.49,21.78],[59.66,21.94],[59.84,22.31],[59.84,22.47],[59.58,22.55],[59.22,22.83],[59.22,22.95],[59.01,23.12],[58.79,23.48],[58.57,23.64],[58.3,23.6],[58.13,23.72],[57.82,23.72],[57.38,23.88],[57.16,23.92],[56.9,24.12],[56.76,24.36],[56.46,24.72],[56.37,24.96],[56.11,24.72],[55.97,25],[55.8,24.92],[55.84,24.68],[55.75,24.52],[55.84,24.44],[55.8,24.2],[55.97,24.16],[55.97,24.04],[55.67,24.04],[55.49,23.96],[55.58,23.6],[55.4,23.4],[55.23,23.12],[55.23,22.71],[55.53,22.18],[55.67,21.98],[55.27,20.84],[55.23,20.63],[55.05,20.22],[55.01,20.01],[53.95,19.64],[53.47,19.52],[53.16,19.39],[52.63,19.23],[52.02,19.02],[52.2,18.64],[52.59,17.73],[52.72,17.52],[52.81,17.26],[52.99,16.97],[53.12,16.63]]]]},"properties":{"ISO_A3":"OMN"}},
{"type":"Feature","geometry":{"type":"Polygon","coordinates":[[[67.45,24.57],[67.61,24.34],[67.51,24.16],[67.73,24.06],[67.77,24.18],[67.92,24.23],[68.12,24.14],[68.22,24.24],[68.43,24.12],[68.59,24.21],[68.69,24.39],[68.95,24.3],[68.98,24.23],[69.59,24.29],[69.73,24.17],[70.03,24.17],[70.11,24.3],[70.65,24.48],[70.58,24.26],[70.83,24.23],[70.95,24.35],[71.12,24.4],[71,24.44],[70.99,24.6],[71.1,24.69],[70.89,25.15],[70.66,25.4],[70.66,25.7],[70.27,25.71],[70.1,25.94],[70.17,26.55],[69.82,26.59],[69.51,26.74],[69.59,27.18],[70.03,27.56],[70.13,27.81],[70.37,28.01],[70.59,28.01],[70.74,27.74],[70.87,27.71],[71.2,27.84],[71.67,27.88],[71.9,27.96],[71.93,28.12],[72.21,28.39],[72.35,28.73],[72.95,29.03],[73.28,29.57],[73.4,29.95],[73.81,30.07],[73.97,30.2],[73.88,30.36],[74.11,30.62],[74.57,31.06],[74.51,31.13],[74.55,31.37],[74.65,31.43],[74.49,31.71],[74.57,31.84],[74.82,31.96],[74.88,32.05],[75.26,32.1],[75.38,32.23],[75.29,32.37],[75.03,32.5],[74.94,32.45],[74.68,32.49],[74.64,32.61],[74.31,33.03],[74.02,33.21],[74.19,33.47],[73.96,33.72],[74.28,33.93],[74.23,34.02],[73.93,34.02],[73.99,34.27],[73.91,34.35],[73.95,34.57],[74.13,34.66],[74.31,34.78],[74.48,34.78],[74.73,34.68],[75.25,34.64],[75.37,34.54],[75.78,34.51],[76.03,34.68],[76.16,34.63],[76.46,34.8],[76.68,34.75],[76.76,34.94],[77,34.93],[77.09,35.17],[76.98,35.36],[76.75,35.54],[76.78,35.66],[76.59,35.77],[76.58,35.92],[76.17,35.82],[76.1,36.02],[75.93,36.14],[76.06,36.24],[76.03,36.43],[75.87,36.67],[75.64,36.77],[75.45,36.72],[75.4,36.95],[75.14,37.03],[74.91,36.93],[74.84,37.05],[74.68,37.09],[74.54,37.03],[74.42,37.01],[74.05,36.83],[73.84,36.93],[72.65,36.85],[72.23,36.74],[72.08,36.59],[71.8,36.5],[71.81,36.4],[71.64,36.48],[71.57,36.33],[71.2,36.04],[71.39,35.95],[71.55,35.73],[71.5,35.63],[71.62,35.57],[71.59,35.5],[71.66,35.44],[71.54,35.31],[71.68,35.2],[71.53,35.09],[71.51,34.98],[71.11,34.7],[71.01,34.53],[71.02,34.45],[71.18,34.36],[71.08,34.06],[70.88,33.97],[70.51,33.94],[69.9,34.04],[69.86,33.92],[70.01,33.73],[70.14,33.73],[70.17,33.52],[70.33,33.33],[70.07,33.22],[70.02,33.14],[69.58,33.1],[69.5,33.02],[69.55,32.88],[69.39,32.77],[69.45,32.66],[69.24,32.46],[69.33,31.93],[69.19,31.85],[69.12,31.7],[68.91,31.6],[68.81,31.61],[68.58,31.83],[68.28,31.76],[68.17,31.84],[67.97,31.64],[67.7,31.51],[67.57,31.52],[67.64,31.4],[67.79,31.4],[67.76,31.32],[67.31,31.2],[67.07,31.21],[66.96,31.31],[66.73,31.21],[66.58,30.98],[66.39,30.94],[66.28,30.57],[66.37,30.42],[66.24,30.06],[66.37,29.97],[66.25,29.85],[65.06,29.53],[64.54,29.59],[64.18,29.48],[64.13,29.38],[63.58,29.49],[62.47,29.39],[60.87,29.86],[61.35,29.38],[61.48,29.02],[61.91,28.56],[62.39,28.43],[62.6,28.25],[62.79,28.28],[62.76,28.02],[62.85,27.46],[62.78,27.26],[62.95,27.2],[63.2,27.26],[63.32,27.15],[63.25,27.09],[63.18,26.65],[62.79,26.65],[62.44,26.56],[62.3,26.51],[62.21,26.27],[62.03,26.33],[61.89,26.25],[61.82,25.97],[61.89,25.88],[61.82,25.85],[61.84,25.74],[61.73,25.74],[61.68,25.65],[61.62,25.18],[61.73,25.03],[62.08,25.11],[62.18,25.22],[62.31,25.16],[62.54,25.27],[63.5,25.21],[63.59,25.37],[64.09,25.33],[64.4,25.24],[64.78,25.32],[65.19,25.3],[65.29,25.38],[65.65,25.36],[66.31,25.47],[66.52,25.4],[66.75,25.17],[66.66,24.83],[66.98,24.87],[67.08,24.75],[67.29,24.81],[67.51,24.75],[67.46,24.57],[67.45,24.57]]]},"properties":{"ISO_A3":"PAK"}},
{"type":"Feature","geometry":{"type":"MultiPolygon","coordinates":[[[[-78.12,8.41],[-78.08,8.41],[-78.12,8.45],[-78.12,8.41]]],[[[-82.38,8.28],[-82.34,8.23],[-82.34,8.28],[-82.38,8.28]]],[[[-81.64,7.32],[-81.72,7.41],[-81.72,7.62],[-81.86,7.58],[-81.86,7.41],[-81.64,7.32]]],[[[-81.11,7.75],[-81.02,7.75],[-80.93,7.49],[-80.93,7.23],[-80.41,7.23],[-80.36,7.41],[-80.01,7.45],[-80.01,7.58],[-80.49,8.19],[-80.36,8.32],[-80.27,8.28],[-79.83,8.54],[-79.75,8.67],[-79.75,8.84],[-79.48,9.01],[-79.13,9.01],[-78.91,8.93],[-78.56,8.62],[-78.43,8.36],[-78.21,8.45],[-78.12,8.45],[-78.12,8.49],[-78.08,8.41],[-78.12,8.41],[-78.16,8.41],[-78.3,8.23],[-78.25,8.1],[-78.43,7.97],[-78.3,7.8],[-78.3,7.67],[-78.03,7.45],[-78.03,7.32],[-77.9,7.23],[-77.81,7.45],[-77.55,7.54],[-77.33,7.8],[-77.24,8.06],[-77.24,8.23],[-77.37,8.32],[-77.42,8.49],[-77.37,8.67],[-77.55,8.75],[-77.95,9.14],[-77.99,9.23],[-78.21,9.27],[-78.43,9.4],[-78.74,9.45],[-79.09,9.45],[-79,9.58],[-79.53,9.58],[-79.61,9.62],[-79.79,9.4],[-79.88,9.4],[-80.14,9.19],[-80.45,9.14],[-81.06,8.8],[-81.5,8.8],[-81.77,9.06],[-81.94,8.93],[-82.12,8.93],[-82.25,9.01],[-82.34,9.19],[-82.34,9.4],[-82.56,9.58],[-82.6,9.58],[-82.82,9.58],[-82.95,9.49],[-82.95,9.06],[-82.73,8.97],[-82.87,8.84],[-82.82,8.49],[-83,8.28],[-82.95,8.23],[-82.91,8.15],[-82.91,8.1],[-82.87,8.06],[-82.87,8.28],[-82.65,8.32],[-82.38,8.28],[-82.34,8.32],[-82.25,8.23],[-81.94,8.23],[-81.77,8.15],[-81.72,8.15],[-81.55,7.71],[-81.28,7.67],[-81.15,7.75],[-81.11,7.75]]]]},"properties":{"ISO_A3":"PAN"}},
{"type":"Feature","geometry":{"type":"Polygon","coordinates":[[[-70.39,-18.35],[-69.95,-18.27],[-69.77,-18.06],[-69.82,-17.64],[-69.6,-17.64],[-69.47,-17.51],[-69.47,-17.39],[-69.6,-17.22],[-69.38,-16.97],[-69.29,-16.93],[-69.16,-16.72],[-69.03,-16.67],[-68.98,-16.42],[-68.81,-16.34],[-68.94,-16.21],[-69.11,-16.21],[-69.29,-16.13],[-69.42,-15.62],[-69.25,-15.45],[-69.16,-15.2],[-69.38,-14.94],[-69.25,-14.6],[-69.03,-14.39],[-68.89,-14.05],[-68.98,-14.01],[-68.94,-13.62],[-68.85,-13.28],[-68.85,-12.81],[-68.72,-12.72],[-68.67,-12.51],[-68.81,-12.21],[-68.98,-11.95],[-69.11,-11.65],[-69.55,-10.96],[-69.95,-10.92],[-70.12,-11.05],[-70.43,-11.05],[-70.61,-11],[-70.61,-9.58],[-70.52,-9.45],[-70.61,-9.45],[-71.22,-9.97],[-71.35,-10.01],[-72.15,-10.01],[-72.15,-9.79],[-72.32,-9.49],[-72.54,-9.49],[-72.72,-9.4],[-73.2,-9.4],[-72.98,-9.14],[-72.94,-8.97],[-73.33,-8.62],[-73.46,-8.45],[-73.68,-7.88],[-73.95,-7.58],[-73.95,-7.36],[-73.73,-7.36],[-73.77,-6.92],[-73.51,-6.66],[-73.11,-6.44],[-73.24,-6.18],[-73.24,-6.01],[-72.98,-5.7],[-72.89,-5.18],[-72.63,-5.05],[-72.32,-4.78],[-72.23,-4.78],[-71.93,-4.61],[-71.79,-4.48],[-71.57,-4.52],[-71.49,-4.43],[-71,-4.39],[-70.78,-4.17],[-70.65,-4.17],[-70.34,-4.17],[-70.04,-4.34],[-69.95,-4.21],[-70.26,-3.91],[-70.26,-3.82],[-70.56,-3.86],[-70.7,-3.78],[-70.08,-2.81],[-70.21,-2.55],[-70.48,-2.46],[-70.87,-2.24],[-71.13,-2.28],[-71.18,-2.37],[-71.4,-2.33],[-71.71,-2.15],[-71.93,-2.37],[-72.06,-2.33],[-72.23,-2.46],[-72.41,-2.42],[-72.89,-2.42],[-73.11,-2.28],[-73.11,-1.89],[-73.29,-1.8],[-73.33,-1.8],[-73.51,-1.67],[-73.46,-1.54],[-73.68,-1.23],[-73.77,-1.27],[-73.9,-1.1],[-74.25,-1.01],[-74.25,-0.83],[-74.61,-0.35],[-74.78,-0.22],[-74.96,-0.22],[-75.18,-0.04],[-75.27,-0.13],[-75.48,-0.22],[-75.35,-0.48],[-75.22,-0.53],[-75.27,-0.79],[-75.4,-0.92],[-75.57,-1.54],[-76.06,-2.11],[-76.45,-2.46],[-76.63,-2.59],[-76.85,-2.68],[-77.33,-2.81],[-77.86,-2.99],[-78.12,-3.34],[-78.34,-3.38],[-78.38,-3.69],[-78.47,-3.91],[-78.56,-3.95],[-78.56,-4.21],[-78.65,-4.3],[-78.65,-4.56],[-78.91,-4.74],[-78.91,-4.87],[-79.09,-4.96],[-79.31,-4.96],[-79.53,-4.52],[-79.61,-4.43],[-79.83,-4.48],[-80.05,-4.3],[-80.19,-4.3],[-80.27,-4.43],[-80.45,-4.48],[-80.45,-3.99],[-80.27,-3.99],[-80.19,-3.78],[-80.23,-3.42],[-80.27,-3.42],[-80.32,-3.38],[-80.58,-3.64],[-80.76,-3.73],[-80.89,-3.91],[-81.24,-4.26],[-81.28,-4.61],[-81.33,-4.7],[-81.06,-4.96],[-81.06,-5.09],[-81.2,-5.22],[-81.06,-5.31],[-80.84,-5.57],[-80.84,-5.75],[-81.06,-5.79],[-81.15,-6.01],[-81.02,-6.14],[-80.05,-6.66],[-79.88,-6.92],[-79.7,-7.1],[-79.57,-7.32],[-79.57,-7.49],[-79.44,-7.62],[-79.4,-7.84],[-79.04,-8.14],[-78.91,-8.45],[-78.74,-8.62],[-78.74,-8.75],[-78.56,-9.19],[-78.47,-9.19],[-78.38,-9.45],[-78.38,-9.62],[-78.25,-9.75],[-78.25,-9.88],[-78.08,-10.31],[-77.9,-10.53],[-77.9,-10.61],[-77.68,-10.87],[-77.64,-11.22],[-77.51,-11.39],[-77.37,-11.43],[-77.29,-11.61],[-77.15,-11.74],[-77.15,-12.08],[-77.02,-12.12],[-76.76,-12.42],[-76.45,-13.11],[-76.19,-13.36],[-76.19,-13.62],[-76.28,-13.83],[-76.28,-14.18],[-76.1,-14.3],[-75.84,-14.73],[-75.57,-14.86],[-75.27,-15.15],[-75.09,-15.45],[-74.52,-15.7],[-74.39,-15.83],[-74.25,-15.83],[-74.03,-15.96],[-73.82,-16.17],[-73.38,-16.3],[-73.07,-16.51],[-72.94,-16.51],[-72.76,-16.63],[-72.54,-16.67],[-72.37,-16.76],[-72.1,-17.01],[-72.01,-17.01],[-71.84,-17.18],[-71.53,-17.26],[-71.35,-17.47],[-71.35,-17.68],[-70.83,-18.06],[-70.39,-18.35]]]},"properties":{"ISO_A3":"PER"}},
{"type":"Feature","geometry":{"type":"MultiPolygon","coordinates":[[[[119.95,16.25],[119.99,16.25],[119.95,16.34],[119.95,16.25]]],[[[121.92,14.65],[122.05,14.73],[121.97,15.07],[121.83,15.03],[121.92,14.82],[121.92,14.65]]],[[[124.16,13.54],[124.34,13.58],[124.43,13.88],[124.3,14.01],[124.12,14.05],[124.12,13.75],[124.03,13.67],[124.16,13.54]]],[[[121.97,13.2],[122.14,13.37],[122.05,13.54],[121.83,13.54],[121.83,13.32],[121.97,13.2]]],[[[123.28,12.81],[123.28,12.9],[122.98,13.15],[122.93,13.07],[123.28,12.81]]],[[[123.68,12.9],[123.86,12.85],[123.86,12.64],[123.99,12.55],[124.16,12.77],[124.16,13.02],[123.99,13.11],[123.77,13.07],[123.77,13.24],[123.9,13.28],[123.81,13.37],[123.55,13.58],[123.55,13.71],[123.94,13.75],[123.86,13.84],[123.59,13.92],[123.42,13.92],[123.33,14.05],[123.33,13.88],[123.24,13.71],[123.06,13.75],[123.11,13.96],[122.85,14.26],[122.45,14.35],[122.32,14.13],[122.23,13.96],[122.1,13.92],[121.75,14.13],[121.75,14.3],[121.61,14.52],[121.66,14.69],[121.35,15.32],[121.48,15.41],[121.48,15.54],[121.61,15.66],[121.53,15.83],[121.75,16.09],[122.1,16.17],[122.19,16.21],[122.19,16.42],[122.45,16.8],[122.41,17.35],[122.27,17.35],[122.14,17.73],[122.19,18.1],[122.32,18.23],[122.32,18.39],[122.14,18.52],[122.14,18.39],[122.01,18.27],[121.83,18.27],[121.13,18.64],[120.74,18.52],[120.56,18.52],[120.6,18.31],[120.47,18.1],[120.47,17.93],[120.34,17.64],[120.43,17.52],[120.43,16.93],[120.34,16.84],[120.34,16.25],[120.43,16.17],[120.3,16.04],[120.12,16.04],[119.99,16.21],[119.95,16.25],[119.95,16.34],[119.77,16.3],[119.77,15.92],[119.86,15.96],[119.95,15.71],[119.95,15.54],[119.9,15.49],[120.08,15.07],[120.08,14.77],[120.38,14.65],[120.38,14.48],[120.6,14.48],[120.65,14.77],[120.82,14.77],[120.96,14.65],[121,14.52],[120.74,14.3],[120.6,14.26],[120.69,13.92],[120.87,13.92],[120.91,13.71],[121.04,13.62],[121.26,13.58],[121.44,13.71],[121.44,13.84],[121.7,13.96],[121.83,13.92],[121.97,13.79],[122.1,13.79],[122.67,13.24],[122.63,13.49],[122.58,13.58],[122.49,13.67],[122.45,13.92],[122.67,13.88],[122.93,13.54],[123.2,13.45],[123.33,13.2],[123.28,13.07],[123.64,12.9],[123.68,12.9]]],[[[122.58,12.3],[122.71,12.38],[122.63,12.51],[122.49,12.51],[122.58,12.3]]],[[[121.09,12.3],[121.4,12.3],[121.4,12.42],[121.53,12.6],[121.48,12.72],[121.48,13.07],[121.44,13.2],[121.22,13.41],[121.04,13.41],[120.96,13.49],[120.47,13.41],[120.78,13.02],[120.78,12.72],[120.96,12.6],[120.91,12.51],[121.09,12.3]]],[[[120.21,11.95],[120.21,11.99],[120.16,11.99],[120.21,11.95]]],[[[119.9,12.3],[119.99,12.08],[120.12,11.99],[120.21,11.99],[120.34,12.08],[119.9,12.3]]],[[[123.37,12.51],[123.2,12.12],[123.55,12.17],[123.77,11.91],[123.86,11.91],[124.08,11.74],[123.99,12.08],[123.81,12.25],[123.72,12.25],[123.46,12.51],[123.37,12.51]]],[[[119.95,11.69],[120.03,11.95],[119.86,11.91],[119.95,11.69]]],[[[124.78,11.61],[124.82,11.65],[124.78,11.69],[124.78,11.61]]],[[[124.43,11.48],[124.6,11.48],[124.51,11.69],[124.38,11.65],[124.43,11.48]]],[[[123.11,11.22],[123.15,11.22],[123.15,11.26],[123.11,11.22]]],[[[125,11.26],[125.39,11.09],[125.7,11.09],[125.53,11.26],[125.61,11.39],[125.44,11.61],[125.48,11.78],[125.44,12.17],[125.31,12.3],[125.31,12.47],[125.09,12.6],[125.04,12.6],[124.78,12.51],[124.3,12.51],[124.34,12.25],[124.51,12.08],[124.6,12.08],[125,11.69],[124.82,11.52],[124.95,11.44],[125,11.39],[124.95,11.31],[125,11.26]]],[[[122.67,10.49],[122.71,10.7],[122.49,10.57],[122.67,10.49]]],[[[122.49,11.61],[122.41,11.74],[122.1,11.82],[122.05,11.48],[122.05,11],[121.97,10.92],[121.97,10.53],[122.1,10.53],[122.23,10.66],[122.58,10.7],[122.76,10.79],[122.89,11.05],[123.11,11.22],[123.15,11.35],[122.85,11.61],[122.58,11.52],[122.49,11.61]]],[[[124.95,11.44],[124.73,11.31],[124.56,11.44],[124.3,11.44],[124.38,11.31],[124.38,10.92],[124.6,10.96],[124.78,10.83],[124.78,10.14],[125,10.1],[125.04,10.27],[125.22,10.23],[125.13,10.7],[125,10.75],[125.04,10.92],[125,11.26],[124.95,11.31],[125,11.39],[124.95,11.44]]],[[[125.66,9.92],[125.7,9.97],[125.61,10.36],[125.53,10.31],[125.57,10.05],[125.66,9.92]]],[[[126.01,9.75],[126.1,9.84],[126.05,10.01],[125.96,9.88],[126.01,9.75]]],[[[123.81,9.84],[123.86,9.66],[123.99,9.58],[124.25,9.58],[124.56,9.84],[124.51,10.05],[124.25,10.18],[124.16,10.14],[124.03,9.97],[123.86,9.88],[123.81,9.84]]],[[[123.94,10.31],[124.03,10.4],[124.03,11.22],[123.94,11.22],[123.94,10.96],[123.72,10.62],[123.68,10.4],[123.59,10.23],[123.37,9.97],[123.33,9.79],[123.33,9.4],[123.46,9.53],[123.64,9.97],[123.64,10.1],[123.94,10.31]]],[[[122.93,9.06],[123.15,9.06],[123.33,9.32],[123.15,9.53],[123.15,9.92],[123.33,10.23],[123.33,10.4],[123.46,10.53],[123.55,10.83],[123.42,10.96],[123.2,11],[122.93,10.88],[122.93,10.62],[122.85,10.44],[122.85,10.05],[122.67,9.97],[122.45,9.97],[122.41,9.66],[122.67,9.36],[122.89,9.32],[122.93,9.06]]],[[[119.24,10.92],[119.33,10.79],[119.33,10.57],[119.15,10.4],[119.02,10.36],[118.8,10.18],[118.63,9.97],[118.63,9.88],[118.06,9.32],[117.92,9.27],[117.62,9.06],[117.22,8.54],[117.22,8.32],[117.31,8.45],[117.48,8.49],[117.57,8.67],[117.75,8.67],[118.1,9.01],[118.1,9.1],[118.36,9.19],[118.72,9.58],[118.72,9.75],[118.76,9.92],[119.15,10.01],[119.37,10.36],[119.59,10.36],[119.73,10.53],[119.59,10.66],[119.51,10.83],[119.55,11.05],[119.55,11.18],[119.33,11.05],[119.29,11],[119.29,10.96],[119.24,10.92]]],[[[121.97,6.71],[121.88,6.58],[121.97,6.4],[122.19,6.45],[122.23,6.58],[122.05,6.75],[121.97,6.71]]],[[[121.44,6.05],[121.18,6.01],[121,6.1],[120.87,5.97],[121.09,5.88],[121.18,5.97],[121.31,5.88],[121.44,6.05]]],[[[122.89,7.36],[123.02,7.49],[123.06,7.71],[123.28,7.54],[123.46,7.62],[123.46,7.84],[123.64,7.84],[123.77,7.71],[123.99,7.67],[124.21,7.36],[124.21,7.23],[124.03,7.14],[123.94,6.93],[124.03,6.79],[124.03,6.4],[124.25,6.14],[124.43,6.1],[124.73,5.92],[125.09,5.88],[125.17,6.1],[125.26,6.1],[125.22,5.75],[125.39,5.57],[125.7,5.97],[125.7,6.27],[125.53,6.58],[125.39,6.58],[125.39,6.79],[125.53,7.06],[125.66,7.1],[125.66,7.23],[125.79,7.36],[125.96,7.06],[125.96,6.93],[126.1,6.84],[126.1,6.49],[126.23,6.45],[126.23,6.71],[126.18,6.93],[126.32,6.93],[126.54,7.14],[126.54,7.45],[126.58,7.62],[126.36,7.93],[126.45,8.1],[126.36,8.19],[126.36,8.54],[126.14,8.54],[126.1,8.62],[126.32,8.8],[126.18,9.1],[125.79,9.53],[125.48,9.79],[125.39,9.75],[125.44,9.4],[125.53,9.32],[125.53,9.01],[125.22,9.01],[125.09,8.84],[124.87,9.01],[124.78,8.97],[124.78,8.62],[124.73,8.49],[124.51,8.58],[124.34,8.58],[124.21,8.19],[123.94,8.19],[123.77,8.06],[123.86,8.15],[123.86,8.41],[123.68,8.67],[123.55,8.62],[123.42,8.71],[123.28,8.54],[123.06,8.54],[122.98,8.41],[122.98,8.19],[122.8,8.1],[122.36,8.06],[122.1,7.75],[122.05,7.54],[122.05,7.27],[121.92,7.19],[121.88,7.06],[122.1,6.88],[122.19,6.97],[122.23,7.01],[122.27,7.32],[122.36,7.49],[122.49,7.54],[122.49,7.71],[122.63,7.8],[122.8,7.75],[122.8,7.32],[122.89,7.36]]]]},"properties":{"ISO_A3":"PHL"}},
{"type":"Feature","geometry":{"type":"Polygon","coordinates":[[[134.62,7.67],[134.49,7.54],[134.62,7.45],[134.62,7.67]]]},"properties":{"ISO_A3":"PLW"}},
{"type":"Feature","geometry":{"type":"MultiPolygon","coordinates":[[[[147.32,-2.06],[147.19,-1.98],[146.61,-1.98],[146.57,-2.2],[147.23,-2.2],[147.32,-2.06]]],[[[150.17,-2.68],[150.44,-2.68],[150.48,-2.55],[150.35,-2.42],[150.17,-2.37],[150.04,-2.42],[150.04,-2.55],[150.17,-2.68]]],[[[150.88,-2.63],[150.83,-2.72],[151.1,-2.85],[151.27,-2.99],[151.54,-3.12],[151.76,-3.34],[151.98,-3.47],[152.15,-3.47],[152.55,-3.91],[152.68,-4.13],[152.68,-4.56],[152.81,-4.78],[152.94,-4.78],[153.07,-4.61],[153.03,-4.43],[153.12,-4.26],[153.03,-4.13],[152.72,-3.86],[152.55,-3.78],[152.02,-3.25],[151.8,-3.2],[151.67,-3.03],[151.49,-2.99],[151.45,-2.9],[151.18,-2.85],[151.1,-2.72],[150.88,-2.63]]],[[[147.98,-5.83],[148.11,-5.66],[147.98,-5.53],[147.76,-5.48],[147.76,-5.61],[147.98,-5.83]]],[[[149.03,-6.05],[149.08,-6.14],[149.38,-6.05],[149.56,-6.27],[150.44,-6.27],[150.57,-6.14],[150.7,-6.14],[150.79,-6.01],[151.05,-6.01],[151.18,-5.96],[151.49,-5.7],[151.45,-5.53],[151.98,-5.53],[152.15,-5.35],[151.93,-5.13],[151.98,-4.96],[152.24,-4.96],[152.37,-4.78],[152.37,-4.34],[152.15,-4.3],[152.15,-4.21],[151.93,-4.34],[151.84,-4.21],[151.49,-4.21],[151.54,-4.39],[151.67,-4.61],[151.67,-4.91],[151.62,-4.96],[151.27,-4.96],[151.01,-5.26],[150.92,-5.48],[150.74,-5.44],[150.39,-5.44],[150.31,-5.57],[150.09,-5.53],[150.04,-5.26],[150.17,-5.05],[150.04,-5],[149.95,-5.48],[149.69,-5.53],[149.56,-5.48],[149.47,-5.57],[149.21,-5.57],[148.94,-5.44],[148.5,-5.53],[148.37,-5.44],[148.33,-5.7],[148.5,-5.83],[148.68,-5.83],[148.9,-6.01],[149.03,-6.05]]],[[[155.89,-6.79],[155.97,-6.75],[155.89,-6.49],[155.67,-6.23],[155.53,-6.23],[155.01,-5.53],[154.83,-5.53],[154.7,-5.4],[154.7,-5.09],[154.57,-5.05],[154.57,-5.35],[154.74,-5.48],[154.74,-5.96],[154.96,-6.18],[155.23,-6.31],[155.18,-6.53],[155.31,-6.71],[155.62,-6.88],[155.89,-6.79]]],[[[144.64,-7.53],[144.64,-7.45],[144.59,-7.49],[144.64,-7.53]]],[[[144.46,-7.49],[144.51,-7.53],[144.51,-7.49],[144.46,-7.49]]],[[[144.37,-7.53],[144.42,-7.53],[144.46,-7.49],[144.46,-7.45],[144.42,-7.45],[144.37,-7.4],[144.33,-7.45],[144.37,-7.53]]],[[[144.33,-7.67],[144.37,-7.67],[144.33,-7.62],[144.33,-7.67]]],[[[143.45,-8.45],[143.58,-8.49],[143.63,-8.45],[143.63,-8.4],[143.45,-8.45]]],[[[152.77,-9.23],[152.94,-9.23],[153.03,-9.14],[152.85,-9.01],[152.68,-9.01],[152.72,-9.23],[152.77,-9.23]]],[[[150.31,-9.53],[150.35,-9.27],[150.13,-9.23],[150.09,-9.36],[150.31,-9.53]]],[[[150.83,-9.71],[150.83,-9.49],[150.61,-9.36],[150.44,-9.45],[150.61,-9.66],[150.83,-9.71]]],[[[149.91,-10.53],[149.91,-10.49],[149.87,-10.49],[149.91,-10.53]]],[[[149.87,-10.53],[150.17,-10.7],[150.61,-10.61],[150.66,-10.36],[150.79,-10.27],[150.57,-10.27],[150.17,-10.1],[150,-10.1],[149.73,-9.79],[150,-9.75],[150,-9.62],[149.43,-9.62],[149.16,-9.4],[149.29,-9.19],[149.29,-9.01],[148.86,-9.1],[148.59,-9.1],[148.46,-8.84],[148.46,-8.71],[148.2,-8.54],[148.2,-8.27],[148.15,-8.1],[147.71,-7.88],[147.32,-7.49],[147.23,-7.45],[147.14,-7.4],[147.14,-7.19],[146.97,-7.01],[146.97,-6.75],[147.58,-6.75],[147.85,-6.66],[147.85,-6.36],[147.45,-5.96],[146.92,-5.92],[146.88,-5.83],[146.66,-5.79],[146.48,-5.61],[146.31,-5.61],[146.04,-5.48],[145.74,-5.48],[145.74,-5.31],[145.82,-5.05],[145.74,-4.83],[145.56,-4.65],[145.56,-4.56],[145.34,-4.39],[145.08,-4.39],[144.95,-4.21],[144.68,-3.99],[144.55,-3.82],[144.24,-3.82],[144.2,-3.82],[143.67,-3.6],[143.54,-3.42],[143.32,-3.42],[143.01,-3.34],[142.84,-3.34],[142.53,-3.25],[142.35,-3.12],[142,-2.99],[141.21,-2.63],[140.99,-2.59],[140.99,-4.21],[140.99,-5.35],[140.99,-6.31],[140.95,-6.58],[140.86,-6.58],[140.9,-6.88],[141.03,-6.88],[141.03,-7.67],[141.03,-9.14],[141.21,-9.23],[141.47,-9.14],[141.61,-9.23],[141.74,-9.19],[142.09,-9.19],[142.22,-9.14],[142.53,-9.32],[142.7,-9.32],[143.01,-9.1],[143.23,-9.1],[143.36,-9.01],[143.41,-8.97],[143.36,-8.71],[143.14,-8.49],[143.06,-8.36],[143.1,-8.27],[143.63,-8.19],[143.67,-8.1],[143.58,-8.1],[143.54,-8.06],[143.58,-8.1],[143.67,-8.06],[143.85,-8.06],[143.93,-7.97],[143.76,-7.58],[143.76,-7.53],[143.76,-7.58],[143.89,-7.71],[144.2,-7.75],[144.15,-7.62],[144.2,-7.75],[144.33,-7.67],[144.29,-7.58],[144.33,-7.62],[144.37,-7.67],[144.46,-7.75],[144.46,-7.62],[144.42,-7.53],[144.37,-7.53],[144.33,-7.45],[144.37,-7.4],[144.42,-7.45],[144.46,-7.45],[144.51,-7.49],[144.64,-7.53],[144.59,-7.49],[144.59,-7.45],[144.64,-7.45],[144.7,-7.48],[144.73,-7.53],[144.86,-7.62],[144.86,-7.75],[144.99,-7.84],[145.3,-7.84],[145.43,-7.97],[145.65,-7.93],[145.87,-8.06],[146.04,-8.06],[146.09,-8.19],[146.22,-8.23],[146.31,-8.49],[146.57,-8.8],[146.57,-9.01],[146.92,-9.1],[146.92,-9.27],[147.1,-9.49],[147.27,-9.53],[147.63,-10.01],[147.93,-10.14],[148.11,-10.14],[148.2,-10.05],[148.33,-10.18],[148.68,-10.18],[148.72,-10.23],[149.16,-10.23],[149.43,-10.36],[149.78,-10.36],[149.91,-10.49],[150.04,-10.49],[150.09,-10.49],[150.04,-10.49],[149.91,-10.53],[149.87,-10.53]]],[[[153.34,-11.52],[153.51,-11.61],[153.64,-11.48],[153.38,-11.43],[153.34,-11.52]]]]},"properties":{"ISO_A3":"PNG"}},
{"type":"Feature","geometry":{"type":"Polygon","coordinates":[[[22.54,49.09],[22.85,49.03],[22.67,49.58],[23.46,50.23],[23.72,50.39],[23.99,50.42],[24.12,50.59],[23.94,50.79],[23.99,50.92],[23.81,51.17],[23.64,51.28],[23.68,51.5],[23.64,51.5],[23.55,51.53],[23.68,52.05],[23.5,52.18],[23.2,52.23],[23.2,52.34],[23.46,52.56],[23.94,52.72],[23.94,53.03],[23.55,53.77],[23.5,53.95],[23.5,54.16],[23.07,54.36],[22.8,54.36],[22.36,54.34],[21.09,54.34],[20.6,54.36],[19.81,54.44],[19.42,54.26],[18.8,54.36],[18.58,54.44],[18.45,54.64],[18.5,54.77],[18.06,54.84],[17.27,54.74],[16.78,54.56],[16.52,54.54],[16.17,54.28],[15.29,54.16],[14.23,53.92],[14.23,53.87],[14.59,53.85],[14.54,53.64],[14.32,53.72],[14.28,53.69],[14.41,53.27],[14.37,53.06],[14.15,52.95],[14.15,52.82],[14.59,52.61],[14.54,52.34],[14.67,52.26],[14.76,52.02],[14.59,51.83],[14.76,51.69],[14.72,51.53],[14.89,51.47],[15.02,51.17],[14.81,50.87],[15.07,51.01],[15.29,50.98],[15.42,50.81],[15.68,50.73],[16.34,50.67],[16.43,50.56],[16.21,50.45],[16.43,50.34],[16.69,50.09],[17.22,50.37],[17.62,50.17],[17.88,49.97],[18.19,50],[18.58,49.92],[18.63,49.72],[18.8,49.69],[18.85,49.52],[18.98,49.4],[19.24,49.52],[19.55,49.58],[19.81,49.26],[20.08,49.2],[20.34,49.4],[20.69,49.43],[20.96,49.32],[21.35,49.46],[21.83,49.4],[22.05,49.2],[22.54,49.09]]]},"properties":{"ISO_A3":"POL"}},
{"type":"Feature","geometry":{"type":"Polygon","coordinates":[[[124.91,38.23],[124.73,38.09],[125.13,38.06],[125.09,37.89],[125.31,37.89],[125.31,37.75],[125.61,37.75],[125.61,37.89],[125.74,38.02],[125.92,37.82],[126.14,37.85],[126.45,37.82],[126.54,37.78],[126.62,37.78],[126.67,37.82],[126.71,37.85],[126.89,38.13],[127.24,38.34],[127.99,38.34],[128.29,38.44],[128.34,38.61],[128.38,38.65],[127.81,39.02],[127.77,39.12],[127.37,39.19],[127.41,39.33],[127.52,39.4],[127.5,39.73],[127.81,39.87],[127.99,40.04],[128.34,40.04],[128.56,40.17],[128.69,40.34],[128.82,40.34],[129.17,40.54],[129.39,40.77],[129.74,40.87],[129.7,41.14],[129.74,41.3],[129.66,41.57],[130.01,42.03],[130.14,42.09],[130.53,42.35],[130.71,42.29],[130.62,42.42],[130.58,42.45],[130.58,42.48],[130.49,42.58],[130.4,42.58],[130.36,42.64],[130.31,42.64],[130.31,42.71],[130.27,42.71],[130.23,42.74],[130.23,42.87],[130.09,42.97],[129.96,42.97],[129.96,43],[129.92,43],[129.87,43],[129.83,42.97],[129.74,42.71],[129.79,42.68],[129.79,42.64],[129.74,42.64],[129.74,42.55],[129.74,42.48],[129.74,42.45],[129.7,42.42],[129.66,42.42],[129.61,42.45],[129.57,42.38],[129.52,42.35],[129.52,42.38],[129.48,42.38],[129.39,42.42],[129.35,42.42],[129.3,42.42],[129.22,42.35],[129.26,42.32],[129.22,42.29],[129.22,42.19],[128.95,42.03],[128.91,42.03],[128.91,41.99],[128.86,42.03],[128.82,42.03],[128.78,42.03],[128.73,42.06],[128.73,42.03],[128.69,42.03],[128.64,42.03],[128.6,42.03],[128.6,41.99],[128.47,41.99],[128.43,42.03],[128.07,42.03],[128.03,41.99],[128.07,41.96],[128.12,41.93],[128.12,41.83],[128.12,41.8],[128.12,41.77],[128.16,41.73],[128.16,41.7],[128.21,41.7],[128.29,41.63],[128.29,41.6],[128.29,41.57],[128.29,41.54],[128.16,41.37],[128.12,41.37],[128.07,41.37],[128.03,41.4],[128.03,41.44],[127.99,41.44],[127.94,41.44],[127.9,41.44],[127.85,41.44],[127.85,41.4],[127.81,41.4],[127.77,41.44],[127.72,41.4],[127.68,41.44],[127.63,41.4],[127.63,41.44],[127.59,41.44],[127.55,41.44],[127.24,41.47],[127.28,41.5],[127.24,41.5],[127.24,41.54],[127.19,41.54],[127.15,41.54],[127.11,41.54],[127.11,41.57],[127.15,41.57],[127.15,41.6],[127.11,41.63],[127.06,41.63],[127.06,41.67],[127.02,41.67],[127.06,41.7],[127.06,41.73],[127.02,41.77],[126.98,41.77],[126.93,41.77],[126.93,41.8],[126.89,41.8],[126.84,41.77],[126.71,41.73],[126.71,41.7],[126.67,41.67],[126.58,41.6],[126.58,41.54],[126.54,41.54],[126.49,41.37],[126.45,41.34],[126.4,41.34],[126.4,41.3],[126.36,41.27],[126.36,41.24],[126.32,41.24],[126.32,41.21],[126.27,41.17],[126.27,41.14],[126.23,41.14],[126.18,41.11],[126.1,41.04],[126.1,41.01],[126.05,40.97],[126.05,40.94],[126.01,40.94],[126.01,40.91],[125.96,40.91],[125.7,40.87],[125.7,40.84],[125.66,40.81],[125.7,40.77],[125.66,40.77],[125.53,40.71],[125.48,40.71],[125.44,40.71],[125.39,40.64],[125.35,40.64],[125.31,40.64],[125.26,40.64],[125.04,40.54],[125,40.47],[124.91,40.47],[124.82,40.41],[124.73,40.37],[124.73,40.34],[124.73,40.31],[124.69,40.31],[124.6,40.27],[124.51,40.21],[124.47,40.17],[124.43,40.14],[124.38,40.14],[124.38,40.11],[124.34,40.07],[124.38,40],[124.34,39.97],[124.3,39.9],[124.51,39.8],[124.65,39.67],[124.78,39.7],[125.35,39.53],[125.39,39.23],[125.13,38.89],[125.13,38.61],[124.91,38.44],[124.91,38.23]]]},"properties":{"ISO_A3":"PRK"}},
{"type":"Feature","geometry":{"type":"Polygon","coordinates":[[[-17.05,32.65],[-16.79,32.65],[-16.87,32.84],[-17.27,32.8],[-17.05,32.65]]]},"properties":{"ISO_A3":"PRT"}},
{"type":"Feature","geometry":{"type":"Polygon","coordinates":[[[-8.92,38.47],[-8.79,38.34],[-8.79,37.43],[-8.88,37.33],[-8.96,37.05],[-8.66,37.12],[-8.13,37.08],[-7.87,36.98],[-7.43,37.19],[-7.43,37.4],[-7.51,37.54],[-7.43,37.75],[-7.25,37.99],[-6.99,38.02],[-6.94,38.13],[-7.16,38.23],[-7.34,38.47],[-7.25,38.75],[-7.03,38.85],[-6.94,39.02],[-7.25,39.19],[-7.34,39.46],[-7.51,39.6],[-7.03,39.67],[-6.86,40],[-7.03,40.21],[-6.81,40.37],[-6.81,40.87],[-6.86,41.04],[-6.55,41.24],[-6.2,41.54],[-6.28,41.67],[-6.5,41.67],[-6.64,41.93],[-7.08,41.96],[-7.3,41.83],[-7.6,41.9],[-7.91,41.9],[-8.09,41.8],[-8.22,41.93],[-8.17,42.12],[-8.66,42.06],[-8.88,41.86],[-8.79,41.6],[-8.75,41.24],[-8.66,41.14],[-8.66,40.91],[-8.75,40.71],[-8.79,40.44],[-8.92,40.17],[-8.88,40.04],[-9.18,39.46],[-9.36,39.36],[-9.4,38.95],[-9.49,38.82],[-9.45,38.68],[-9.27,38.68],[-9.23,38.68],[-9.1,38.65],[-9.23,38.68],[-9.27,38.68],[-9.18,38.47],[-8.92,38.47]]]},"properties":{"ISO_A3":"PRT"}},
{"type":"Feature","geometry":{"type":"MultiPolygon","coordinates":[[[[-28.25,38.37],[-28.47,38.58],[-28.56,38.47],[-28.25,38.37]]],[[[-25.53,37.71],[-25.31,37.71],[-25.13,37.78],[-25.13,37.85],[-25.4,37.82],[-25.53,37.71]]]]},"properties":{"ISO_A3":"PRT"}},
{"type":"Feature","geometry":{"type":"Polygon","coordinates":[[[-58.13,-20.13],[-58.22,-19.97],[-58.22,-19.76],[-59.05,-19.31],[-59.98,-19.31],[-60.59,-19.47],[-61.73,-19.64],[-61.91,-20.09],[-62.26,-20.55],[-62.26,-21.04],[-62.52,-21.94],[-62.66,-22.22],[-62.3,-22.51],[-62.22,-22.71],[-61.91,-23.03],[-61.07,-23.68],[-60.85,-23.88],[-60.68,-23.88],[-60.37,-24.04],[-60.02,-24],[-59.67,-24.24],[-59.45,-24.32],[-59.32,-24.52],[-59.01,-24.68],[-58.48,-24.84],[-58.39,-24.96],[-58.13,-24.96],[-58.09,-25.04],[-57.73,-25.2],[-57.56,-25.56],[-57.78,-25.68],[-57.87,-25.99],[-58.09,-26.11],[-58.22,-26.39],[-58.26,-26.78],[-58.66,-27.13],[-58.61,-27.29],[-58.09,-27.29],[-58.04,-27.25],[-57.56,-27.41],[-57.34,-27.41],[-57.25,-27.48],[-57.03,-27.48],[-56.94,-27.41],[-56.55,-27.48],[-56.42,-27.6],[-56.24,-27.37],[-56.06,-27.29],[-55.85,-27.44],[-55.58,-27.33],[-55.58,-27.09],[-55.27,-26.94],[-55.05,-26.78],[-54.79,-26.66],[-54.79,-26.5],[-54.66,-26.35],[-54.61,-25.99],[-54.61,-25.6],[-54.61,-25.44],[-54.48,-25.28],[-54.44,-24.88],[-54.31,-24.64],[-54.35,-24.52],[-54.26,-24.28],[-54.35,-24.16],[-54.35,-24],[-54.57,-23.84],[-54.83,-23.88],[-55.05,-24],[-55.36,-24],[-55.45,-23.92],[-55.45,-23.68],[-55.54,-23.64],[-55.54,-23.16],[-55.67,-22.91],[-55.63,-22.63],[-55.89,-22.3],[-56.15,-22.3],[-56.37,-22.18],[-56.64,-22.26],[-56.77,-22.22],[-57.38,-22.22],[-57.87,-22.14],[-57.95,-22.02],[-57.95,-21.49],[-57.87,-21.24],[-57.87,-20.83],[-58,-20.71],[-58,-20.42],[-58.17,-20.18],[-58.13,-20.13]]]},"properties":{"ISO_A3":"PRY"}},
{"type":"Feature","geometry":{"type":"MultiPolygon","coordinates":[[[[35.1,31.84],[34.97,31.61],[34.93,31.35],[35.15,31.35],[35.46,31.5],[35.54,31.72],[35.5,32.06],[35.59,32.21],[35.54,32.39],[35.41,32.5],[35.06,32.47],[34.97,31.98],[35.02,31.91],[35.02,31.87],[35.02,31.84],[35.1,31.84]]],[[[34.27,31.24],[34.36,31.39],[34.58,31.54],[34.49,31.61],[34.22,31.31],[34.27,31.24]]]]},"properties":{"ISO_A3":"PSE"}},
{"type":"Feature","geometry":{"type":"MultiPolygon","coordinates":[[[[51.36,24.52],[51.38,24.56],[51.36,24.56],[51.36,24.52]]],[[[50.83,24.76],[51.01,24.48],[51.36,24.52],[51.36,24.56],[51.58,24.92],[51.62,25.32],[51.49,25.48],[51.58,25.68],[51.58,25.91],[51.4,25.95],[51.32,26.15],[51.18,26.15],[50.79,25.6],[50.79,25],[50.88,24.88],[50.83,24.76]]]]},"properties":{"ISO_A3":"QAT"}},
{"type":"Feature","geometry":{"type":"Polygon","coordinates":[[[22.89,47.95],[22.67,47.78],[22.45,47.81],[22.01,47.51],[21.88,47.18],[21.7,47.03],[21.53,46.73],[21.26,46.55],[21.26,46.4],[21.09,46.25],[20.78,46.28],[20.74,46.16],[20.25,46.13],[20.34,46.01],[20.69,45.79],[20.82,45.48],[21.26,45.24],[21.48,45.21],[21.4,45.02],[21.57,44.9],[21.57,44.77],[21.75,44.65],[22.01,44.65],[22.14,44.46],[22.32,44.68],[22.63,44.62],[22.49,44.43],[22.67,44.21],[22.98,44.08],[22.85,43.92],[22.98,43.8],[23.42,43.86],[23.77,43.8],[24.16,43.67],[24.56,43.76],[24.69,43.7],[25,43.73],[25.57,43.64],[25.83,43.76],[26.14,43.99],[26.36,44.05],[26.67,44.05],[26.89,44.14],[27.15,44.14],[27.41,44.02],[27.68,44.02],[28.03,43.83],[28.56,43.73],[28.65,43.92],[28.65,44.33],[28.82,44.46],[29.04,44.74],[29.22,44.8],[29.61,44.83],[29.66,45.21],[29.52,45.42],[29.17,45.42],[28.78,45.24],[28.56,45.24],[28.21,45.45],[28.12,45.79],[28.12,46.28],[28.25,46.4],[28.25,46.67],[28.12,46.79],[28.03,47.03],[27.85,47.12],[27.55,47.48],[27.33,47.63],[27.2,47.92],[26.84,48.25],[26.62,48.25],[26.32,48.19],[26.18,47.98],[25.61,47.92],[25.31,47.92],[25.13,47.78],[24.87,47.72],[24.82,47.84],[24.43,47.98],[24.3,47.89],[23.64,48.01],[23.33,48.01],[23.28,48.1],[22.89,47.95]]]},"properties":{"ISO_A3":"ROU"}},
{"type":"Feature","geometry":{"type":"MultiPolygon","coordinates":[[[[-179.99,71.53],[-180,71.53],[-180,70.98],[-179.44,70.88],[-177.9,71.02],[-177.46,71.15],[-178.08,71.48],[-178.56,71.56],[-179.99,71.53]]],[[[-175.92,65.32],[-175.75,65.16],[-175.79,64.95],[-175.44,64.8],[-174.91,64.79],[-174.21,64.6],[-173.99,64.41],[-173.11,64.24],[-172.72,64.39],[-172.23,64.41],[-172.89,64.69],[-172.63,64.86],[-172.1,65.07],[-172.19,65.43],[-171.97,65.52],[-171.18,65.51],[-170.87,65.65],[-170.52,65.63],[-170.52,65.87],[-169.68,66.14],[-170.17,66.22],[-171.13,66.58],[-171.62,66.82],[-171.75,66.96],[-172.28,66.96],[-173.6,67.11],[-174.21,67.08],[-173.81,66.51],[-173.81,66.3],[-174.43,66.52],[-174.87,66.59],[-174.69,66.75],[-174.91,67.04],[-174.78,67.37],[-175.13,67.5],[-175.31,67.67],[-175.84,67.8],[-177.68,68.34],[-178.43,68.57],[-178.82,68.75],[-179.44,68.9],[-180,68.98],[-180,68.97],[-180,68],[-180,66],[-180,65.05],[-180,65.04],[-179.53,65.23],[-179.26,65.63],[-179.61,65.72],[-179.79,65.89],[-179.75,66.1],[-178.47,66.14],[-178.87,65.89],[-178.43,65.69],[-178.34,65.45],[-177.33,65.49],[-176.98,65.63],[-175.97,65.43],[-175.92,65.32]]],[[[161.6,68.93],[161.6,68.89],[161.63,68.91],[161.6,68.93]]],[[[168.85,69.92],[168.54,70.03],[168.1,69.98],[167.79,69.82],[168.54,69.6],[169.2,69.56],[169.42,69.86],[168.85,69.92]]],[[[20.96,55.27],[20.69,55.05],[21,55.27],[20.96,55.27]]],[[[166.47,54.82],[166.25,55.17],[166.08,55.07],[166.3,54.87],[166.47,54.82]]],[[[137.65,54.64],[138,54.77],[138,55.07],[137.65,55.17],[137.39,55],[137.65,54.64]]],[[[163.57,58.58],[164.15,58.81],[164.72,58.92],[164.58,59.24],[164.19,59.1],[163.75,58.87],[163.57,58.58]]],[[[49.21,69.5],[48.72,69.47],[48.33,69.27],[48.2,68.92],[48.64,68.7],[49.25,68.76],[49.69,68.87],[50.17,69.25],[49.21,69.5]]],[[[58.43,70.22],[59.05,69.86],[59.44,69.89],[59.62,69.71],[60.24,69.68],[60.5,69.91],[59.58,70.21],[59.05,70.45],[58.43,70.22]]],[[[52.77,71.39],[52.24,71.32],[53.16,71.08],[53.25,71.24],[52.77,71.39]]],[[[55.53,73.32],[55.09,73.41],[54.48,73.35],[54.22,73.26],[53.47,73.23],[52.94,72.9],[52.41,72.73],[52.77,72.64],[52.72,72.3],[52.41,72.09],[51.89,72.14],[51.58,72.07],[51.45,71.74],[51.62,71.53],[52.11,71.45],[52.55,71.59],[52.94,71.43],[53.29,71.42],[53.51,71.22],[54.08,71.21],[54.13,71.18],[53.69,71],[53.71,70.83],[54.44,70.72],[55.18,70.55],[55.3,70.7],[55.24,70.71],[55.3,70.7],[56.33,70.65],[56.9,70.58],[57.38,70.59],[57.56,70.75],[57.03,70.85],[56.19,71.18],[55.58,71.7],[55.4,71.96],[55.49,72.42],[55.84,72.73],[56.24,72.84],[56.59,73.13],[56.41,73.22],[55.53,73.32]]],[[[58.57,74.41],[58.92,74.43],[60.19,74.72],[60.54,74.84],[60.72,75.12],[62.21,75.44],[64.63,75.74],[65.95,75.97],[66.83,76.04],[68.14,76.25],[68.72,76.44],[68.93,76.73],[68.72,76.9],[67.79,77],[66.04,76.73],[65.38,76.49],[64.72,76.39],[63.71,76.33],[63.05,76.19],[61.42,76.28],[60.5,76.12],[59.75,75.89],[59.09,75.89],[58.39,75.7],[58.35,75.6],[57.03,75.38],[56.28,74.93],[56.24,74.68],[55.8,74.67],[55.27,74.25],[55.93,74.05],[55.01,74.15],[53.86,73.7],[54.35,73.62],[54.26,73.48],[54.92,73.43],[55.27,73.4],[55.53,73.32],[56.72,73.23],[57.12,73.37],[57.29,73.55],[57.91,73.77],[57.99,73.99],[58.65,74.22],[58.57,74.41]]],[[[56.98,80.35],[55.93,80.31],[56.24,80.06],[57.03,80.08],[56.98,80.35]]],[[[53.03,80.39],[52.24,80.23],[52.94,80.15],[53.95,80.23],[53.03,80.39]]],[[[58.08,80.47],[57.38,80.47],[57.34,80.16],[58.96,80.41],[58.08,80.47]]],[[[47.49,80.85],[46.22,80.66],[46.79,80.54],[48.33,80.81],[47.49,80.85]]],[[[61.73,80.87],[60.46,80.78],[59.66,80.8],[59.36,80.48],[61.16,80.37],[62.08,80.6],[61.73,80.87]]],[[[50.88,80.95],[48.99,80.78],[49.16,80.51],[48.37,80.55],[46.7,80.29],[48.9,80.17],[48.72,80.37],[50.88,80.53],[51.8,80.71],[50.88,80.95]]],[[[54.74,81.11],[54.44,81.03],[57.16,80.67],[56.94,80.84],[56.11,81.01],[54.74,81.11]]],[[[56.15,81.11],[57.47,80.84],[58.3,80.9],[56.76,81.09],[56.15,81.11]]],[[[64.89,81.18],[64.23,81.16],[64.15,80.98],[63.4,80.97],[62.52,80.8],[63.14,80.64],[64.41,80.71],[65.33,80.9],[64.89,81.18]]],[[[161.11,69.12],[161.03,69.08],[161.16,69.05],[161.11,69.08],[161.11,69.12]]],[[[161.6,69.45],[161.42,69.47],[161.55,69.42],[161.6,69.45]]],[[[151.67,70.98],[151.58,70.98],[151.54,70.95],[151.62,70.97],[151.67,70.98]]],[[[137.3,71.48],[137.92,71.43],[137.78,71.6],[137.12,71.5],[137.21,71.49],[137.3,71.48]]],[[[128.7,72.18],[128.78,72.2],[128.71,72.2],[128.69,72.22],[128.69,72.18],[128.7,72.18]]],[[[128.95,72.2],[129.22,72.24],[129.26,72.27],[128.82,72.31],[128.82,72.38],[128.69,72.35],[128.6,72.34],[128.51,72.36],[128.6,72.34],[128.56,72.38],[128.38,72.4],[128.56,72.39],[128.6,72.39],[128.69,72.4],[128.78,72.39],[128.82,72.38],[129.13,72.39],[129.22,72.39],[128.69,72.47],[128.12,72.55],[128.03,72.54],[127.85,72.52],[127.77,72.54],[127.81,72.55],[127.63,72.55],[127.63,72.52],[127.68,72.5],[127.68,72.44],[128.16,72.4],[128.07,72.36],[128.16,72.34],[128.25,72.32],[128.29,72.32],[128.43,72.28],[128.51,72.29],[128.47,72.27],[128.6,72.24],[128.69,72.26],[128.69,72.23],[128.69,72.22],[128.71,72.2],[128.78,72.2],[128.78,72.22],[128.95,72.2]]],[[[128.25,72.32],[128.16,72.34],[128.07,72.36],[128.47,72.27],[128.43,72.28],[128.29,72.32],[128.25,72.32]]],[[[128.73,72.38],[128.69,72.4],[128.6,72.39],[128.56,72.39],[128.56,72.38],[128.64,72.36],[128.73,72.36],[128.78,72.39],[128.73,72.38]]],[[[129.39,72.19],[129.33,72.18],[129.26,72.18],[129.3,72.15],[129.39,72.19]]],[[[129.33,72.18],[129.39,72.19],[129.35,72.2],[129.26,72.22],[129.26,72.18],[129.33,72.18]]],[[[129.33,72.26],[129.26,72.27],[129.22,72.24],[129.34,72.25],[129.33,72.26]]],[[[127.68,72.5],[127.55,72.48],[127.68,72.44],[127.68,72.5]]],[[[127.5,72.5],[127.41,72.5],[127.46,72.47],[127.5,72.5]]],[[[127.37,72.51],[127.46,72.47],[127.41,72.5],[127.37,72.51]]],[[[127.46,72.55],[127.46,72.51],[127.5,72.5],[127.55,72.48],[127.63,72.52],[127.63,72.55],[127.72,72.56],[127.72,72.59],[127.5,72.57],[127.46,72.55]]],[[[127.46,72.57],[127.41,72.57],[127.39,72.58],[127.15,72.51],[127.46,72.55],[127.46,72.57]]],[[[127.39,72.58],[127.41,72.57],[127.46,72.57],[127.5,72.57],[127.39,72.58]]],[[[128.43,72.59],[128.29,72.57],[128.43,72.56],[128.43,72.59]]],[[[128.67,72.58],[128.73,72.69],[128.64,72.7],[128.56,72.63],[128.29,72.57],[128.43,72.59],[128.6,72.56],[128.64,72.56],[128.66,72.57],[128.67,72.58]]],[[[128.64,72.7],[128.73,72.69],[128.86,72.71],[128.86,72.72],[128.78,72.73],[128.64,72.72],[128.51,72.74],[128.64,72.7]]],[[[127.94,72.6],[127.72,72.59],[127.72,72.56],[127.81,72.55],[127.77,72.54],[127.85,72.52],[128.03,72.54],[128.12,72.55],[127.94,72.59],[127.94,72.6]]],[[[128.38,72.71],[128.25,72.71],[128.16,72.72],[128.12,72.73],[127.9,72.74],[127.81,72.67],[128.38,72.71]]],[[[128.78,72.73],[128.51,72.78],[128.34,72.74],[128.25,72.71],[128.51,72.74],[128.64,72.72],[128.78,72.73]]],[[[128.34,72.74],[128.29,72.77],[128.12,72.74],[128.12,72.73],[128.16,72.72],[128.34,72.74]]],[[[128.78,72.8],[128.73,72.79],[128.71,72.79],[128.78,72.77],[128.78,72.8]]],[[[128.73,72.79],[128.78,72.81],[128.64,72.82],[128.57,72.81],[128.71,72.79],[128.73,72.79]]],[[[128.64,72.82],[128.78,72.81],[128.91,72.81],[128.95,72.8],[129.05,72.83],[128.63,72.86],[128.56,72.87],[128.29,72.77],[128.57,72.81],[128.64,72.82]]],[[[128.91,72.81],[128.78,72.8],[128.95,72.8],[128.91,72.81]]],[[[119.9,73.12],[119.86,73.11],[119.81,73.08],[119.9,73.12]]],[[[119.73,73.12],[119.81,73.08],[119.81,73.16],[119.73,73.12]]],[[[142.09,73.9],[141.08,73.84],[140.82,73.61],[140.82,73.42],[141.74,73.28],[143.23,73.18],[143.54,73.23],[143.41,73.55],[142.62,73.81],[142.09,73.9]]],[[[140.77,74.27],[140.2,74.21],[140.16,74.07],[140.46,73.9],[140.99,73.98],[141.08,74.23],[140.77,74.27]]],[[[112.08,74.55],[111.69,74.24],[112.83,74.07],[113.44,74.37],[113.27,74.49],[112.08,74.55]]],[[[146.66,75.47],[146.22,75.38],[146.13,75.22],[147.14,75.01],[147.58,74.97],[148.11,74.79],[148.99,74.72],[150.61,74.86],[150.83,75.09],[149.6,75.25],[148.72,75.19],[148.37,75.4],[147.63,75.44],[147.14,75.31],[146.66,75.47]]],[[[135.72,75.87],[135.54,75.37],[135.89,75.37],[136.11,75.63],[135.72,75.87]]],[[[139.06,76.2],[137.65,75.99],[137.21,75.75],[137.3,75.49],[136.95,75.25],[138.18,74.76],[139.23,74.64],[139.63,74.97],[140.11,74.8],[140.86,74.89],[142,74.91],[142.7,74.85],[143.72,74.95],[142.75,75.07],[142.27,75.3],[142.09,75.55],[142.53,75.72],[143.1,75.62],[142.53,75.39],[142.88,75.18],[143.36,75.06],[144.29,75.04],[144.73,75.15],[144.77,75.39],[145.25,75.57],[143.72,75.85],[143.14,75.8],[142.44,75.89],[141.83,76.1],[140.95,75.94],[141.21,75.62],[140.38,75.64],[140.46,75.79],[139.85,75.87],[139.06,76.2]]],[[[150.57,46.22],[150.31,46.22],[150.04,46.1],[149.78,45.85],[150.09,45.85],[150.17,45.98],[150.57,46.22]]],[[[156.06,50.76],[155.62,50.37],[155.18,50.28],[155.36,50.06],[155.62,50.2],[155.89,50.25],[156.11,50.51],[156.06,50.76]]],[[[156.5,50.87],[156.19,50.76],[156.46,50.67],[156.5,50.87]]],[[[144.42,49],[144.24,49.35],[144.11,49.8],[143.8,50.25],[143.63,50.95],[143.45,51.28],[143.45,51.5],[143.32,51.75],[143.1,51.94],[143.14,52.29],[143.19,52.45],[143.32,52.61],[143.32,52.9],[143.1,53.03],[143.06,53.3],[143.19,53.32],[143.06,53.45],[142.88,53.95],[143.01,54.08],[142.75,54.39],[142.57,54.26],[142.4,54.16],[142.7,53.95],[142.62,53.69],[142.62,53.53],[142.44,53.38],[142.18,53.53],[141.83,53.4],[141.78,53.27],[141.91,53.06],[141.83,52.82],[141.83,52.56],[141.69,52.4],[141.65,52.02],[141.83,51.8],[141.83,51.67],[142.18,51.31],[142.27,51.06],[142.09,50.84],[142.05,50.51],[142.18,50.17],[142.13,49.94],[142.13,49.46],[142.05,49.03],[141.87,48.68],[142.13,48.36],[142.18,48.01],[141.96,47.63],[141.96,47.3],[142.05,47.03],[141.83,46.61],[141.91,46.04],[142.05,45.94],[142.22,46.1],[142.44,46.64],[142.57,46.73],[142.75,46.61],[143.14,46.61],[143.32,46.52],[143.32,46.37],[143.58,46.31],[143.5,46.82],[143.32,46.79],[143.14,46.88],[143.01,47.06],[143.01,47.24],[142.7,47.48],[142.53,47.72],[142.53,48.07],[142.79,48.66],[142.97,48.89],[142.97,49.12],[143.41,49.32],[143.72,49.32],[144.11,49.23],[144.42,49]]],[[[79.17,73.08],[78.6,72.82],[78.86,72.73],[79.52,72.73],[79.52,72.93],[79.17,73.08]]],[[[82.12,75.26],[82.16,75.41],[81.72,75.4],[81.59,75.31],[81.9,75.16],[81.63,75.31],[82.07,75.19],[82.12,75.26]]],[[[102.46,79.43],[101.36,79.22],[100.92,78.9],[100.35,78.65],[100.13,78.34],[99.38,78.02],[100,77.94],[101.27,78.17],[103.86,78.24],[104.92,78.31],[105.45,78.52],[105.27,78.8],[104.39,78.99],[103.51,79.1],[102.77,78.96],[102.9,79.38],[102.46,79.43]]],[[[92,80.08],[91.39,80.06],[91.43,79.82],[92,79.69],[93.14,79.71],[93.89,79.91],[93.36,80],[92,80.08]]],[[[97.45,80.17],[96.35,80.09],[95.47,80.1],[94.37,79.98],[94.24,79.78],[93.67,79.57],[94.37,79.48],[94.37,79.24],[94.86,79.05],[95.74,78.99],[96.97,78.98],[97.89,78.79],[99.51,78.81],[100,78.92],[99.78,79.55],[100.04,79.84],[99.25,80.05],[98.5,80.01],[97.45,80.17]]],[[[94.24,80.04],[95.91,80.22],[96.7,80.21],[97.49,80.32],[97.14,80.55],[98.06,80.68],[97.14,80.86],[95.65,81.28],[94.9,81.09],[93.5,81],[92.62,80.71],[92.92,80.47],[92.18,80.43],[92.48,80.14],[93.58,80.01],[94.24,80.04]]],[[[69.9,66.55],[70.03,66.58],[69.9,66.63],[69.86,66.61],[69.9,66.63],[69.95,66.65],[70.08,66.65],[69.99,66.66],[69.97,66.68],[69.95,66.7],[69.55,66.68],[69.62,66.58],[69.81,66.56],[69.9,66.55]]],[[[69.99,66.69],[69.95,66.7],[69.97,66.68],[69.99,66.68],[69.99,66.69]]],[[[70.21,66.73],[70.38,66.73],[70.3,66.75],[70.21,66.73]]],[[[69.46,66.84],[69.11,66.85],[69.07,66.82],[69.55,66.84],[69.46,66.84]]],[[[69.11,66.85],[68.89,66.87],[68.8,66.84],[68.8,66.82],[68.8,66.8],[69.07,66.82],[69.11,66.85]]],[[[78.47,72.35],[78.29,72.35],[78.38,72.32],[78.47,72.35]]],[[[77.68,72.6],[76.89,72.34],[77.55,72.28],[78.34,72.46],[77.68,72.6]]],[[[71.22,73.33],[71.13,73.27],[71.31,73.31],[71.22,73.33]]],[[[71.13,73.27],[71.09,73.45],[70.56,73.46],[70.03,73.31],[69.95,73.05],[70.52,73.04],[71.35,73.16],[71.13,73.27]]],[[[130.84,42.64],[130.93,42.61],[130.89,42.64],[130.84,42.64]]],[[[144.68,48.74],[144.68,48.89],[144.42,49],[144.68,48.74]]],[[[126.93,51.34],[126.89,51.34],[126.84,51.34],[126.8,51.34],[126.8,51.28],[126.84,51.25],[126.89,51.25],[126.93,51.25],[126.89,51.28],[126.89,51.31],[126.93,51.34]]],[[[137.48,54.13],[137.39,54.28],[137.12,54.16],[137.3,54.05],[137.48,54.13]]],[[[19.81,54.44],[20.6,54.36],[21.09,54.34],[22.36,54.34],[22.8,54.36],[22.67,54.59],[22.89,54.79],[22.67,55],[22.23,55.07],[22.1,55.02],[21.62,55.2],[21.26,55.25],[21.22,54.92],[20.87,54.89],[20.69,55.05],[20.43,54.95],[19.95,54.92],[19.86,54.64],[19.99,54.72],[20.3,54.64],[19.81,54.44]]],[[[70.08,66.65],[70.01,66.68],[69.99,66.68],[69.99,66.66],[70.08,66.65]]],[[[161.33,68.85],[161.42,68.86],[161.34,68.86],[161.33,68.85]]],[[[161.51,68.83],[161.6,68.84],[161.6,68.89],[161.51,68.83]]],[[[129.02,72.9],[128.95,72.87],[129.03,72.9],[129.02,72.9]]],[[[106.97,73.63],[107.12,73.57],[107.01,73.63],[106.97,73.63]]],[[[178.69,64.62],[179.13,64.77],[179.52,64.8],[180,65.04],[180,65.05],[180,66],[180,68],[180,68.97],[180,68.98],[179.83,69.03],[179.39,69.23],[178.64,69.44],[178.12,69.45],[177.5,69.59],[176.67,69.68],[176.1,69.88],[175.13,69.83],[173.42,69.85],[171.88,69.98],[170.96,70.09],[170.6,70.03],[170.6,69.77],[170.16,69.64],[170.69,69.54],[171.04,69.05],[170.47,68.86],[169.64,68.76],[169.46,68.81],[169.42,69.05],[168.23,69.3],[168.28,69.54],[167.79,69.77],[167.13,69.51],[166.56,69.5],[165.24,69.59],[164.45,69.6],[164.15,69.74],[163.66,69.67],[163.31,69.71],[162.87,69.64],[162.39,69.65],[161.73,69.45],[161.55,69.33],[161.47,69.19],[161.6,68.93],[161.63,68.91],[161.6,68.84],[161.51,68.83],[161.33,68.85],[161.34,68.86],[161.42,68.86],[161.55,68.9],[161.47,69.19],[161.42,69.47],[161.18,69.29],[161.2,69.28],[161.18,69.29],[161.11,69.16],[161.11,69.12],[161.11,69.08],[161.29,69.05],[161.47,68.97],[161.42,68.92],[161.47,68.97],[161.33,68.98],[161.16,69.05],[160.98,69.08],[161.11,69.16],[161.03,69.31],[161.07,69.57],[160.81,69.57],[159.84,69.77],[159.66,69.88],[160.1,70.25],[159.88,70.53],[159.36,70.77],[158.13,71],[157.03,71.08],[155.84,71.07],[154.39,70.95],[153.73,70.85],[152.59,70.81],[151.62,70.97],[151.54,70.95],[151.58,70.98],[151.67,70.98],[151.89,71.14],[151.36,71.38],[150.35,71.28],[150.31,71.27],[150.35,71.28],[150.7,71.49],[150.17,71.55],[150.13,71.52],[149.69,71.74],[150.13,71.85],[149.87,72.05],[149.21,72.22],[148.37,72.32],[147.14,72.31],[146,71.75],[145.47,71.66],[144.9,71.74],[146,72.01],[146.26,71.97],[146.92,72.31],[145.21,72.26],[145.38,72.35],[146.35,72.34],[146.31,72.43],[144.15,72.65],[141.74,72.73],[141.34,72.84],[140.73,72.87],[141.21,72.59],[140.55,72.47],[139.63,72.5],[139.15,72.22],[139.89,72.14],[139.67,71.93],[139.8,71.66],[139.5,71.49],[138.84,71.63],[138.35,71.59],[137.75,71.23],[137.74,71.24],[137.7,71.25],[137.34,71.41],[136.6,71.6],[135.63,71.63],[134.49,71.36],[133.65,71.43],[133.17,71.59],[132.6,71.9],[132.29,71.69],[131.76,70.97],[131.41,70.75],[130.27,70.94],[130.18,71.07],[129.44,71.32],[129.26,71.6],[128.73,71.77],[128.51,72.04],[127.46,72.42],[126.71,72.4],[126.62,72.51],[127.5,72.71],[128.16,72.77],[128.56,72.87],[128.43,72.9],[128.73,73.04],[128.78,73.25],[128.43,73.25],[128.29,73.22],[128.29,73.2],[128.16,73.22],[128.29,73.25],[128.34,73.3],[128.12,73.41],[127.85,73.38],[127.99,73.46],[127.63,73.47],[127.02,73.42],[126.57,73.38],[126.54,73.38],[126.27,73.42],[125.74,73.46],[124.95,73.7],[124.51,73.73],[123.33,73.55],[123.59,73.21],[123.33,72.93],[122.69,72.95],[122.52,72.86],[122.45,72.86],[121.75,72.97],[121,72.93],[119.55,73.04],[118.41,73.22],[118.63,73.56],[117.31,73.57],[116.87,73.65],[115.77,73.71],[115.24,73.68],[115.11,73.65],[114.19,73.6],[113.53,73.46],[113.88,73.35],[113.57,73.23],[113.18,73.45],[113.49,73.6],[113.22,73.79],[112.3,73.7],[111.47,73.79],[110.67,73.98],[109.97,74],[109.53,73.82],[109.66,73.67],[110.45,73.63],[110.1,73.48],[108.65,73.31],[108.26,73.21],[106.19,73.09],[106.28,72.94],[105.4,72.8],[105.8,72.94],[106.11,73.27],[106.85,73.35],[107.12,73.57],[106.97,73.63],[107.01,73.63],[107.95,73.63],[108.39,73.72],[108.92,73.99],[109.62,74.1],[109.84,74.33],[111.03,74.55],[111.47,74.69],[111.86,74.69],[112.12,74.85],[112.74,74.94],[113.53,75.21],[113.71,75.5],[113.57,75.66],[113.93,75.79],[113.57,75.96],[113.27,76.25],[112.21,76.46],[111.64,76.66],[110.54,76.75],[110.1,76.68],[109.44,76.73],[107.95,76.72],[107.95,76.54],[106.59,76.49],[107.51,76.92],[106.85,77.04],[105.71,76.97],[105.36,77.19],[105.84,77.35],[105.36,77.54],[104.08,77.72],[102.55,77.46],[101.58,77.18],[100.92,76.86],[101.14,76.55],[100.44,76.45],[99.78,76.44],[98.15,76.15],[97.85,75.99],[96.92,75.91],[96.35,75.95],[95.87,76.14],[94.33,76.13],[92.88,75.98],[93.67,75.86],[91.65,75.63],[90.9,75.63],[89.37,75.5],[88.49,75.28],[88.18,75.12],[87.08,75.15],[87.39,74.95],[87.12,74.76],[86.69,74.69],[86.51,74.48],[85.98,74.3],[86.73,74.23],[86.73,74.12],[87.17,73.94],[85.63,73.81],[83.3,73.63],[81.81,73.63],[80.58,73.48],[80.36,73.3],[80.71,73.2],[80.89,72.94],[80.71,72.73],[80.75,72.51],[81.24,72.35],[82.34,72.23],[82.38,72.07],[82.73,71.9],[83.35,71.85],[83.26,71.71],[82.69,71.77],[81.68,71.7],[80.67,72.05],[79.96,72.2],[79.57,72.34],[78.47,72.35],[78.38,72.32],[78.29,72.35],[77.9,72.3],[77.59,72.07],[78.07,72.08],[78.21,71.9],[77.77,71.81],[77.41,71.86],[76.89,72.05],[76.36,72],[76.1,71.88],[76.27,71.59],[77.37,71.29],[78.25,71.25],[78.47,71.05],[78.43,71.1],[78.47,71.05],[77.9,70.98],[77.85,71.11],[76.62,71.2],[75.92,71.21],[75.39,71.29],[75.48,71.63],[75.26,71.71],[75.26,71.95],[75.7,72.26],[75.48,72.5],[75.48,72.73],[74.78,72.81],[75.09,72.43],[75.04,72.19],[74.78,72.05],[73.5,71.81],[73.42,71.59],[73.02,71.38],[73.37,71.31],[73.9,70.97],[73.9,70.84],[74.3,70.65],[74.25,70.45],[73.68,70.12],[73.77,70.07],[73.64,69.62],[73.9,69.36],[73.77,69.17],[73.99,69.06],[74.38,69.14],[75.04,69.09],[75.48,69.25],[76.01,69.25],[76.67,69.14],[76.93,69],[77.68,68.87],[77.68,68.63],[78.12,68.23],[77.68,68.2],[77.5,68.08],[77.46,67.77],[77.9,67.69],[78.07,67.64],[78.82,67.64],[79.08,67.54],[78.73,67.57],[78.07,67.54],[77.06,67.77],[77.28,67.89],[77.19,68.1],[77.33,68.23],[77.28,68.49],[77.06,68.59],[76.62,68.78],[76.58,68.97],[76.23,68.98],[75.39,68.89],[74.43,68.67],[74.3,68.36],[74.65,68.21],[74.82,68],[74.78,67.72],[74.12,67.45],[73.9,67.28],[73.9,67.01],[73.5,66.82],[72.89,66.63],[72.45,66.58],[72.32,66.3],[71.79,66.24],[71.4,66.35],[70.38,66.33],[69.42,66.49],[69.11,66.61],[69.15,66.77],[68.8,66.8],[68.8,66.82],[68.8,66.84],[68.89,66.87],[69.46,66.84],[69.55,66.84],[69.95,66.85],[70.21,66.73],[70.3,66.75],[70.38,66.73],[70.41,66.74],[70.82,66.79],[70.91,66.8],[70.82,66.79],[70.74,66.72],[70.6,66.68],[70.6,66.51],[70.65,66.52],[70.82,66.52],[70.65,66.52],[70.6,66.51],[71,66.52],[71,66.54],[71.04,66.56],[71.09,66.62],[71.44,66.68],[71.53,66.77],[71.44,66.87],[71.13,66.82],[71.35,66.91],[71.88,66.97],[72.01,67.15],[72.41,67.32],[72.54,67.59],[72.89,67.65],[73.2,67.93],[73.02,68.07],[73.59,68.51],[72.85,68.79],[72.54,68.95],[72.49,69.2],[72.63,69.5],[72.49,69.64],[72.67,69.82],[72.41,70.24],[72.76,70.4],[72.8,70.84],[72.58,71.12],[72.05,71.28],[71.83,71.52],[72.32,71.71],[72.32,71.85],[72.85,72.26],[72.76,72.72],[71.62,72.89],[69.68,72.85],[69.37,72.93],[69.02,72.69],[68.5,71.81],[68.06,71.53],[66.91,71.27],[66.78,71.1],[66.65,70.87],[67.22,70.84],[67.35,70.45],[67.13,70.22],[67.35,69.98],[66.83,69.88],[67.05,69.64],[68.14,69.42],[68.19,69.19],[68.54,68.95],[69.15,68.94],[69.15,68.81],[68.45,68.21],[68.19,68.38],[67.84,68.44],[66.91,68.86],[66.65,68.87],[65.68,69.14],[64.94,69.25],[64.28,69.51],[63,69.7],[61.86,69.74],[60.85,69.85],[60.67,69.65],[60.19,69.62],[60.24,69.48],[60.89,69.14],[60.98,68.87],[60.41,68.68],[59.8,68.62],[59.97,68.41],[59.71,68.31],[59.18,68.39],[59.09,68.55],[59.27,68.84],[58.79,68.97],[57.69,68.73],[57.47,68.57],[56.9,68.54],[56.63,68.62],[56.02,68.65],[55.4,68.55],[55.01,68.41],[54.04,68.21],[53.6,68.36],[53.91,68.38],[53.73,68.62],[54,68.84],[54.44,68.98],[53.73,68.95],[52.81,68.75],[52.06,68.52],[51.58,68.49],[51.32,68.38],[50.66,68.31],[50.04,68.07],[49.91,68.02],[50.04,68.07],[49.03,67.84],[48.68,67.69],[47.89,67.59],[47.76,67.33],[47.76,66.99],[47.1,66.85],[46,66.82],[45.78,66.91],[45.6,67.15],[44.9,67.33],[44.99,67.5],[45.34,67.6],[45.34,67.72],[46.7,67.85],[46.48,68.1],[45.82,68.47],[44.95,68.55],[43.54,68.52],[44.2,68.3],[44.15,67.75],[43.8,67.35],[43.76,67.2],[44.07,67.16],[44.55,66.91],[44.37,66.79],[44.37,66.51],[43.93,66.1],[43.28,66.42],[42.75,66.38],[42.31,66.51],[42.09,66.49],[41.78,66.24],[41.43,66.08],[40.77,65.99],[40.38,65.76],[39.76,65.58],[39.72,65.34],[40.11,65.08],[39.89,64.82],[39.54,64.6],[38.44,64.79],[38.14,64.67],[38.14,64.79],[37.7,65.03],[37.04,65.18],[36.82,65.12],[36.82,64.95],[36.55,64.73],[37.34,64.33],[37.78,64.45],[37.96,64.33],[37.92,64.16],[38.09,64.01],[37.52,63.79],[37.12,63.89],[36.77,63.89],[36.25,64.01],[36.25,64.12],[35.67,64.37],[35.32,64.29],[34.8,64.52],[34.97,64.64],[34.93,64.86],[34.36,65.36],[34.66,65.43],[34.75,65.69],[34.93,65.72],[34.53,66.08],[34.09,66.22],[33.35,66.31],[33.3,66.3],[33.35,66.31],[33.65,66.33],[33.08,66.56],[33.08,66.58],[32.47,66.87],[32.56,66.99],[32.07,67.11],[32.6,67.13],[33.17,66.82],[33.61,66.72],[34.14,66.7],[34.44,66.54],[34.93,66.59],[35.54,66.38],[36.16,66.31],[37.17,66.24],[37.87,66.08],[38.75,66.06],[39.94,66.24],[40.55,66.45],[41.25,66.85],[41.3,67.15],[41.12,67.21],[40.99,67.47],[41.04,67.67],[40.29,67.89],[39.94,68.07],[39.59,68.03],[38.66,68.36],[38.44,68.36],[37.65,68.7],[37.26,68.79],[36.07,69.14],[35.32,69.25],[35.15,69.19],[34.18,69.31],[33.57,69.3],[33.57,69.16],[33.04,68.98],[33.39,69.11],[33.35,69.28],[33.3,69.27],[33.35,69.28],[33.35,69.42],[32.51,69.48],[32.91,69.57],[33.04,69.74],[32.51,69.79],[31.9,69.95],[31.72,69.67],[30.84,69.79],[30.97,69.64],[29.26,69.27],[29.26,69.11],[28.91,69.05],[28.82,68.87],[28.43,68.54],[28.65,68.2],[29.35,68.07],[29.66,67.8],[30.01,67.67],[29.92,67.52],[29.04,66.96],[29.04,66.85],[29.44,66.58],[29.7,66.28],[29.92,66.14],[30.09,65.85],[30.01,65.69],[29.74,65.63],[29.74,65.34],[29.88,65.21],[29.61,65.07],[29.74,64.79],[30.05,64.79],[30.14,64.65],[30.01,64.48],[30.14,64.35],[30.49,64.26],[30.53,64.05],[30.27,63.81],[29.96,63.76],[30.49,63.46],[31.24,63.23],[31.28,63.09],[31.59,62.91],[31.15,62.44],[30.93,62.34],[29.79,61.64],[29.61,61.49],[28.07,60.73],[27.81,60.54],[27.81,60.52],[28.16,60.52],[28.69,60.73],[28.69,60.47],[28.56,60.49],[28.6,60.39],[29,60.19],[29.92,60.15],[30.01,59.86],[29.7,59.95],[29.13,59.97],[28.91,59.79],[28.47,59.84],[28.43,59.68],[28.07,59.64],[28.03,59.48],[27.77,59.01],[27.37,58.78],[27.55,58.37],[27.5,58.23],[27.68,57.93],[27.37,57.51],[27.85,57.3],[27.72,57.11],[27.72,56.91],[27.99,56.82],[28.07,56.53],[28.21,56.43],[28.16,56.16],[28.38,56.06],[28.65,56.11],[28.73,55.97],[29.08,56.04],[29.39,55.89],[29.35,55.77],[29.83,55.79],[30.27,55.87],[30.49,55.82],[30.75,55.6],[30.8,55.32],[31.02,55.15],[30.93,54.95],[30.75,54.82],[31.19,54.67],[31.15,54.49],[31.37,54.21],[31.9,54.08],[31.81,53.79],[32.16,53.79],[32.51,53.72],[32.42,53.61],[32.73,53.45],[32.73,53.32],[32.16,53.09],[31.9,53.09],[31.63,53.22],[31.33,53.09],[31.37,52.93],[31.59,52.8],[31.63,52.29],[31.76,52.1],[32.16,52.05],[32.34,52.13],[32.42,52.31],[32.91,52.23],[33.17,52.37],[33.83,52.37],[34.09,52.15],[34.14,51.99],[34.36,51.86],[34.4,51.72],[34.14,51.69],[34.31,51.53],[34.22,51.39],[34.31,51.23],[34.71,51.17],[35.15,51.23],[35.15,51.09],[35.41,51.03],[35.46,50.67],[35.41,50.56],[35.67,50.34],[35.89,50.45],[36.11,50.45],[36.6,50.23],[36.86,50.34],[37.12,50.34],[37.34,50.45],[37.61,50.28],[37.74,50.09],[38.14,49.94],[38.36,50],[38.62,49.97],[39.28,49.75],[39.63,49.75],[39.63,49.63],[40.02,49.52],[40.2,49.35],[40.2,49.23],[39.94,49.06],[39.67,49],[39.8,48.83],[39.67,48.6],[39.85,48.48],[40.02,48.25],[39.8,48.01],[39.76,47.84],[38.84,47.87],[38.66,47.66],[38.36,47.63],[38.27,47.51],[38.22,47.12],[38.75,47.15],[39.1,47.3],[39.23,47.09],[38.75,46.88],[38.49,46.88],[38.4,46.76],[38.05,46.64],[37.83,46.64],[37.87,46.43],[38.18,46.37],[38.27,46.16],[37.92,45.98],[37.87,45.79],[37.61,45.67],[37.61,45.48],[37.48,45.36],[37.21,45.33],[36.77,45.45],[36.91,45.11],[37.21,45.02],[37.43,44.71],[37.92,44.68],[38.05,44.55],[38.36,44.36],[38.75,44.3],[39.15,44.05],[39.32,43.89],[40.02,43.38],[40.11,43.57],[40.73,43.54],[41.08,43.38],[41.43,43.35],[41.61,43.22],[42.44,43.22],[42.66,43.13],[42.92,43.16],[43.19,42.93],[43.45,42.9],[43.8,42.74],[43.76,42.61],[44.15,42.61],[44.29,42.71],[44.73,42.74],[45.17,42.71],[45.38,42.55],[45.78,42.48],[45.74,42.12],[46.44,41.9],[46.7,41.83],[47.14,41.57],[47.36,41.27],[47.8,41.21],[48.2,41.5],[48.59,41.83],[48.33,41.99],[48.11,42.32],[47.93,42.45],[47.89,42.58],[47.71,42.68],[47.71,42.87],[47.45,43],[47.49,43.48],[47.63,43.8],[47.45,43.83],[47.23,44.21],[47.05,44.33],[46.79,44.36],[46.7,44.65],[47.1,44.93],[47.08,44.96],[47.1,44.93],[47.27,45.24],[47.54,45.52],[47.54,45.64],[47.71,45.64],[48.02,45.42],[48.02,45.61],[48.02,45.64],[48.02,45.61],[48.11,45.61],[48.28,45.7],[48.77,45.64],[48.77,45.88],[49.03,45.91],[49.25,46.04],[49.3,46.28],[48.94,46.43],[48.77,46.55],[48.77,46.67],[48.99,46.73],[48.5,47.42],[48.2,47.69],[47.67,47.75],[47.41,47.84],[47.19,47.75],[47.05,48.01],[47.14,48.28],[46.48,48.42],[46.79,48.94],[47.05,49.12],[46.79,49.35],[46.88,49.83],[47.19,49.94],[47.36,50.09],[47.27,50.28],[47.54,50.45],[47.85,50.34],[48.11,50.09],[48.15,49.97],[48.37,49.83],[48.68,49.89],[48.77,50.09],[48.68,50.53],[49.12,50.76],[49.43,50.84],[49.38,51.09],[49.87,51.14],[50.48,51.42],[50.57,51.64],[50.88,51.69],[51.36,51.64],[51.27,51.47],[51.8,51.5],[51.89,51.69],[52.37,51.69],[52.59,51.47],[53.38,51.5],[53.6,51.36],[53.64,51.23],[54.13,51.12],[54.17,51.01],[54.44,50.84],[54.39,50.62],[54.52,50.53],[54.74,50.62],[54.74,51.03],[55.4,50.65],[55.67,50.56],[56.02,50.67],[56.19,50.9],[56.37,50.9],[56.72,51.06],[57.16,51.09],[57.42,50.9],[57.73,50.92],[57.78,51.14],[58.08,51.06],[58.26,51.14],[58.61,51.06],[58.61,50.87],[58.87,50.7],[59.49,50.65],[59.8,50.53],[59.97,50.76],[60.15,50.84],[60.32,50.67],[60.81,50.65],[61.47,50.81],[61.55,51.23],[61.51,51.42],[61.11,51.45],[60.89,51.56],[60.54,51.61],[60.5,51.77],[60.15,51.91],[60.5,52.15],[61.07,52.34],[60.98,52.5],[60.72,52.66],[61.11,52.98],[61.47,53.03],[61.64,52.95],[61.95,52.95],[62.17,53.06],[61.64,53.22],[61.16,53.32],[61.2,53.56],[61.07,53.72],[61.25,53.79],[61.29,54.08],[61.55,54],[62.34,54.03],[62.7,54.1],[63.09,54.1],[63.31,54.21],[63.71,54.26],[63.88,54.21],[64.1,54.31],[64.45,54.36],[65.11,54.34],[65.24,54.54],[65.55,54.64],[65.82,54.62],[66.39,54.69],[67.31,54.87],[67.57,54.84],[68.23,54.97],[68.19,55.2],[68.63,55.2],[68.8,55.37],[69.07,55.42],[69.2,55.32],[69.77,55.35],[70.21,55.15],[70.47,55.27],[70.78,55.27],[71,55.1],[70.96,54.87],[71.22,54.46],[71.09,54.21],[71.48,54.1],[71.7,54.1],[71.75,54.26],[72.05,54.21],[72.32,54.28],[72.63,54.13],[72.85,54.13],[73.06,53.97],[73.42,53.95],[73.46,53.87],[73.24,53.66],[73.42,53.53],[73.68,53.61],[74.08,53.64],[74.38,53.45],[74.47,53.69],[74.78,53.82],[75.22,53.87],[75.61,54.1],[76.18,54.26],[76.8,54.39],[76.76,54.18],[76.45,54.16],[76.62,53.95],[77.28,53.64],[77.9,53.3],[78.03,53.14],[78.56,52.64],[79.48,51.56],[79.96,50.9],[80.49,50.95],[80.49,51.12],[80.75,51.31],[81.19,51.17],[81.06,50.95],[81.41,50.98],[81.46,50.76],[82.03,50.79],[82.47,50.73],[82.69,50.79],[82.73,50.92],[82.99,50.9],[83.13,51.01],[83.43,51.01],[83.92,50.81],[84.22,50.53],[84.31,50.23],[84.62,50.23],[85.02,50.06],[84.97,49.92],[85.24,49.72],[85.63,49.58],[85.89,49.58],[85.98,49.49],[86.6,49.6],[86.86,49.52],[87.04,49.26],[87.3,49.23],[87.3,49.12],[87.3,49.09],[87.34,49.09],[87.43,49.06],[87.52,49.12],[87.48,49.15],[87.56,49.15],[87.61,49.15],[87.7,49.15],[87.7,49.17],[87.74,49.17],[87.83,49.17],[88.18,49.29],[88.22,49.49],[88.88,49.46],[89.15,49.49],[89.41,49.6],[89.63,49.8],[89.63,49.92],[89.89,49.94],[89.98,50.06],[90.29,50.11],[90.46,50.23],[90.73,50.23],[90.99,50.42],[91.43,50.48],[91.78,50.73],[92.18,50.7],[92.48,50.79],[92.97,50.67],[93.1,50.59],[93.41,50.65],[93.54,50.59],[94.24,50.59],[94.33,50.51],[94.37,50.23],[94.59,50.03],[94.99,50.06],[95.03,49.97],[95.52,49.92],[95.91,50],[96.22,50],[96.4,49.89],[96.57,49.94],[97.01,49.89],[97.23,49.75],[97.49,49.8],[97.58,49.94],[98.06,50.03],[98.28,50.31],[98.33,50.51],[98.15,50.56],[97.85,50.95],[98.02,51.45],[98.24,51.47],[98.24,51.61],[98.77,51.88],[98.86,52.13],[99.21,52.02],[99.82,51.91],[99.91,51.75],[100.57,51.75],[101.36,51.47],[101.54,51.5],[102.15,51.34],[102.11,51.14],[102.24,51.01],[102.19,50.87],[102.33,50.67],[102.55,50.59],[102.63,50.39],[102.9,50.31],[103.16,50.31],[103.25,50.2],[104.13,50.14],[104.39,50.31],[104.7,50.37],[105.14,50.39],[105.36,50.48],[105.97,50.42],[106.19,50.31],[106.81,50.31],[107.16,50],[107.95,49.94],[107.95,49.66],[108.3,49.55],[108.43,49.35],[109.18,49.35],[109.49,49.23],[110.06,49.17],[110.81,49.17],[111.38,49.35],[111.95,49.38],[112.43,49.52],[112.83,49.52],[113.05,49.6],[113.22,49.83],[113.66,50],[113.75,50.09],[114.32,50.28],[114.85,50.23],[115.24,49.97],[115.73,49.89],[116.12,50.03],[116.61,49.94],[116.69,49.86],[117.05,49.69],[117.27,49.63],[117.48,49.63],[117.62,49.58],[117.79,49.52],[117.84,49.55],[117.84,49.52],[117.88,49.52],[117.88,49.55],[117.88,49.6],[117.92,49.6],[117.97,49.6],[118.01,49.63],[118.01,49.6],[118.06,49.6],[118.28,49.75],[118.41,49.8],[118.54,49.89],[118.58,49.92],[118.63,49.94],[118.8,49.97],[118.89,49.97],[118.93,50],[118.98,49.97],[119.07,49.97],[119.15,50.03],[119.2,50.09],[119.24,50.11],[119.29,50.11],[119.29,50.14],[119.33,50.17],[119.33,50.2],[119.37,50.2],[119.33,50.23],[119.33,50.25],[119.33,50.28],[119.33,50.31],[119.37,50.31],[119.37,50.34],[119.33,50.37],[119.24,50.45],[119.24,50.53],[119.29,50.62],[119.37,50.65],[119.37,50.67],[119.42,50.67],[119.46,50.7],[119.46,50.73],[119.51,50.76],[119.51,50.84],[119.51,50.87],[119.51,50.9],[119.55,50.92],[119.59,50.98],[119.64,51.01],[119.68,51.01],[119.68,51.03],[119.73,51.06],[119.77,51.23],[119.81,51.28],[119.86,51.28],[119.86,51.31],[119.86,51.34],[119.9,51.39],[119.95,51.39],[119.99,51.45],[119.99,51.47],[119.99,51.5],[119.99,51.53],[120.03,51.56],[120.03,51.58],[120.08,51.64],[120.16,51.67],[120.21,51.72],[120.25,51.72],[120.25,51.75],[120.38,51.83],[120.47,51.86],[120.47,51.88],[120.52,51.88],[120.56,51.88],[120.56,51.91],[120.65,51.94],[120.65,51.96],[120.69,51.99],[120.78,52.15],[120.74,52.21],[120.74,52.26],[120.69,52.26],[120.6,52.31],[120.6,52.37],[120.65,52.37],[120.65,52.4],[120.69,52.42],[120.69,52.45],[120.69,52.48],[120.69,52.5],[120.69,52.53],[120.74,52.53],[120.69,52.56],[120.47,52.64],[120.43,52.64],[120.38,52.61],[120.16,52.58],[120.08,52.58],[120.03,52.61],[120.03,52.69],[120.08,52.72],[120.03,52.77],[120.16,52.8],[120.21,52.85],[120.25,52.85],[120.3,52.88],[120.3,52.9],[120.34,52.9],[120.34,52.95],[120.82,53.27],[120.91,53.3],[121.09,53.3],[121.13,53.27],[121.22,53.27],[121.26,53.3],[121.31,53.32],[121.4,53.32],[121.44,53.32],[121.48,53.32],[121.53,53.32],[121.88,53.43],[122.41,53.45],[122.89,53.45],[122.93,53.48],[123.02,53.51],[123.24,53.56],[123.28,53.56],[123.37,53.53],[123.46,53.53],[123.5,53.51],[123.9,53.48],[124.21,53.38],[124.3,53.32],[124.34,53.32],[124.34,53.3],[124.38,53.25],[124.43,53.22],[124.47,53.22],[124.51,53.19],[124.87,53.09],[124.91,53.17],[124.95,53.19],[125.09,53.19],[125.17,53.19],[125.22,53.19],[125.48,53.11],[125.48,53.09],[125.48,53.06],[125.61,53.06],[125.7,53.01],[125.74,52.98],[125.83,52.9],[126.05,52.8],[126.1,52.77],[125.96,52.66],[125.96,52.61],[126.01,52.58],[126.32,52.42],[126.32,52.31],[126.32,52.23],[126.32,52.21],[126.36,52.18],[126.54,52.13],[126.45,51.94],[126.71,51.72],[126.84,51.53],[126.8,51.5],[126.8,51.47],[126.8,51.45],[126.8,51.42],[126.89,51.42],[126.93,51.39],[126.93,51.34],[126.98,51.34],[126.98,51.31],[126.93,51.25],[126.93,51.06],[127.15,50.9],[127.19,50.81],[127.28,50.76],[127.28,50.67],[127.33,50.65],[127.33,50.62],[127.37,50.59],[127.37,50.53],[127.33,50.45],[127.33,50.34],[127.59,50.23],[127.59,50.2],[127.59,50.17],[127.59,50.14],[127.55,50.09],[127.5,50.06],[127.5,50],[127.5,49.97],[127.55,49.92],[127.5,49.86],[127.55,49.8],[127.59,49.77],[127.68,49.75],[127.68,49.69],[127.68,49.66],[127.77,49.63],[127.85,49.58],[128.03,49.55],[128.34,49.55],[128.38,49.58],[128.43,49.6],[128.64,49.58],[128.82,49.58],[128.73,49.52],[128.91,49.49],[129,49.46],[129,49.43],[129.08,49.35],[129.13,49.35],[129.22,49.4],[129.35,49.35],[129.74,49.2],[129.79,49.17],[129.87,49.17],[129.83,49.15],[129.83,49.12],[129.87,49.12],[129.92,49.09],[130.01,49],[130.09,48.94],[130.23,48.86],[130.4,48.89],[130.62,48.8],[130.53,48.63],[130.53,48.6],[130.58,48.6],[130.62,48.57],[130.62,48.51],[130.62,48.48],[130.75,48.51],[130.75,48.25],[130.75,48.22],[130.75,48.19],[130.71,48.16],[130.67,48.13],[130.67,48.1],[130.67,48.07],[130.75,48.01],[130.84,47.95],[130.84,47.92],[130.89,47.89],[130.93,47.84],[130.97,47.81],[130.93,47.72],[130.97,47.69],[131.19,47.69],[131.19,47.72],[131.24,47.75],[131.37,47.72],[131.41,47.75],[131.54,47.75],[131.59,47.66],[131.98,47.72],[132.03,47.72],[132.07,47.69],[132.2,47.69],[132.25,47.72],[132.29,47.72],[132.29,47.75],[132.34,47.75],[132.38,47.75],[132.42,47.75],[132.42,47.72],[132.51,47.72],[132.56,47.72],[132.6,47.75],[132.6,47.78],[132.6,47.84],[132.64,47.84],[132.69,47.87],[132.69,47.89],[132.64,47.92],[132.64,47.95],[132.69,47.95],[132.73,47.95],[132.77,47.92],[132.82,47.92],[133.04,48.1],[133.48,48.07],[133.74,48.25],[133.83,48.25],[133.87,48.28],[133.96,48.28],[133.96,48.25],[134.01,48.25],[134.01,48.28],[134.01,48.31],[134.05,48.33],[134.36,48.36],[134.49,48.42],[134.66,48.25],[134.66,48.19],[134.66,48.16],[134.62,48.07],[134.58,48.04],[134.53,48.04],[134.53,47.98],[134.58,47.92],[134.75,47.69],[134.66,47.63],[134.66,47.6],[134.66,47.57],[134.62,47.54],[134.58,47.51],[134.58,47.48],[134.49,47.45],[134.31,47.42],[134.27,47.39],[134.27,47.36],[134.22,47.36],[134.18,47.33],[134.14,47.24],[134.22,47.21],[134.22,47.12],[134.22,47.09],[134.18,47.09],[134.14,47.09],[134.09,47.06],[134.05,46.97],[134.05,46.94],[134.05,46.88],[134.05,46.85],[134.01,46.82],[134.05,46.79],[134.01,46.76],[134.01,46.7],[134.01,46.67],[134.01,46.64],[133.96,46.64],[133.96,46.61],[133.92,46.58],[133.87,46.52],[133.87,46.49],[133.83,46.46],[133.83,46.43],[133.87,46.31],[133.92,46.28],[133.92,46.25],[133.87,46.25],[133.87,46.22],[133.74,46.04],[133.7,46.01],[133.65,45.98],[133.61,45.94],[133.61,45.91],[133.61,45.88],[133.57,45.85],[133.52,45.88],[133.48,45.85],[133.48,45.67],[133.43,45.67],[133.43,45.64],[133.35,45.58],[133.26,45.55],[133.26,45.52],[133.21,45.52],[133.17,45.48],[133.13,45.42],[133.13,45.39],[133.13,45.36],[133.13,45.33],[133.08,45.3],[133.08,45.24],[133.13,45.21],[133.13,45.18],[133.13,45.11],[133.08,45.11],[132.95,45.02],[132.34,45.18],[131.98,45.24],[131.98,45.27],[131.9,45.33],[131.81,45.3],[131.68,45.21],[131.63,45.14],[131.68,45.14],[131.68,45.11],[131.63,45.08],[131.59,45.05],[131.54,45.05],[131.46,44.99],[131.46,44.96],[131.41,44.96],[131.41,44.99],[131.37,44.99],[131.32,44.96],[131.28,44.93],[131.11,44.9],[131.11,44.71],[131.32,44.05],[131.24,44.02],[131.24,43.57],[131.32,43.48],[131.28,43.45],[131.28,43.38],[131.24,43.32],[131.28,43.29],[131.24,43.29],[131.24,43.25],[131.19,43.22],[131.19,43.19],[131.19,43.16],[131.19,43.13],[131.15,43.06],[131.11,43.06],[131.11,43.03],[131.11,43],[131.11,42.97],[131.15,42.97],[131.15,42.93],[131.11,42.9],[131.06,42.9],[131.02,42.93],[131.02,42.87],[130.8,42.87],[130.8,42.84],[130.67,42.84],[130.62,42.84],[130.58,42.81],[130.53,42.77],[130.53,42.71],[130.62,42.64],[130.62,42.61],[130.62,42.58],[130.58,42.55],[130.58,42.48],[130.58,42.45],[130.62,42.42],[130.71,42.29],[130.84,42.48],[130.82,42.66],[130.84,42.64],[130.89,42.64],[130.93,42.61],[131.24,42.68],[131.41,42.97],[131.46,42.97],[131.72,43.19],[131.81,43.32],[131.85,43.32],[131.9,43.06],[132.34,43.32],[132.34,43],[132.42,42.84],[132.73,42.87],[132.99,42.81],[133.04,42.68],[133.65,42.87],[133.74,42.84],[134.22,43.09],[134.66,43.25],[134.97,43.48],[135.19,43.57],[135.24,43.7],[135.45,43.76],[135.45,43.95],[135.63,44.05],[135.63,44.18],[135.98,44.43],[136.2,44.52],[136.33,44.8],[136.77,45.08],[136.86,45.24],[137.26,45.48],[137.7,45.82],[137.78,45.98],[138.09,46.22],[138.18,46.46],[138.35,46.55],[138.35,46.73],[138.49,46.94],[139.06,47.51],[139.32,47.87],[139.54,47.98],[139.67,48.13],[140.16,48.45],[140.16,48.66],[140.29,49],[140.33,49.26],[140.51,49.49],[140.51,49.77],[140.42,49.89],[140.51,50.14],[140.51,50.37],[140.42,50.53],[140.51,50.9],[140.64,50.95],[140.68,51.34],[140.9,51.5],[140.86,51.64],[141.12,51.69],[141.17,51.83],[141.39,51.94],[141.34,52.1],[141.52,52.15],[141.12,52.4],[141.25,52.56],[141.25,53.09],[141.43,53.14],[141.43,53.3],[141.25,53.3],[140.9,53.45],[140.33,53.77],[140.33,53.95],[139.67,54.28],[139.19,54.18],[138.71,54.31],[138.75,53.95],[138.66,53.72],[138.49,53.53],[138.18,53.66],[137.83,53.56],[137.52,53.66],[137.56,53.95],[137.3,54.05],[137.21,53.85],[136.69,53.85],[136.69,54.03],[136.82,54.13],[136.82,54.64],[136.47,54.59],[135.72,54.56],[135.63,54.67],[135.37,54.69],[135.19,54.82],[135.45,55.07],[135.85,55.17],[136.16,55.32],[136.33,55.52],[136.77,55.67],[136.9,55.77],[137.7,56.16],[138.05,56.43],[138.09,56.58],[138.57,56.84],[138.62,56.96],[138.93,57.03],[139.1,57.25],[139.5,57.34],[139.8,57.51],[139.98,57.7],[140.51,57.84],[140.68,58.21],[141.03,58.44],[141.34,58.51],[141.69,58.67],[142.13,59.08],[143.23,59.39],[143.5,59.33],[143.76,59.39],[145.03,59.37],[145.69,59.42],[145.82,59.24],[146.04,59.15],[146.31,59.24],[146.44,59.46],[146.79,59.37],[147.32,59.33],[148.28,59.42],[148.46,59.24],[148.94,59.35],[149.16,59.48],[149.08,59.62],[149.51,59.75],[149.78,59.75],[150.44,59.62],[150.74,59.44],[151.14,59.59],[151.49,59.53],[151.76,59.3],[151.76,59.12],[151.45,59.17],[151.14,59.06],[151.32,58.92],[151.62,58.85],[151.98,58.87],[152.41,59.03],[152.9,58.92],[153.03,59.06],[153.34,59.15],[153.51,59.24],[154.08,59.06],[154.35,59.19],[155.09,59.19],[155.23,59.35],[154.87,59.46],[154.44,59.5],[154.3,59.64],[154.22,59.88],[154.83,60.3],[155.67,60.67],[156.11,61.01],[156.63,61.2],[156.68,61.54],[156.94,61.56],[157.34,61.7],[157.42,61.79],[157.82,61.79],[158.04,61.72],[158.39,61.83],[158.83,61.83],[159,61.91],[159.4,61.87],[159.53,61.66],[159.84,61.72],[160.32,61.93],[160.41,61.77],[160.28,61.56],[159.84,61.26],[160.15,61.03],[160.24,60.73],[160.81,60.73],[161.07,60.97],[161.47,61.11],[161.9,61.37],[162.08,61.41],[162.43,61.68],[162.65,61.62],[163.09,61.6],[163.31,61.72],[162.96,61.81],[163.13,61.99],[163.09,62.18],[163.31,62.55],[164.32,62.69],[164.63,62.69],[164.72,62.46],[164.15,62.28],[164.06,61.68],[163.88,61.64],[163.75,61.43],[164.01,61.31],[163.53,61.01],[163.71,60.86],[163,60.77],[162.7,60.6],[162.26,60.54],[161.9,60.39],[161.95,60.23],[161.47,60.04],[161.25,59.84],[160.89,59.62],[160.5,59.55],[160.41,59.39],[159.84,59.12],[159.75,58.87],[159.22,58.58],[159.14,58.46],[158.65,58.26],[158.17,58],[157.77,58],[157.51,57.81],[156.81,57.77],[156.98,57.58],[156.98,57.41],[156.81,57.15],[156.19,56.79],[156.06,56.77],[155.67,56.02],[155.58,55.45],[155.58,55.02],[155.75,54.36],[156.02,53.59],[156.06,53.25],[156.19,52.72],[156.41,52.37],[156.5,52.05],[156.5,51.45],[156.54,51.28],[156.72,51.2],[156.76,51.01],[156.98,51.09],[157.47,51.36],[157.6,51.53],[157.82,51.58],[158.26,51.94],[158.39,52.23],[158.57,52.29],[158.52,52.56],[158.57,52.82],[158.43,53.01],[158.83,52.98],[159.09,53.11],[159.66,53.25],[159.97,53.11],[160.02,53.27],[159.84,53.45],[159.97,53.59],[159.84,53.85],[159.97,54.13],[160.5,54.44],[160.85,54.56],[161.2,54.59],[161.38,54.49],[161.73,54.51],[162.12,54.84],[161.77,55.22],[161.73,55.5],[161.82,55.7],[162.17,56.14],[162.52,56.21],[162.92,56.02],[163.35,56.19],[163.27,56.67],[162.87,56.7],[162.78,56.84],[162.87,57.03],[162.78,57.37],[163.31,57.74],[162.83,57.91],[162.56,57.93],[162.43,57.77],[162.12,57.84],[161.99,58.14],[162.34,58.6],[162.87,58.92],[162.92,59.1],[163.13,59.28],[163.35,59.28],[163.22,59.57],[163.35,59.73],[163.79,60.01],[164.72,59.99],[164.85,59.79],[165.16,59.93],[165.16,60.1],[165.68,60.25],[165.99,60.43],[166.3,60.47],[166.3,60.15],[166.08,59.84],[166.3,59.82],[166.78,60.12],[167.05,60.34],[167.22,60.34],[168.23,60.58],[169.24,60.56],[169.77,60.39],[169.95,60.08],[170.43,59.97],[170.47,60.21],[170.65,60.41],[171.4,60.62],[171.7,60.84],[171.88,60.82],[172.41,61.01],[172.45,61.14],[173.5,61.54],[173.5,61.72],[173.86,61.66],[174.12,61.79],[174.51,61.81],[175.17,61.99],[175.57,62.16],[176.36,62.32],[176.93,62.53],[177.37,62.57],[178.07,62.53],[178.16,62.48],[179.04,62.34],[179.17,62.48],[179.61,62.63],[179.57,62.85],[179.35,62.89],[179.35,63.19],[178.95,63.36],[178.82,63.54],[178.69,63.97],[178.34,64.31],[177.99,64.2],[177.41,64.48],[177.37,64.75],[176.84,64.6],[176.36,64.71],[176.45,64.8],[176.89,64.84],[177.72,64.69],[178.69,64.62]],[[137.75,71.23],[137.7,71.25],[137.74,71.24],[137.75,71.23]]],[[[180,71.53],[178.91,71.22],[178.64,71.07],[178.86,70.79],[179.61,70.87],[180,70.98],[180,71.53]]]]},"properties":{"ISO_A3":"RUS"}},
{"type":"Feature","geometry":{"type":"Polygon","coordinates":[[[29.04,-2.72],[29.04,-2.59],[29.3,-2.63],[29.35,-2.81],[29.74,-2.81],[29.92,-2.72],[29.92,-2.55],[30.01,-2.33],[30.18,-2.37],[30.45,-2.33],[30.53,-2.42],[30.84,-2.33],[30.89,-2.06],[30.8,-1.93],[30.84,-1.67],[30.75,-1.45],[30.49,-1.19],[30.49,-1.05],[30.36,-1.05],[30.18,-1.36],[29.92,-1.49],[29.88,-1.36],[29.61,-1.41],[29.52,-1.41],[29.26,-1.62],[29.13,-1.84],[29.17,-2.02],[29.13,-2.28],[28.86,-2.42],[28.91,-2.68],[29.04,-2.72]]]},"properties":{"ISO_A3":"RWA"}},
{"type":"Feature","geometry":{"type":"MultiPolygon","coordinates":[[[[41.91,16.97],[41.78,16.89],[41.87,16.76],[41.91,16.97]]],[[[42.79,16.38],[42.92,16.51],[43.06,16.51],[43.23,16.63],[43.19,17.18],[43.32,17.56],[43.5,17.56],[43.67,17.39],[43.98,17.35],[44.24,17.43],[45.21,17.43],[45.38,17.35],[45.91,17.26],[46.35,17.22],[46.75,17.26],[47.01,16.97],[47.19,16.97],[47.45,17.1],[47.58,17.43],[48.2,18.18],[49.12,18.6],[49.6,18.69],[50.35,18.73],[50.79,18.77],[51.27,18.89],[52.02,19.02],[52.63,19.23],[53.16,19.39],[53.47,19.52],[53.95,19.64],[55.01,20.01],[55.05,20.22],[55.23,20.63],[55.27,20.84],[55.67,21.98],[55.53,22.18],[55.23,22.71],[55.14,22.63],[54.48,22.71],[53.21,22.87],[52.59,22.95],[52.46,23.08],[51.98,23.68],[51.58,24.12],[51.58,24.24],[51.45,24.32],[51.27,24.28],[51.4,24.6],[51.36,24.52],[51.01,24.48],[50.83,24.76],[50.75,24.76],[50.57,25.08],[50.53,25.36],[50.39,25.48],[50.35,25.52],[50.22,25.68],[50.22,25.72],[50,25.99],[50.22,26.19],[50.22,26.35],[50.04,26.51],[50,26.82],[49.65,26.98],[49.51,27.17],[49.38,27.17],[49.16,27.41],[49.12,27.52],[48.9,27.6],[48.81,27.68],[48.86,27.83],[48.77,27.99],[48.59,28.11],[48.64,28.22],[48.5,28.34],[48.42,28.53],[47.71,28.53],[47.58,28.69],[47.58,28.88],[47.49,28.99],[46.57,29.11],[46.18,29.07],[45.65,29.11],[45.03,29.19],[44.73,29.19],[44.2,29.57],[43.98,29.76],[43.54,30.06],[43.1,30.41],[42.75,30.63],[42.09,31.12],[41.43,31.39],[40.42,31.95],[39.67,32.06],[39.19,32.17],[39.01,31.98],[38.27,31.84],[37.96,31.72],[36.99,31.5],[37.34,31.2],[37.56,30.94],[37.78,30.75],[38,30.48],[37.65,30.33],[37.52,29.99],[36.77,29.87],[36.47,29.45],[35.98,29.19],[35.67,29.26],[35.46,29.26],[35.15,29.34],[34.97,29.34],[34.84,29.03],[34.8,28.49],[34.66,28.15],[35.06,28.11],[35.46,27.76],[35.59,27.45],[35.81,27.21],[35.81,27.09],[36.03,26.9],[36.07,26.78],[36.25,26.62],[36.33,26.39],[36.55,26.07],[36.69,26.03],[36.69,25.8],[36.99,25.6],[37.12,25.28],[37.26,25.2],[37.26,24.84],[37.17,24.8],[37.48,24.44],[37.56,24.24],[37.7,24.28],[37.92,24.16],[38.14,24.04],[38.49,23.76],[38.79,23.2],[38.79,23],[38.88,22.95],[39.1,22.47],[39.06,22.06],[38.97,21.98],[39.1,21.69],[39.1,21.53],[39.19,21.37],[39.19,21.08],[39.41,20.84],[39.72,20.38],[40.02,20.26],[40.29,20.09],[40.38,20.09],[40.68,19.76],[40.95,19.52],[40.95,19.35],[41.12,18.98],[41.25,18.81],[41.25,18.6],[41.43,18.52],[41.47,18.31],[41.65,18.06],[41.65,17.98],[42.31,17.43],[42.35,17.18],[42.35,17.1],[42.53,17.01],[42.53,16.89],[42.7,16.76],[42.79,16.42],[42.79,16.38]]]]},"properties":{"ISO_A3":"SAU"}},
{"type":"Feature","geometry":{"type":"Polygon","coordinates":[[[22.89,10.92],[23.28,10.49],[23.68,9.88],[23.64,9.58],[23.64,9.27],[23.46,9.14],[23.46,8.97],[23.59,8.88],[23.5,8.71],[24.25,8.71],[24.25,8.67],[24.38,8.8],[24.52,8.84],[24.56,8.88],[24.56,8.93],[24.56,9.01],[24.56,9.06],[24.56,9.1],[24.56,9.14],[24.56,9.19],[24.56,9.23],[24.56,9.27],[24.6,9.4],[24.65,9.4],[24.69,9.45],[24.69,9.49],[24.69,9.53],[24.73,9.58],[24.73,9.75],[24.82,9.79],[24.95,9.92],[25,9.92],[25.04,10.01],[25.04,10.05],[25.04,10.1],[25.09,10.1],[25.09,10.14],[25.04,10.14],[25.04,10.27],[25.17,10.36],[25.35,10.4],[25.44,10.4],[25.48,10.36],[25.53,10.4],[25.75,10.4],[25.79,10.44],[25.83,10.4],[25.88,10.4],[25.92,10.4],[25.92,10.18],[26.01,10.14],[26.1,10.05],[26.1,10.01],[26.23,9.92],[26.23,9.88],[26.32,9.62],[26.36,9.58],[26.4,9.58],[26.54,9.53],[26.71,9.49],[26.76,9.49],[26.84,9.53],[27.02,9.62],[27.15,9.62],[27.24,9.62],[27.5,9.62],[27.77,9.62],[27.9,9.62],[27.85,9.79],[27.85,10.18],[29,10.18],[29.04,9.75],[29.52,9.75],[29.52,10.1],[29.7,10.14],[29.92,10.27],[30.01,10.27],[30.53,9.97],[30.84,9.75],[31.19,9.75],[31.28,9.75],[31.46,9.92],[31.59,10.1],[31.72,10.27],[31.76,10.27],[31.81,10.31],[31.85,10.4],[31.98,10.66],[32.16,10.75],[32.42,11],[32.47,11.05],[32.38,11.18],[32.38,11.69],[32.12,11.95],[32.73,11.95],[32.73,12.25],[32.78,12.25],[33.04,12.21],[33.26,12.17],[33.13,11.61],[33.17,11.39],[33.21,11.09],[33.26,10.92],[33.26,10.79],[33.52,10.66],[33.65,10.44],[33.79,10.36],[33.92,10.18],[33.96,10.1],[34.01,10.05],[34.01,9.92],[33.96,9.79],[33.92,9.75],[33.87,9.66],[33.87,9.49],[34.09,9.49],[34.09,9.58],[34.22,9.88],[34.22,10.05],[34.36,10.27],[34.27,10.53],[34.4,10.66],[34.44,10.83],[34.62,10.92],[34.84,10.7],[34.97,10.96],[35.02,11.18],[34.97,11.35],[35.06,11.44],[35.1,11.82],[35.28,11.95],[35.67,12.64],[36.03,12.72],[36.16,12.68],[36.16,13.02],[36.29,13.37],[36.51,13.84],[36.47,13.96],[36.55,14.26],[36.47,14.73],[36.51,15.24],[36.69,15.75],[36.77,15.83],[36.91,16.21],[36.95,16.47],[36.86,16.55],[36.99,16.76],[36.99,17.1],[37.48,17.14],[37.52,17.35],[37.78,17.39],[38,17.56],[38.27,17.56],[38.36,17.64],[38.44,17.89],[38.57,18.02],[38.4,18.18],[38.09,18.27],[38.09,18.44],[37.74,18.73],[37.52,18.73],[37.39,18.93],[37.34,19.31],[37.26,19.52],[37.26,19.85],[37.21,19.93],[37.21,20.42],[37.26,20.55],[37.17,20.71],[37.12,20.96],[37.21,21.16],[37.04,21.37],[36.91,21.61],[36.86,21.98],[34.22,21.98],[32.99,21.98],[31.33,21.98],[30.27,21.98],[29,21.98],[27.15,21.98],[26.01,21.98],[25,21.98],[25,20.01],[23.99,20.01],[23.99,19.52],[23.99,18.85],[23.99,17.6],[23.99,16.51],[23.99,15.71],[23.86,15.75],[23.5,15.75],[23.11,15.71],[22.98,15.58],[22.98,15.2],[22.93,15.07],[22.76,14.99],[22.67,14.86],[22.71,14.69],[22.45,14.65],[22.45,14.26],[22.58,14.18],[22.45,14.05],[22.19,13.92],[22.1,13.79],[22.23,13.54],[22.27,13.32],[21.92,13.07],[21.83,12.72],[21.97,12.64],[22.19,12.77],[22.41,12.64],[22.41,12.38],[22.49,12.25],[22.49,12.04],[22.63,12.04],[22.54,11.69],[22.67,11.52],[22.93,11.44],[22.98,11.22],[22.89,10.92]]]},"properties":{"ISO_A3":"SDN"}},
{"type":"Feature","geometry":{"type":"Polygon","coordinates":[[[-13.71,12.68],[-13.36,12.64],[-13.05,12.64],[-13.05,12.47],[-12.88,12.51],[-12.74,12.42],[-12.48,12.42],[-12.22,12.34],[-12.13,12.42],[-11.86,12.38],[-11.38,12.42],[-11.43,12.55],[-11.38,12.94],[-11.51,13.11],[-11.64,13.41],[-11.86,13.45],[-12.08,13.71],[-11.95,13.79],[-12,14.18],[-12.08,14.39],[-12.22,14.39],[-12.22,14.56],[-12.13,14.65],[-12.26,14.77],[-12.44,14.86],[-12.48,15.03],[-12.74,15.11],[-12.96,15.37],[-12.96,15.49],[-13.23,15.62],[-13.36,15.92],[-13.36,16.04],[-13.49,16.13],[-13.84,16.13],[-13.97,16.21],[-13.97,16.34],[-14.32,16.63],[-15.07,16.63],[-15.2,16.55],[-15.51,16.51],[-16.3,16.51],[-16.43,16.13],[-16.52,16.04],[-16.52,15.79],[-16.65,15.54],[-17.09,14.94],[-17.31,14.82],[-16.92,14.35],[-16.79,14.13],[-16.79,13.96],[-16.61,13.84],[-16.57,13.84],[-16.61,13.79],[-16.57,13.58],[-16.3,13.58],[-15.47,13.58],[-15.34,13.79],[-15.25,13.75],[-15.07,13.84],[-14.9,13.79],[-14.72,13.62],[-14.54,13.62],[-14.37,13.45],[-13.97,13.58],[-13.8,13.45],[-13.84,13.32],[-14.11,13.24],[-14.37,13.24],[-14.5,13.32],[-14.68,13.32],[-14.76,13.41],[-15.2,13.54],[-15.25,13.37],[-15.82,13.37],[-15.82,13.15],[-16.7,13.15],[-16.74,13.07],[-16.79,12.85],[-16.74,12.55],[-16.61,12.64],[-16.74,12.55],[-16.79,12.42],[-16.65,12.34],[-16.39,12.38],[-16.21,12.47],[-15.91,12.47],[-15.69,12.42],[-15.2,12.68],[-13.71,12.68]]]},"properties":{"ISO_A3":"SEN"}},
{"type":"Feature","geometry":{"type":"MultiPolygon","coordinates":[[[[104,1.41],[104.04,1.41],[104,1.45],[104,1.41]]],[[[104.04,1.36],[104.08,1.41],[104.04,1.45],[104.04,1.41],[104.04,1.36]]],[[[103.64,1.36],[103.73,1.27],[103.82,1.27],[104.04,1.36],[104,1.41],[103.95,1.41],[103.86,1.45],[103.78,1.45],[103.64,1.36]]]]},"properties":{"ISO_A3":"SGP"}},
{"type":"Feature","geometry":{"type":"MultiPolygon","coordinates":[[[[157.47,-7.45],[157.38,-7.32],[157.12,-7.1],[156.94,-6.84],[156.63,-6.66],[156.46,-6.75],[156.76,-7.01],[156.76,-7.06],[157.12,-7.36],[157.29,-7.36],[157.47,-7.45]]],[[[158.48,-7.62],[158.52,-7.67],[158.52,-7.62],[158.48,-7.62]]],[[[156.68,-7.88],[156.81,-7.75],[156.54,-7.58],[156.5,-7.71],[156.68,-7.88]]],[[[159.62,-8.49],[159.84,-8.54],[159.75,-8.27],[159.53,-8.14],[159.36,-7.97],[159.18,-7.97],[158.87,-7.75],[158.74,-7.58],[158.3,-7.49],[158.35,-7.62],[158.48,-7.62],[158.52,-7.62],[158.52,-7.67],[158.83,-7.97],[158.92,-7.97],[159.18,-8.19],[159.4,-8.27],[159.62,-8.49]]],[[[157.07,-8.19],[157.2,-8.32],[157.51,-8.32],[157.56,-8.45],[157.86,-8.58],[157.82,-8.32],[157.6,-8.14],[157.56,-7.97],[157.42,-7.97],[157.29,-8.19],[157.16,-8.19],[157.2,-7.93],[157.03,-7.84],[156.94,-8.06],[157.07,-8.19]]],[[[157.29,-8.71],[157.42,-8.49],[157.2,-8.54],[157.29,-8.71]]],[[[157.86,-8.58],[157.86,-8.71],[158.04,-8.75],[158.13,-8.54],[157.86,-8.58]]],[[[161.38,-9.49],[161.25,-9.32],[161.25,-9.14],[161.03,-8.88],[160.94,-8.84],[160.98,-8.58],[160.81,-8.36],[160.63,-8.36],[160.67,-8.75],[160.76,-8.84],[160.76,-9.01],[161.42,-9.66],[161.38,-9.49]]],[[[160.85,-9.84],[160.59,-9.53],[160.37,-9.4],[160.24,-9.45],[159.93,-9.45],[159.75,-9.27],[159.62,-9.27],[159.58,-9.53],[159.8,-9.79],[160.19,-9.84],[160.32,-9.79],[160.54,-9.92],[160.76,-9.92],[160.85,-9.84]]],[[[162.04,-10.83],[162.26,-10.83],[162.26,-10.7],[162.12,-10.49],[161.69,-10.4],[161.38,-10.18],[161.29,-10.36],[161.51,-10.36],[161.6,-10.57],[161.77,-10.74],[162.04,-10.83]]],[[[160.32,-11.65],[160.1,-11.48],[159.97,-11.56],[160.19,-11.69],[160.32,-11.65]]]]},"properties":{"ISO_A3":"SLB"}},
{"type":"Feature","geometry":{"type":"MultiPolygon","coordinates":[[[[-88.56,13.21],[-88.53,13.24],[-88.58,13.28],[-88.62,13.24],[-88.58,13.22],[-88.56,13.21]]],[[[-88.58,13.2],[-88.53,13.2],[-88.56,13.21],[-88.58,13.2]]],[[[-88.53,13.2],[-88.31,13.15],[-87.92,13.15],[-87.83,13.24],[-87.83,13.41],[-87.7,13.45],[-87.74,13.88],[-88.01,13.88],[-88.09,14.01],[-88.23,14.01],[-88.31,13.88],[-88.84,14.09],[-89.11,14.39],[-89.37,14.43],[-89.59,14.43],[-89.59,14.3],[-89.72,14.13],[-89.9,14.05],[-90.12,13.84],[-90.12,13.75],[-89.94,13.67],[-89.81,13.54],[-89.59,13.49],[-89.28,13.49],[-88.93,13.32],[-88.84,13.24],[-88.58,13.2],[-88.58,13.22],[-88.62,13.24],[-88.58,13.28],[-88.53,13.24],[-88.53,13.2]]]]},"properties":{"ISO_A3":"SLV"}},
{"type":"Feature","geometry":{"type":"Polygon","coordinates":[[[12.43,43.89],[12.52,43.95],[12.48,43.99],[12.43,43.95],[12.43,43.89]]]},"properties":{"ISO_A3":"SMR"}},
{"type":"Feature","geometry":{"type":"Polygon","coordinates":[[[40.99,-0.83],[41.56,-1.58],[41.91,-1.19],[41.96,-1.01],[42.35,-0.61],[42.7,-0.17],[43.19,0.31],[43.36,0.53],[43.54,0.66],[43.67,0.84],[43.93,1.06],[44.24,1.27],[45.03,1.89],[45.96,2.37],[46.88,3.29],[46.92,3.38],[47.54,4],[47.54,4.04],[47.93,4.43],[48.15,4.83],[48.46,5.27],[48.64,5.44],[48.68,5.57],[48.9,5.88],[49.08,6.23],[49.12,6.58],[49.38,7.06],[49.69,7.45],[49.82,7.75],[49.87,7.97],[50.13,8.19],[50.22,8.45],[50.35,8.54],[50.39,8.84],[50.61,9.01],[50.66,9.19],[50.83,9.4],[50.83,9.84],[50.88,9.88],[50.88,10.31],[51.14,10.57],[51.14,11.09],[51.1,11.39],[51.14,11.56],[51.27,11.69],[51.23,11.87],[51.05,11.87],[50.92,11.95],[50.61,11.95],[50.53,11.74],[50.26,11.56],[49.87,11.48],[49.65,11.48],[49.47,11.35],[49.3,11.35],[49.08,11.26],[48.77,11.31],[48.42,11.31],[48.15,11.13],[47.76,11.13],[47.36,11.18],[47.19,11.09],[47.01,10.92],[46.53,10.7],[46.35,10.7],[46.22,10.79],[46.04,10.75],[45.91,10.83],[45.74,10.83],[45.47,10.66],[45.3,10.66],[44.99,10.4],[44.33,10.4],[44.07,10.62],[43.8,10.79],[43.5,11.22],[43.5,11.35],[43.28,11.48],[42.97,11],[42.84,10.79],[42.66,10.62],[42.79,10.49],[42.84,10.23],[42.97,10.14],[43.1,9.88],[43.28,9.84],[43.32,9.62],[43.45,9.4],[43.63,9.36],[43.98,9.01],[44.42,8.88],[44.68,8.75],[45.47,8.54],[46.48,8.19],[46.66,8.1],[47.01,8.01],[48.02,8.01],[46.88,6.88],[45.82,5.83],[45.65,5.62],[45.17,5.13],[44.99,4.92],[44.51,4.92],[44.02,4.96],[43.63,4.87],[43.14,4.65],[42.88,4.3],[42.4,4.17],[42.09,4.17],[41.91,4],[41.78,3.82],[41.69,3.65],[41.47,3.38],[41.34,3.16],[41.17,3.03],[40.99,2.81],[40.99,1.27],[40.99,-0.04],[40.99,-0.83]]]},"properties":{"ISO_A3":"SOM"}},
{"type":"Feature","geometry":{"type":"Polygon","coordinates":[[[21.57,42.25],[21.83,42.32],[22.36,42.32],[22.54,42.38],[22.45,42.55],[22.45,42.77],[22.67,42.87],[22.98,43.13],[22.85,43.32],[22.49,43.51],[22.49,43.67],[22.36,43.76],[22.41,44.02],[22.63,44.05],[22.67,44.21],[22.49,44.43],[22.63,44.62],[22.32,44.68],[22.14,44.46],[22.01,44.65],[21.75,44.65],[21.57,44.77],[21.57,44.9],[21.4,45.02],[21.48,45.21],[21.26,45.24],[20.82,45.48],[20.69,45.79],[20.34,46.01],[20.25,46.13],[19.95,46.19],[19.55,46.19],[19.29,46.01],[18.89,45.91],[18.98,45.73],[18.89,45.61],[18.98,45.36],[19.24,45.24],[19.11,45.11],[19.15,44.93],[19.37,44.9],[19.24,44.58],[19.11,44.49],[19.15,44.27],[19.64,44.02],[19.33,43.89],[19.55,43.67],[19.51,43.57],[19.24,43.54],[19.68,43.19],[20.21,42.97],[20.34,42.84],[20.69,43.09],[21.13,43.13],[21.26,42.9],[21.44,42.87],[21.79,42.64],[21.53,42.35],[21.57,42.25]]]},"properties":{"ISO_A3":"SRB"}},
{"type":"Feature","geometry":{"type":"Polygon","coordinates":[[[6.5,0],[6.76,0.22],[6.72,0.4],[6.59,0.4],[6.46,0.26],[6.5,0]]]},"properties":{"ISO_A3":"STP"}},
{"type":"Feature","geometry":{"type":"Polygon","coordinates":[[[-56.5,1.93],[-56.33,1.93],[-56.11,1.85],[-55.93,1.85],[-55.93,2.11],[-56.11,2.24],[-56.11,2.37],[-55.98,2.42],[-55.93,2.55],[-55.76,2.42],[-55.36,2.42],[-55.36,2.5],[-54.97,2.59],[-54.83,2.42],[-54.35,2.15],[-54.18,2.2],[-54.18,2.33],[-54,2.55],[-54,3.12],[-54.09,3.29],[-54,3.43],[-54,3.65],[-54.31,3.95],[-54.4,4.17],[-54.44,4.43],[-54.44,5.09],[-54,5.53],[-53.96,5.75],[-54.26,5.92],[-54.83,6.01],[-55.1,6.01],[-55.14,5.92],[-55.23,5.88],[-55.49,6.01],[-55.76,6.01],[-55.93,5.92],[-55.93,5.79],[-56.37,5.88],[-56.59,5.97],[-56.94,6.01],[-57.12,5.92],[-57.16,5.62],[-57.25,5.53],[-57.29,5.31],[-57.21,5.13],[-57.34,5.05],[-57.69,5],[-57.87,4.92],[-57.82,4.7],[-57.95,4.43],[-57.95,4.3],[-58.09,4.13],[-58,3.95],[-57.73,3.65],[-57.69,3.43],[-57.29,3.38],[-57.29,3.12],[-57.21,3.07],[-57.21,2.86],[-56.94,2.5],[-56.9,2.28],[-56.5,1.93]]]},"properties":{"ISO_A3":"SUR"}},
{"type":"Feature","geometry":{"type":"Polygon","coordinates":[[[17.18,48.01],[17.27,48.01],[17.7,47.75],[18.63,47.75],[18.8,47.84],[18.76,47.98],[18.94,48.07],[19.42,48.07],[19.68,48.25],[19.95,48.13],[20.34,48.31],[20.65,48.57],[21.09,48.54],[21.53,48.57],[21.75,48.33],[22.14,48.39],[22.14,48.54],[22.36,48.71],[22.36,48.83],[22.54,49.09],[22.05,49.2],[21.83,49.4],[21.35,49.46],[20.96,49.32],[20.69,49.43],[20.34,49.4],[20.08,49.2],[19.81,49.26],[19.55,49.58],[19.24,49.52],[18.98,49.4],[18.85,49.52],[18.54,49.49],[18.5,49.4],[18.14,49.26],[18.06,49.03],[17.53,48.8],[17.18,48.89],[16.96,48.63],[16.87,48.39],[16.96,48.16],[17.09,48.04],[17.18,48.01]]]},"properties":{"ISO_A3":"SVK"}},
{"type":"Feature","geometry":{"type":"MultiPolygon","coordinates":[[[[16.56,46.49],[16.61,46.46],[16.61,46.49],[16.56,46.49]]],[[[13.57,45.48],[13.88,45.42],[14.01,45.48],[14.41,45.48],[14.59,45.64],[14.81,45.45],[15.33,45.45],[15.29,45.76],[15.64,45.82],[15.73,46.04],[15.64,46.22],[15.95,46.28],[16.25,46.43],[16.52,46.49],[16.3,46.88],[16.12,46.88],[15.9,46.7],[15.46,46.64],[14.85,46.61],[14.67,46.43],[14.15,46.43],[14.1,46.49],[13.71,46.52],[13.4,46.25],[13.66,46.19],[13.49,45.98],[13.71,45.79],[13.75,45.61],[13.57,45.48]]]]},"properties":{"ISO_A3":"SVN"}},
{"type":"Feature","geometry":{"type":"MultiPolygon","coordinates":[[[[18.67,59.3],[18.72,59.3],[18.63,59.37],[18.67,59.3]]],[[[17.62,58.92],[17.7,59.06],[17.66,59.08],[17.62,59.03],[17.62,58.97],[17.62,58.92]]],[[[17.84,58.87],[17.88,58.9],[17.84,58.9],[17.84,58.87]]],[[[17.84,58.87],[17.79,58.85],[17.84,58.81],[17.88,58.83],[17.84,58.85],[17.84,58.87]]],[[[11.51,58.26],[11.51,58.21],[11.55,58.23],[11.51,58.26]]],[[[19.02,57.91],[18.72,57.93],[18.1,57.53],[18.19,57.39],[18.14,57.18],[18.32,57.08],[18.89,57.44],[18.8,57.74],[18.98,57.79],[19.07,57.86],[19.02,57.91]]],[[[16.39,56.21],[16.56,56.33],[16.78,56.82],[17.09,57.22],[16.96,57.3],[16.74,56.89],[16.61,56.87],[16.39,56.55],[16.39,56.21]]],[[[11.69,57.7],[11.95,57.58],[11.91,57.39],[12.17,57.3],[12.34,56.94],[12.56,56.84],[12.96,56.55],[12.83,56.29],[12.52,56.24],[12.74,55.94],[13.05,55.7],[12.92,55.55],[13.05,55.37],[13.44,55.35],[13.62,55.42],[14.19,55.37],[14.37,55.52],[14.19,55.7],[14.23,55.87],[14.45,56.04],[14.63,56.02],[14.81,56.16],[15.29,56.11],[15.6,56.19],[15.63,56.18],[15.77,56.14],[15.77,56.11],[16.04,56.24],[16.08,56.43],[16.43,56.77],[16.52,57.06],[16.47,57.3],[16.69,57.46],[16.65,57.56],[16.65,57.58],[16.65,57.6],[16.74,57.72],[16.61,57.93],[16.74,57.98],[16.78,58],[16.78,58.12],[16.74,58.26],[16.83,58.3],[16.78,58.37],[16.61,58.44],[16.96,58.49],[16.91,58.51],[17.09,58.65],[17.57,58.85],[17.62,58.92],[17.62,58.97],[17.62,59.03],[17.66,59.08],[17.7,59.06],[17.84,58.9],[17.88,58.9],[17.84,58.85],[17.97,58.94],[18.06,59.06],[18.45,59.17],[18.36,59.28],[18.41,59.28],[18.58,59.26],[18.72,59.28],[18.72,59.3],[18.67,59.3],[18.63,59.37],[18.45,59.39],[18.54,59.53],[18.58,59.55],[18.98,59.77],[18.89,59.77],[18.94,59.82],[18.89,59.77],[18.98,59.77],[19.07,59.9],[18.8,60.1],[18.5,60.17],[18.45,60.23],[18.54,60.19],[18.28,60.36],[18.01,60.49],[18.01,60.6],[17.31,60.69],[17.18,60.92],[17.13,61.62],[17.35,61.68],[17.35,61.95],[17.53,62.2],[17.66,62.22],[17.53,62.38],[17.66,62.42],[18.06,62.61],[17.97,62.81],[18.14,62.77],[18.5,62.95],[18.63,63.19],[18.89,63.27],[19.33,63.46],[19.64,63.44],[19.86,63.6],[20.3,63.76],[20.34,63.7],[20.78,63.87],[20.96,64.14],[21.48,64.37],[21.48,64.5],[21.48,64.54],[21.13,64.77],[21.22,64.88],[21.48,65.03],[21.66,65.29],[21.62,65.34],[21.53,65.34],[21.62,65.34],[22.32,65.56],[22.36,65.87],[23.11,65.74],[24.16,65.85],[23.94,66.12],[23.68,66.22],[23.64,66.45],[23.9,66.58],[23.99,66.79],[23.55,67.16],[23.77,67.43],[23.37,67.49],[23.46,68.02],[23.15,68.25],[22.8,68.39],[22.01,68.51],[20.56,69.06],[20.08,69.05],[20.34,68.81],[19.95,68.57],[20.21,68.49],[19.9,68.36],[18.98,68.52],[18.14,68.54],[18.14,68.2],[17.88,67.97],[17.27,68.12],[16.74,67.9],[16.43,67.54],[16.08,67.43],[16.39,67.2],[16.39,67.04],[16.04,66.91],[15.64,66.59],[15.38,66.49],[15.46,66.28],[15.02,66.15],[14.5,66.14],[14.63,65.81],[14.54,65.71],[14.5,65.3],[13.66,64.58],[14.1,64.48],[14.15,64.2],[13.97,64.01],[13.27,64.08],[12.92,64.07],[12.17,63.6],[12.21,63.48],[11.99,63.27],[12.21,63.01],[12.08,62.91],[12.04,62.61],[12.3,62.26],[12.12,61.72],[12.56,61.58],[12.87,61.35],[12.65,61.05],[12.21,61.01],[12.61,60.52],[12.52,60.1],[12.34,59.97],[11.86,59.84],[11.95,59.73],[11.69,59.59],[11.82,59.35],[11.77,59.08],[11.47,58.99],[11.42,59.03],[11.38,59.1],[11.33,59.12],[11.25,59.1],[11.16,58.9],[11.29,58.65],[11.27,58.44],[11.29,58.35],[11.4,58.39],[11.44,58.44],[11.4,58.39],[11.6,58.42],[11.64,58.39],[11.51,58.26],[11.55,58.23],[11.64,58.26],[11.69,58.28],[11.64,58.26],[11.51,58.21],[11.51,58.09],[11.82,58.09],[11.69,57.7]]]]},"properties":{"ISO_A3":"SWE"}},
{"type":"Feature","geometry":{"type":"Polygon","coordinates":[[[31.98,-25.95],[31.85,-25.99],[31.5,-25.75],[31.33,-25.75],[31.11,-25.91],[30.97,-26.27],[30.8,-26.43],[30.84,-26.82],[30.97,-26.9],[30.97,-27.05],[31.15,-27.21],[31.5,-27.33],[31.98,-27.33],[31.98,-26.94],[32.12,-26.82],[32.12,-26.54],[32.07,-26.31],[32.12,-26.15],[31.98,-25.95]]]},"properties":{"ISO_A3":"SWZ"}},
{"type":"Feature","geometry":{"type":"Polygon","coordinates":[[[55.53,-4.83],[55.53,-4.7],[55.45,-4.61],[55.4,-4.65],[55.53,-4.83]]]},"properties":{"ISO_A3":"SYC"}},
{"type":"Feature","geometry":{"type":"Polygon","coordinates":[[[42.35,37.12],[42.18,37.29],[41.96,37.15],[41.56,37.08],[41.12,37.08],[40.68,37.12],[40.29,36.91],[39.72,36.73],[39.37,36.7],[38.75,36.7],[38.4,36.91],[38.18,36.91],[37.78,36.73],[37.39,36.66],[37.04,36.66],[36.99,36.77],[36.64,36.8],[36.55,36.45],[36.64,36.2],[36.38,36.24],[36.38,36.03],[36.11,35.88],[35.94,35.92],[35.81,35.81],[35.81,35.49],[35.94,35.35],[35.89,34.92],[35.98,34.63],[36.47,34.63],[36.6,34.3],[36.6,34.16],[36.33,33.97],[36.25,33.83],[36.07,33.83],[35.94,33.68],[35.94,33.54],[35.76,33.32],[35.85,33.21],[35.81,32.76],[35.94,32.73],[36.03,32.58],[36.33,32.47],[36.42,32.36],[36.86,32.32],[36.99,32.43],[37.34,32.54],[37.56,32.73],[38.31,33.13],[38.44,33.17],[38.79,33.39],[39.28,33.61],[39.8,33.9],[40.64,34.3],[40.99,34.41],[41.21,34.77],[41.21,35.28],[41.39,35.63],[41.39,35.85],[41.25,36.06],[41.3,36.34],[41.39,36.52],[41.83,36.59],[42.35,37.05],[42.35,37.12]]]},"properties":{"ISO_A3":"SYR"}},
{"type":"Feature","geometry":{"type":"Polygon","coordinates":[[[14.98,23],[15.07,22.71],[15.07,22.55],[15.2,21.98],[15.2,21.49],[15.29,21.45],[15.51,20.96],[15.42,20.88],[15.68,20.51],[15.99,20.34],[15.77,20.01],[15.68,19.6],[15.68,19.31],[15.6,18.89],[15.6,18.27],[15.55,18.02],[15.55,16.76],[15.42,16.63],[14.98,16.3],[14.37,15.75],[14.15,15.45],[14.01,15.2],[13.79,14.9],[13.79,14.73],[13.66,14.65],[13.66,14.52],[13.49,14.48],[13.62,13.71],[13.75,13.58],[14.1,13.07],[14.45,13.07],[14.54,12.98],[14.54,12.77],[14.85,12.64],[14.89,12.17],[15.07,12.08],[15.07,10.83],[15.16,10.53],[15.29,10.31],[15.55,10.05],[15.42,9.92],[15.24,10.01],[14.81,9.92],[14.5,10.01],[14.23,10.01],[14.19,9.88],[14.01,9.75],[14.1,9.53],[14.37,9.27],[14.37,9.19],[14.98,8.67],[15.11,8.67],[15.24,8.45],[15.42,7.93],[15.6,7.62],[15.51,7.54],[15.73,7.54],[15.77,7.45],[15.99,7.49],[16.04,7.58],[16.3,7.62],[16.56,7.84],[16.78,7.54],[17.05,7.62],[17.31,7.84],[17.66,7.97],[17.92,7.97],[18.63,8.06],[18.67,8.23],[19.07,8.58],[18.89,8.93],[19.02,9.01],[19.55,9.01],[19.59,9.06],[19.9,9.06],[20.03,9.14],[20.47,9.14],[20.52,9.32],[20.78,9.4],[21,9.62],[21,9.75],[21.4,9.97],[21.53,10.23],[21.75,10.31],[21.75,10.66],[21.79,10.79],[22.01,10.92],[22.27,10.92],[22.45,11],[22.71,11],[22.89,10.92],[22.98,11.22],[22.93,11.44],[22.67,11.52],[22.54,11.69],[22.63,12.04],[22.49,12.04],[22.49,12.25],[22.41,12.38],[22.41,12.64],[22.19,12.77],[21.97,12.64],[21.83,12.72],[21.92,13.07],[22.27,13.32],[22.23,13.54],[22.1,13.79],[22.19,13.92],[22.45,14.05],[22.58,14.18],[22.45,14.26],[22.45,14.65],[22.71,14.69],[22.67,14.86],[22.76,14.99],[22.93,15.07],[22.98,15.2],[22.98,15.58],[23.11,15.71],[23.5,15.75],[23.86,15.75],[23.99,15.71],[23.99,16.51],[23.99,17.6],[23.99,18.85],[23.99,19.52],[23.5,19.76],[22.54,20.26],[22.36,20.38],[21.79,20.63],[21.31,20.92],[21,21.04],[20.56,21.29],[20.03,21.53],[19.07,22.02],[18.28,22.39],[18.06,22.51],[17.27,22.87],[16.78,23.12],[16.52,23.2],[15.99,23.44],[15.73,23.36],[14.98,23]]]},"properties":{"ISO_A3":"TCD"}},
{"type":"Feature","geometry":{"type":"Polygon","coordinates":[[[1.18,6.1],[1.62,6.23],[1.76,6.27],[1.8,6.27],[1.76,6.49],[1.58,6.71],[1.62,7.01],[1.62,8.45],[1.62,9.06],[1.4,9.32],[1.36,9.49],[1.36,10.01],[1.1,10.14],[0.79,10.4],[0.79,10.75],[0.88,10.79],[0.92,11],[0.53,10.96],[0.26,11.05],[0,11.09],[0,10.83],[-0.05,10.62],[0.13,10.53],[0.35,10.27],[0.35,9.66],[0.22,9.58],[0.22,9.45],[0.48,9.49],[0.57,9.4],[0.48,8.97],[0.53,8.88],[0.39,8.75],[0.75,8.28],[0.61,8.23],[0.61,7.71],[0.53,7.62],[0.53,7.41],[0.66,7.41],[0.61,7.19],[0.57,6.75],[0.66,6.75],[0.7,6.49],[0.88,6.4],[1.18,6.1]]]},"properties":{"ISO_A3":"TGO"}},
{"type":"Feature","geometry":{"type":"Polygon","coordinates":[[[100.13,6.45],[100.17,6.71],[100.31,6.71],[100.35,6.53],[100.61,6.45],[100.83,6.45],[100.88,6.27],[101.1,6.27],[101.1,5.92],[101.01,5.79],[101.23,5.66],[101.32,5.83],[101.62,5.92],[101.67,5.79],[101.84,5.75],[101.93,5.97],[102.11,6.14],[102.11,6.23],[101.8,6.45],[101.54,6.88],[101.1,6.88],[101.01,6.84],[100.79,6.97],[100.53,7.27],[100.39,7.62],[100.31,7.97],[100.31,8.23],[100.17,8.49],[100.09,8.45],[99.95,8.62],[99.91,9.1],[99.82,9.32],[99.65,9.32],[99.47,9.19],[99.25,9.23],[99.3,9.4],[99.16,9.66],[99.16,10.36],[99.38,10.7],[99.56,11.22],[99.56,11.35],[99.73,11.69],[99.82,11.74],[99.82,11.95],[100,12.17],[100,12.51],[99.95,12.77],[100.09,13.02],[99.95,13.24],[100.13,13.45],[100.26,13.49],[100.7,13.49],[100.96,13.45],[100.88,13.11],[100.88,12.85],[100.83,12.72],[101.01,12.64],[101.23,12.68],[101.62,12.64],[101.76,12.72],[101.98,12.55],[102.28,12.25],[102.46,12.12],[102.59,12.21],[102.77,12.04],[102.72,12.38],[102.77,12.47],[102.5,12.68],[102.5,13.02],[102.37,13.2],[102.37,13.58],[102.77,13.84],[102.77,13.92],[103.16,14.35],[103.43,14.35],[103.56,14.43],[103.78,14.35],[104.17,14.35],[104.7,14.43],[104.88,14.43],[105.14,14.22],[105.23,14.35],[105.4,14.39],[105.53,14.52],[105.53,14.86],[105.58,15.03],[105.49,15.11],[105.49,15.32],[105.62,15.49],[105.62,15.71],[105.45,15.75],[105.36,15.87],[105.36,16.04],[105.05,16.09],[105.01,16.25],[104.74,16.51],[104.74,17.05],[104.79,17.1],[104.79,17.43],[104.61,17.6],[104.48,17.64],[104.35,17.85],[104.08,18.14],[104,18.31],[103.69,18.35],[103.56,18.44],[103.29,18.44],[103.25,18.27],[102.77,17.89],[102.46,17.98],[102.06,18.18],[101.93,18.02],[101.76,18.06],[101.36,17.64],[101.1,17.47],[101.01,17.64],[101.01,17.89],[101.18,18.06],[101.14,18.35],[101.05,18.44],[101.27,18.69],[101.27,19.23],[101.18,19.39],[101.27,19.6],[100.88,19.64],[100.79,19.52],[100.53,19.52],[100.44,19.64],[100.44,19.85],[100.57,20.01],[100.53,20.14],[100.35,20.38],[100.09,20.38],[99.87,20.42],[99.82,20.34],[99.51,20.34],[99.56,20.14],[99.03,20.05],[98.99,19.76],[98.68,19.76],[98.46,19.68],[98.24,19.68],[98.02,19.8],[97.98,19.6],[97.8,19.39],[97.85,19.1],[97.76,19.06],[97.76,18.56],[97.45,18.52],[97.41,18.39],[97.63,18.31],[97.71,18.02],[97.67,17.85],[97.8,17.68],[98.11,17.39],[98.33,17.05],[98.5,16.97],[98.5,16.63],[98.59,16.59],[98.72,16.34],[98.9,16.42],[98.86,16.13],[98.68,16.13],[98.59,16],[98.55,15.62],[98.59,15.45],[98.37,15.28],[98.2,15.24],[98.2,14.99],[98.28,14.73],[98.5,14.52],[98.59,14.35],[98.77,14.22],[99.12,13.88],[99.21,13.54],[99.21,13.2],[99.12,13.02],[99.21,12.81],[99.43,12.6],[99.47,12.12],[99.6,11.99],[99.65,11.82],[99.6,11.65],[99.47,11.61],[99.38,11.39],[99.08,10.96],[98.77,10.66],[98.81,10.49],[98.55,9.97],[98.55,9.66],[98.46,9.62],[98.42,9.4],[98.33,9.23],[98.24,9.14],[98.24,8.41],[98.28,8.32],[98.28,7.75],[98.37,7.84],[98.42,7.88],[98.46,8.36],[98.77,8.19],[98.72,8.06],[98.9,8.01],[99.03,7.88],[99.03,7.84],[99.12,7.71],[99.3,7.62],[99.34,7.36],[99.69,7.06],[99.69,6.88],[99.78,6.84],[100.13,6.45]]]},"properties":{"ISO_A3":"THA"}},
{"type":"Feature","geometry":{"type":"Polygon","coordinates":[[[68.89,37.29],[69.11,37.22],[69.24,37.08],[69.42,37.22],[69.37,37.43],[69.51,37.57],[69.95,37.61],[70.17,37.54],[70.3,37.64],[70.3,37.82],[70.17,37.89],[70.52,38.13],[70.65,38.34],[70.96,38.44],[71.35,38.3],[71.26,37.92],[71.48,37.96],[71.62,37.82],[71.48,37.54],[71.44,37.01],[71.66,36.66],[71.83,36.66],[72.27,36.98],[72.67,37.01],[72.76,37.19],[73.06,37.29],[73.28,37.47],[73.77,37.43],[73.72,37.22],[74.21,37.33],[74.25,37.4],[74.69,37.4],[74.82,37.36],[74.82,37.33],[74.87,37.29],[74.87,37.26],[74.91,37.22],[74.91,37.26],[74.95,37.29],[75.04,37.29],[75.13,37.4],[74.91,37.57],[74.95,37.61],[74.91,37.61],[74.91,37.64],[74.91,37.68],[74.95,37.75],[75,37.75],[75,37.78],[75,37.82],[74.95,37.82],[74.91,37.82],[74.91,37.85],[74.95,37.89],[74.91,37.89],[74.91,38.02],[74.82,38.09],[74.69,38.23],[74.69,38.37],[74.65,38.37],[74.69,38.4],[74.69,38.44],[74.65,38.44],[74.6,38.44],[74.51,38.47],[74.3,38.61],[74.21,38.65],[74.12,38.65],[74.08,38.61],[74.08,38.58],[74.08,38.54],[74.03,38.54],[73.99,38.51],[73.99,38.54],[73.94,38.54],[73.9,38.58],[73.81,38.61],[73.81,38.68],[73.77,38.68],[73.77,38.71],[73.72,38.75],[73.77,38.75],[73.77,38.78],[73.72,38.85],[73.68,38.89],[73.72,38.89],[73.72,38.92],[73.77,38.95],[73.81,38.92],[73.86,38.95],[73.86,39.02],[73.81,39.02],[73.81,39.06],[73.77,39.06],[73.77,39.02],[73.72,39.02],[73.72,39.06],[73.72,39.09],[73.72,39.12],[73.64,39.23],[73.59,39.46],[73.24,39.36],[72.8,39.36],[72.71,39.4],[72.32,39.33],[72.27,39.23],[71.83,39.29],[71.79,39.46],[71.35,39.53],[71.13,39.5],[71.04,39.4],[70.78,39.4],[70.65,39.6],[70.25,39.57],[69.73,39.6],[69.37,39.57],[69.29,39.84],[69.51,40.07],[69.73,40.14],[70.12,40.17],[70.3,40.14],[70.65,39.97],[70.91,40.21],[70.87,40.21],[70.56,40.24],[70.43,40.47],[70.69,40.67],[70.74,40.81],[70.47,41.04],[70.38,40.91],[70.08,40.74],[69.68,40.64],[69.46,40.81],[69.33,40.71],[69.29,40.27],[68.76,40.21],[68.93,39.97],[68.85,39.84],[68.63,39.84],[68.63,39.63],[68.54,39.53],[67.88,39.6],[67.79,39.67],[67.4,39.53],[67.49,39.33],[67.75,39.02],[68.1,39.02],[68.19,38.82],[68.06,38.61],[68.14,38.4],[68.41,38.2],[68.28,37.92],[68.14,37.92],[68.06,37.75],[67.88,37.57],[67.79,37.19],[67.79,37.08],[68.01,36.94],[68.28,37.01],[68.28,37.12],[68.54,37.15],[68.67,37.26],[68.89,37.29]]]},"properties":{"ISO_A3":"TJK"}},
{"type":"Feature","geometry":{"type":"Polygon","coordinates":[[[61.29,35.6],[61.6,35.42],[62.04,35.46],[62.26,35.31],[62.74,35.24],[63.14,35.49],[63.09,35.63],[63.27,35.67],[63.14,35.85],[63.49,35.88],[63.97,36.03],[64.15,36.17],[64.32,36.17],[64.59,36.34],[64.63,36.66],[64.8,36.91],[64.76,37.12],[65.11,37.26],[65.55,37.22],[65.68,37.54],[66.04,37.47],[66.17,37.36],[66.52,37.33],[66.56,37.85],[66.61,38.02],[66.39,38.02],[66.25,38.16],[65.95,38.27],[65.64,38.27],[65.16,38.51],[64.32,38.99],[64.19,38.95],[63.71,39.23],[63.44,39.43],[63.14,39.57],[62.43,40],[62.34,40.44],[62.12,40.54],[61.99,40.81],[61.91,41.11],[61.47,41.3],[61.33,41.14],[61.07,41.24],[60.67,41.27],[60.5,41.21],[60.06,41.44],[60.19,41.8],[59.93,42.32],[59.44,42.29],[59.14,42.51],[59.01,42.51],[58.65,42.77],[58.61,42.64],[58.26,42.68],[58.38,42.42],[58.39,42.38],[58.38,42.42],[58.04,42.51],[57.95,42.42],[57.86,42.16],[57.64,42.12],[57.34,42.16],[57.16,41.96],[56.98,41.9],[56.98,41.63],[57.07,41.24],[56.59,41.3],[56.02,41.3],[55.89,41.34],[55.49,41.24],[55.09,41.6],[54.96,41.9],[54.79,42.06],[54.22,42.38],[53.56,42.29],[52.99,42.12],[52.46,41.77],[52.55,41.54],[52.81,41.37],[52.9,41.54],[52.85,41.77],[52.94,41.96],[53.16,42.09],[53.82,42.12],[54.04,41.73],[54.04,41.54],[54.35,41.3],[54.7,41.11],[54.74,40.91],[54.57,40.81],[54.39,40.91],[54,40.64],[53.78,40.64],[53.64,40.77],[53.12,40.77],[52.94,41.01],[52.85,40.67],[52.72,40.47],[52.72,40.07],[52.9,39.94],[53.38,40.04],[53.47,39.73],[53.64,39.63],[53.51,39.5],[53.25,39.63],[53.12,39.4],[53.56,39.33],[53.6,39.23],[53.69,39.19],[54,38.95],[53.82,38.58],[53.86,38.44],[53.82,37.75],[53.95,37.33],[54.26,37.33],[54.48,37.43],[54.66,37.43],[54.83,37.57],[54.79,37.68],[55.14,37.96],[55.45,38.09],[56.19,38.09],[56.37,38.13],[56.41,38.27],[56.76,38.27],[56.9,38.2],[57.25,38.27],[57.47,37.92],[57.91,37.89],[58.21,37.68],[58.35,37.64],[58.92,37.64],[59.22,37.5],[59.4,37.5],[59.4,37.29],[59.53,37.12],[60.02,37.05],[60.37,36.63],[61.16,36.63],[61.16,36.31],[61.29,35.6]]]},"properties":{"ISO_A3":"TKM"}},
{"type":"Feature","geometry":{"type":"MultiPolygon","coordinates":[[[[125.09,-9.45],[125.35,-9.27],[125.79,-9.14],[125.96,-9.14],[126.14,-8.97],[126.49,-8.93],[126.67,-8.75],[126.89,-8.75],[127.19,-8.49],[127.24,-8.36],[126.93,-8.32],[126.84,-8.4],[126.27,-8.49],[125.79,-8.49],[125.48,-8.54],[125.31,-8.62],[125.13,-8.62],[125.09,-8.84],[124.95,-8.97],[125.13,-8.97],[125.17,-9.19],[125,-9.19],[125.09,-9.45]]],[[[124.03,-9.32],[124.08,-9.4],[124.3,-9.4],[124.47,-9.32],[124.47,-9.19],[124.3,-9.19],[124.03,-9.32]]]]},"properties":{"ISO_A3":"TLS"}},
{"type":"Feature","geometry":{"type":"Polygon","coordinates":[[[-175.22,-21.2],[-175.13,-21.28],[-175.09,-21.16],[-175.18,-21.16],[-175.22,-21.2]]]},"properties":{"ISO_A3":"TON"}},
{"type":"Feature","geometry":{"type":"Polygon","coordinates":[[[-61.82,10.1],[-61.64,10.05],[-61.16,10.05],[-60.99,10.14],[-61.03,10.7],[-61.16,10.83],[-61.64,10.75],[-61.47,10.57],[-61.6,10.27],[-61.82,10.1]]]},"properties":{"ISO_A3":"TTO"}},
{"type":"Feature","geometry":{"type":"Polygon","coordinates":[[[9.58,30.22],[9.93,30.37],[10.28,30.78],[10.28,31.12],[10.19,31.27],[10.15,31.5],[10.28,31.69],[10.46,31.72],[10.63,31.98],[10.81,31.98],[10.85,32.1],[11.16,32.28],[11.6,32.43],[11.51,32.69],[11.51,33.06],[11.55,33.17],[11.16,33.21],[11.16,33.32],[11.11,33.57],[10.76,33.46],[10.72,33.68],[10.89,33.68],[11.07,33.83],[10.76,33.9],[10.72,33.72],[10.46,33.65],[10.15,33.87],[10.02,34.05],[10.06,34.27],[10.63,34.63],[10.94,34.88],[10.94,34.99],[11.11,35.24],[11.03,35.31],[11.03,35.6],[10.85,35.67],[10.85,35.78],[10.63,35.81],[10.54,35.99],[10.46,36.2],[10.54,36.38],[10.81,36.45],[10.94,36.7],[11.11,36.84],[11.07,37.05],[10.89,37.01],[10.54,36.77],[10.32,36.73],[10.32,36.91],[10.19,36.98],[10.24,37.15],[9.88,37.33],[9.18,37.22],[8.79,36.94],[8.65,36.94],[8.7,36.84],[8.26,36.52],[8.39,36.42],[8.35,36.13],[8.26,35.95],[8.26,35.71],[8.39,35.49],[8.3,35.31],[8.43,35.2],[8.3,35.02],[8.26,34.63],[7.86,34.41],[7.82,34.23],[7.64,34.19],[7.51,34.05],[7.56,33.72],[7.73,33.43],[7.78,33.24],[8.08,33.06],[8.3,32.84],[8.35,32.5],[9.09,32.1],[9.44,30.71],[9.58,30.22]]]},"properties":{"ISO_A3":"TUN"}},
{"type":"Feature","geometry":{"type":"Polygon","coordinates":[[[35.94,35.92],[36.11,35.88],[36.38,36.03],[36.38,36.24],[36.64,36.2],[36.55,36.45],[36.64,36.8],[36.99,36.77],[37.04,36.66],[37.39,36.66],[37.78,36.73],[38.18,36.91],[38.4,36.91],[38.75,36.7],[39.37,36.7],[39.72,36.73],[40.29,36.91],[40.68,37.12],[41.12,37.08],[41.56,37.08],[41.96,37.15],[42.18,37.29],[42.35,37.12],[42.62,37.19],[42.79,37.36],[43.36,37.33],[43.58,37.22],[43.93,37.22],[44.02,37.33],[44.24,37.29],[44.29,37.15],[44.77,37.15],[44.81,37.29],[44.59,37.43],[44.59,37.68],[44.24,37.96],[44.51,38.37],[44.33,38.37],[44.29,38.78],[44.2,38.89],[44.2,39.16],[44.07,39.26],[44.07,39.4],[44.42,39.4],[44.46,39.7],[44.59,39.77],[44.81,39.63],[44.77,39.7],[44.64,39.84],[44.33,40.04],[43.72,40.07],[43.63,40.37],[43.63,40.57],[43.76,40.74],[43.67,40.94],[43.45,41.04],[43.5,41.14],[42.84,41.47],[42.84,41.6],[42.62,41.6],[42.53,41.44],[42.27,41.5],[41.91,41.5],[41.83,41.44],[41.56,41.54],[41.39,41.37],[41.08,41.21],[40.82,41.17],[40.6,41.04],[40.38,41.04],[40.2,40.91],[40.02,40.97],[39.59,41.01],[39.41,41.11],[39.28,41.04],[38.93,41.04],[38.36,40.91],[37.87,40.97],[37.78,41.07],[37.48,41.04],[37.3,41.14],[37.12,41.14],[36.86,41.34],[36.64,41.37],[36.51,41.24],[36.33,41.27],[36.11,41.47],[36.11,41.63],[35.98,41.73],[35.63,41.63],[35.32,41.7],[35.1,41.9],[35.1,42.03],[34.93,42.09],[34.84,41.96],[33.83,41.96],[33.35,42.03],[32.91,41.86],[32.47,41.8],[32.16,41.6],[31.68,41.4],[31.41,41.34],[31.41,41.21],[31.11,41.07],[30.75,41.07],[30.27,41.21],[30.18,41.14],[29.52,41.17],[29.3,41.24],[29.13,41.21],[29.08,41.17],[29.08,41.11],[29.08,41.17],[29.13,41.21],[28.82,41.27],[28.38,41.44],[28.07,41.67],[27.99,41.8],[28.03,41.99],[27.55,41.93],[27.28,42.09],[27.02,42.09],[26.98,41.99],[26.62,41.96],[26.54,41.83],[26.32,41.73],[26.49,41.67],[26.62,41.5],[26.62,41.34],[26.32,41.24],[26.32,40.94],[26.05,40.74],[26.05,40.61],[26.58,40.61],[26.32,40.34],[26.4,40.21],[26.62,40.41],[27.15,40.61],[27.46,40.84],[27.5,40.97],[27.99,41.01],[28.12,41.07],[28.47,41.04],[28.56,40.97],[29,41.01],[29.26,40.81],[29.79,40.74],[29.88,40.74],[29.79,40.74],[29.35,40.71],[29.26,40.64],[28.95,40.64],[28.86,40.47],[28.56,40.37],[28.16,40.41],[27.9,40.37],[27.5,40.31],[27.28,40.47],[27.02,40.37],[26.76,40.41],[26.54,40.21],[26.4,40.21],[26.32,40],[26.14,39.94],[26.1,39.5],[26.62,39.57],[26.93,39.5],[26.67,39.33],[27.06,38.89],[26.71,38.65],[26.98,38.44],[26.76,38.37],[26.62,38.47],[26.49,38.68],[26.36,38.54],[26.49,38.4],[26.32,38.34],[26.49,38.16],[26.84,38.16],[27.24,37.99],[27.28,37.78],[27.11,37.64],[27.28,37.36],[27.37,37.36],[27.46,37.29],[27.59,37.26],[27.5,36.98],[28.07,37.01],[28.03,36.84],[27.72,36.77],[28.07,36.73],[28.03,36.7],[28.12,36.59],[28.29,36.8],[28.65,36.8],[28.86,36.63],[29,36.73],[29.13,36.56],[29.13,36.34],[29.3,36.24],[29.61,36.17],[29.79,36.13],[30.14,36.31],[30.49,36.27],[30.49,36.45],[30.58,36.59],[30.58,36.8],[30.75,36.84],[31.19,36.84],[31.54,36.73],[31.76,36.59],[32.03,36.52],[32.2,36.34],[32.51,36.1],[32.69,36.03],[33.13,36.13],[33.57,36.13],[33.83,36.31],[34.09,36.31],[34.09,36.42],[34.62,36.8],[34.84,36.8],[35.32,36.56],[35.63,36.59],[35.67,36.77],[35.81,36.77],[35.98,36.91],[36.16,36.87],[36.2,36.59],[36.07,36.56],[35.76,36.31],[35.98,36.03],[35.94,35.92]]]},"properties":{"ISO_A3":"TUR"}},
{"type":"Feature","geometry":{"type":"Polygon","coordinates":[[[178.69,-7.45],[178.64,-7.45],[178.69,-7.49],[178.69,-7.45]]]},"properties":{"ISO_A3":"TUV"}},
{"type":"Feature","geometry":{"type":"MultiPolygon","coordinates":[[[[39.63,-5.48],[39.76,-5.44],[39.85,-5.26],[39.89,-5],[39.67,-4.87],[39.72,-5.22],[39.63,-5.48]]],[[[39.5,-6.49],[39.59,-6.4],[39.54,-6.18],[39.41,-6.14],[39.37,-5.79],[39.19,-5.92],[39.19,-6.23],[39.28,-6.23],[39.5,-6.49]]],[[[39.63,-8.01],[39.85,-7.93],[39.89,-7.67],[39.63,-7.93],[39.63,-8.01]]],[[[34.97,-11.56],[35.63,-11.56],[35.81,-11.43],[36.11,-11.56],[36.2,-11.69],[36.6,-11.69],[36.86,-11.61],[37.12,-11.61],[37.43,-11.69],[37.78,-11.52],[37.83,-11.3],[38.22,-11.26],[38.36,-11.39],[38.53,-11.39],[38.66,-11.26],[38.88,-11.18],[39.19,-11.18],[39.54,-10.96],[39.76,-10.92],[40.2,-10.66],[40.42,-10.49],[40.24,-10.27],[40.2,-10.27],[39.98,-10.14],[39.8,-9.97],[39.72,-9.53],[39.63,-9.4],[39.63,-9.19],[39.5,-9.14],[39.54,-8.88],[39.28,-8.58],[39.28,-8.32],[39.37,-8.1],[39.41,-7.93],[39.28,-7.8],[39.28,-7.49],[39.32,-7.32],[39.54,-7.14],[39.5,-6.88],[39.28,-6.84],[39.23,-6.66],[39.06,-6.49],[38.84,-6.36],[38.79,-6.14],[38.84,-5.79],[38.97,-5.57],[38.97,-5.44],[39.15,-5.05],[39.15,-4.78],[39.19,-4.78],[39.23,-4.74],[39.19,-4.74],[39.19,-4.7],[39.19,-4.65],[38.18,-3.95],[38.05,-3.86],[37.78,-3.69],[37.78,-3.64],[37.78,-3.6],[37.74,-3.51],[37.61,-3.51],[37.61,-3.47],[37.56,-3.47],[37.56,-3.42],[37.61,-3.42],[37.7,-3.34],[37.7,-3.29],[37.7,-3.16],[37.65,-3.07],[37.61,-3.03],[37.52,-2.99],[37.52,-2.94],[37.26,-2.81],[37.08,-2.72],[36.91,-2.63],[36.91,-2.59],[36.86,-2.59],[36.73,-2.5],[36.69,-2.5],[36.47,-2.37],[36.42,-2.37],[36.16,-2.2],[35.81,-2.02],[35.5,-1.84],[35.24,-1.67],[35.06,-1.58],[35.02,-1.54],[34.88,-1.49],[34.58,-1.32],[34.58,-1.27],[34.4,-1.19],[34.36,-1.19],[34.27,-1.1],[34.22,-1.1],[34.09,-1.01],[34.05,-1.05],[34.01,-1.01],[33.92,-1.01],[32.73,-1.01],[31.85,-1.01],[30.71,-1.01],[30.49,-1.05],[30.49,-1.19],[30.75,-1.45],[30.84,-1.67],[30.8,-1.93],[30.89,-2.06],[30.84,-2.33],[30.53,-2.42],[30.45,-2.63],[30.49,-2.94],[30.84,-2.99],[30.84,-3.25],[30.71,-3.29],[30.67,-3.42],[30.49,-3.51],[30.4,-3.78],[30.23,-3.95],[30.23,-4.04],[29.88,-4.39],[29.44,-4.43],[29.44,-4.61],[29.35,-4.74],[29.35,-5],[29.48,-5.22],[29.52,-5.44],[29.61,-5.57],[29.61,-5.83],[29.48,-6.05],[29.52,-6.27],[29.7,-6.49],[29.74,-6.66],[30.05,-6.84],[30.23,-7.01],[30.4,-7.27],[30.45,-7.62],[30.67,-7.88],[30.75,-8.19],[30.89,-8.45],[31.06,-8.62],[31.46,-8.62],[31.59,-8.84],[31.76,-8.93],[31.94,-8.93],[31.98,-9.06],[32.16,-9.06],[32.38,-9.14],[32.56,-9.27],[32.78,-9.27],[32.95,-9.4],[33.13,-9.49],[33.35,-9.49],[33.52,-9.62],[33.96,-9.53],[34.22,-9.66],[34.49,-9.97],[34.58,-10.23],[34.58,-10.57],[34.66,-10.66],[34.62,-11.13],[34.93,-11.39],[34.97,-11.56]]]]},"properties":{"ISO_A3":"TZA"}},
{"type":"Feature","geometry":{"type":"MultiPolygon","coordinates":[[[[30.84,3.51],[30.84,3.47],[30.89,3.47],[30.89,3.51],[30.84,3.51]]],[[[29.61,-1.41],[29.88,-1.36],[29.92,-1.49],[30.18,-1.36],[30.36,-1.05],[30.49,-1.05],[30.71,-1.01],[31.85,-1.01],[32.73,-1.01],[33.92,-1.01],[33.92,-0.44],[33.96,-0.35],[34.01,-0.13],[33.96,-0.04],[33.92,0.09],[33.96,0.18],[34.01,0.22],[34.01,0.26],[34.05,0.26],[34.09,0.31],[34.09,0.35],[34.09,0.4],[34.09,0.48],[34.14,0.48],[34.14,0.57],[34.22,0.62],[34.36,0.75],[34.44,0.84],[34.53,1.1],[34.8,1.23],[34.84,1.27],[34.84,1.32],[34.8,1.36],[34.75,1.41],[34.8,1.45],[34.84,1.45],[34.88,1.54],[34.93,1.54],[34.97,1.58],[35.02,1.71],[35.02,1.93],[34.93,2.2],[34.93,2.46],[34.8,2.64],[34.8,2.68],[34.8,2.72],[34.8,2.77],[34.75,2.86],[34.71,2.86],[34.66,2.86],[34.62,2.9],[34.58,2.99],[34.58,3.03],[34.58,3.07],[34.58,3.12],[34.53,3.16],[34.49,3.12],[34.49,3.16],[34.44,3.16],[34.44,3.21],[34.44,3.29],[34.44,3.34],[34.4,3.38],[34.4,3.43],[34.4,3.47],[34.44,3.47],[34.44,3.6],[34.44,3.69],[34.36,3.73],[34.31,3.73],[34.31,3.69],[34.09,3.86],[34.05,4],[34.05,4.04],[34.09,4.04],[34.09,4.08],[34.05,4.08],[34.05,4.13],[34.05,4.17],[34.01,4.21],[33.96,4.17],[33.52,3.73],[33.21,3.78],[33.04,3.91],[32.91,3.82],[32.86,3.82],[32.73,3.78],[32.42,3.73],[32.2,3.6],[32.2,3.51],[31.81,3.82],[31.72,3.73],[31.63,3.69],[31.59,3.69],[31.54,3.65],[31.28,3.78],[31.15,3.78],[31.11,3.73],[31.02,3.69],[30.97,3.69],[30.93,3.65],[30.89,3.56],[30.89,3.51],[30.93,3.38],[30.8,3.16],[30.8,2.99],[30.89,2.81],[30.75,2.59],[30.75,2.42],[30.97,2.42],[31.19,2.28],[31.33,2.11],[31.11,1.85],[30.71,1.49],[30.36,1.14],[30.23,1.14],[30.23,0.97],[29.96,0.79],[29.96,0.48],[29.88,0.4],[29.83,0.18],[29.7,0.04],[29.74,-0.09],[29.66,-0.35],[29.66,-0.83],[29.57,-0.97],[29.61,-1.41]]]]},"properties":{"ISO_A3":"UGA"}},
{"type":"Feature","geometry":{"type":"MultiPolygon","coordinates":[[[[34.66,46.1],[34.8,46.04],[34.84,45.85],[34.91,45.85],[34.84,46.01],[34.75,46.1],[34.66,46.1]]],[[[35.1,45.58],[35.06,45.64],[35.06,45.61],[35.1,45.58]]],[[[33.3,46.1],[33.7,45.91],[33.17,45.76],[32.6,45.48],[32.51,45.33],[33.04,45.36],[33.26,45.14],[33.57,45.11],[33.61,44.86],[33.48,44.49],[33.74,44.4],[34.05,44.4],[34.36,44.55],[34.49,44.74],[34.8,44.83],[35.15,44.83],[35.46,45.11],[35.72,45.11],[35.81,45.02],[36.38,45.05],[36.42,45.3],[36.33,45.48],[35.81,45.42],[35.46,45.3],[35.1,45.33],[35.06,45.61],[34.84,45.73],[34.75,45.88],[34.53,45.98],[34.4,46.01],[34.22,46.1],[34.49,46.13],[34.4,46.01],[34.53,45.98],[34.66,46.1],[34.88,46.25],[35.19,46.37],[35.32,46.31],[35.76,46.61],[35.94,46.67],[36.29,46.64],[36.64,46.79],[36.82,46.73],[37.17,46.94],[37.34,46.88],[37.52,47.09],[38.22,47.12],[38.27,47.51],[38.36,47.63],[38.66,47.66],[38.84,47.87],[39.76,47.84],[39.8,48.01],[40.02,48.25],[39.85,48.48],[39.67,48.6],[39.8,48.83],[39.67,49],[39.94,49.06],[40.2,49.23],[40.2,49.35],[40.02,49.52],[39.63,49.63],[39.63,49.75],[39.28,49.75],[38.62,49.97],[38.36,50],[38.14,49.94],[37.74,50.09],[37.61,50.28],[37.34,50.45],[37.12,50.34],[36.86,50.34],[36.6,50.23],[36.11,50.45],[35.89,50.45],[35.67,50.34],[35.41,50.56],[35.46,50.67],[35.41,51.03],[35.15,51.09],[35.15,51.23],[34.71,51.17],[34.31,51.23],[34.22,51.39],[34.31,51.53],[34.14,51.69],[34.4,51.72],[34.36,51.86],[34.14,51.99],[34.09,52.15],[33.83,52.37],[33.17,52.37],[32.91,52.23],[32.42,52.31],[32.34,52.13],[32.16,52.05],[31.76,52.1],[31.41,52.15],[30.93,52.02],[30.71,51.88],[30.53,51.61],[30.62,51.36],[30.4,51.31],[30.23,51.5],[29.92,51.5],[29.52,51.42],[29.26,51.56],[28.38,51.56],[28.25,51.67],[28.03,51.56],[27.55,51.64],[27.24,51.61],[27.2,51.77],[26.8,51.75],[26.45,51.8],[26.01,51.94],[25.48,51.91],[25.09,51.96],[24.82,51.88],[24.38,51.88],[24.34,51.75],[24.08,51.61],[23.68,51.67],[23.68,51.5],[23.64,51.28],[23.81,51.17],[23.99,50.92],[23.94,50.79],[24.12,50.59],[23.99,50.42],[23.72,50.39],[23.46,50.23],[22.67,49.58],[22.85,49.03],[22.54,49.09],[22.36,48.83],[22.36,48.71],[22.14,48.54],[22.14,48.39],[22.32,48.28],[22.89,48.04],[22.89,47.95],[23.28,48.1],[23.33,48.01],[23.64,48.01],[24.3,47.89],[24.43,47.98],[24.82,47.84],[24.87,47.72],[25.13,47.78],[25.31,47.92],[25.61,47.92],[26.18,47.98],[26.32,48.19],[26.62,48.25],[26.71,48.42],[27.2,48.39],[27.77,48.45],[27.9,48.36],[28.56,48.16],[28.82,48.13],[28.91,47.95],[29.17,47.98],[29.26,47.81],[29.17,47.42],[29.3,47.45],[29.48,47.3],[29.66,46.91],[29.96,46.76],[29.96,46.55],[30.05,46.43],[29.61,46.34],[29.44,46.49],[29.17,46.52],[28.95,46.46],[29.08,46.19],[28.82,45.98],[28.78,45.82],[28.6,45.73],[28.51,45.52],[28.29,45.55],[28.21,45.45],[28.56,45.24],[28.78,45.24],[29.17,45.42],[29.52,45.42],[29.66,45.21],[29.74,45.48],[29.61,45.52],[30.27,45.88],[30.49,46.07],[30.71,46.37],[30.75,46.55],[31.02,46.61],[31.46,46.64],[31.5,46.7],[31.46,46.64],[31.9,46.64],[31.98,46.85],[31.98,46.49],[32.07,46.25],[32.25,46.13],[32.51,46.07],[32.86,46.13],[33.3,46.1]]]]},"properties":{"ISO_A3":"UKR"}},
{"type":"Feature","geometry":{"type":"Polygon","coordinates":[[[-57.6,-30.18],[-57.65,-30.37],[-57.91,-30.52],[-57.82,-30.63],[-57.82,-30.93],[-58,-31.35],[-58,-31.68],[-58.22,-31.91],[-58.13,-31.98],[-58.17,-32.17],[-58.09,-32.24],[-58.22,-32.47],[-58.13,-32.61],[-58.13,-33.02],[-58.17,-33.06],[-58.22,-33.09],[-58.26,-33.09],[-58.31,-33.09],[-58.39,-33.31],[-58.44,-33.35],[-58.44,-33.83],[-58.44,-33.86],[-58.31,-34.01],[-57.95,-34.3],[-57.87,-34.48],[-57.69,-34.45],[-57.12,-34.45],[-56.81,-34.7],[-56.55,-34.77],[-56.33,-34.92],[-56.06,-34.92],[-55.8,-34.77],[-55.41,-34.77],[-55.23,-34.92],[-54.97,-34.95],[-54.22,-34.66],[-53.91,-34.45],[-53.56,-34.05],[-53.38,-33.75],[-53.52,-33.68],[-53.52,-33.13],[-53.08,-32.8],[-53.16,-32.65],[-53.43,-32.58],[-53.6,-32.47],[-53.74,-32.09],[-53.96,-31.95],[-54.13,-31.91],[-54.44,-31.65],[-54.57,-31.46],[-54.88,-31.38],[-55.01,-31.27],[-55.14,-31.31],[-55.32,-31.16],[-55.36,-31.01],[-55.58,-30.86],[-55.89,-31.08],[-56.02,-31.08],[-56.02,-30.78],[-56.15,-30.63],[-56.46,-30.44],[-56.81,-30.1],[-57.12,-30.1],[-57.21,-30.29],[-57.56,-30.29],[-57.6,-30.18]]]},"properties":{"ISO_A3":"URY"}},
{"type":"Feature","geometry":{"type":"Polygon","coordinates":[[[-170.78,-14.39],[-170.74,-14.3],[-170.83,-14.3],[-170.78,-14.39]]]},"properties":{"ISO_A3":"ASM"}},
{"type":"Feature","geometry":{"type":"Polygon","coordinates":[[[-176.48,0.19],[-176.48,0.2],[-176.49,0.19],[-176.48,0.19]]]},"properties":{"ISO_A3":"UMI"}},
{"type":"Feature","geometry":{"type":"Polygon","coordinates":[[[144.95,13.58],[144.64,13.45],[144.64,13.32],[144.73,13.24],[144.81,13.41],[144.95,13.58]]]},"properties":{"ISO_A3":"GUM"}},
{"type":"Feature","geometry":null,"properties":{"ISO_A3":"UMI"}},
{"type":"Feature","geometry":{"type":"Polygon","coordinates":[[[-159.97,-0.35],[-160.02,-0.39],[-159.97,-0.39],[-159.97,-0.35]]]},"properties":{"ISO_A3":"UMI"}},
{"type":"Feature","geometry":{"type":"Polygon","coordinates":[[[-169.52,16.74],[-169.55,16.73],[-169.55,16.72],[-169.52,16.74]]]},"properties":{"ISO_A3":"UMI"}},
{"type":"Feature","geometry":null,"properties":{"ISO_A3":"UMI"}},
{"type":"Feature","geometry":{"type":"Polygon","coordinates":[[[-177.37,28.22],[-177.42,28.18],[-177.37,28.18],[-177.37,28.22]]]},"properties":{"ISO_A3":"UMI"}},
{"type":"Feature","geometry":{"type":"Polygon","coordinates":[[[145.65,14.94],[145.69,14.99],[145.6,15.07],[145.6,14.99],[145.65,14.94]]]},"properties":{"ISO_A3":"MNP"}},
{"type":"Feature","geometry":null,"properties":{"ISO_A3":"UMI"}},
{"type":"Feature","geometry":{"type":"Polygon","coordinates":[[[-66.13,18.48],[-66.96,18.48],[-67.14,18.52],[-67.18,18.39],[-67.18,18.06],[-66.96,17.93],[-66.87,17.98],[-65.91,17.98],[-65.64,18.23],[-65.64,18.35],[-65.82,18.44],[-66.13,18.48]]]},"properties":{"ISO_A3":"PRI"}},
{"type":"Feature","geometry":{"type":"Polygon","coordinates":[[[-64.9,17.68],[-64.76,17.68],[-64.72,17.73],[-64.9,17.77],[-64.9,17.68]]]},"properties":{"ISO_A3":"VIR"}},
{"type":"Feature","geometry":{"type":"MultiPolygon","coordinates":[[[[-165.34,66.43],[-165.38,66.42],[-165.34,66.42],[-165.34,66.43]]],[[[-163.58,63.03],[-163.51,63.04],[-163.45,63.05],[-163.67,63.05],[-163.58,63.03]]],[[[-164.19,62.95],[-164.17,62.96],[-164.19,62.97],[-164.19,62.95]]],[[[-169.64,62.93],[-169.33,63.19],[-168.85,63.15],[-168.67,63.31],[-169.47,63.36],[-170.04,63.48],[-170.3,63.68],[-170.65,63.66],[-170.91,63.56],[-171.22,63.62],[-171.84,63.58],[-171.75,63.36],[-171.44,63.31],[-171.13,63.42],[-170.48,63.33],[-170.26,63.19],[-169.9,63.15],[-169.64,62.93]]],[[[-162.3,60.17],[-162.22,60.17],[-162.26,60.21],[-162.3,60.17]]],[[[-148.29,60.1],[-148.05,60.16],[-148.07,60.17],[-148.16,60.15],[-148.29,60.1]]],[[[-166.13,60.39],[-166.74,60.32],[-166.83,60.21],[-167.31,60.23],[-167.31,60.06],[-166.61,59.84],[-166.26,59.82],[-165.55,59.93],[-165.69,60.3],[-166.13,60.39]]],[[[-152.64,58.49],[-152.59,58.58],[-152.64,58.53],[-152.64,58.49]]],[[[-135.99,58.46],[-135.9,58.46],[-135.9,58.49],[-135.94,58.48],[-135.99,58.46]]],[[[-152.81,58.28],[-153.21,58.21],[-153.21,58.02],[-152.81,58],[-152.02,58.28],[-152.24,58.39],[-152.51,58.35],[-152.64,58.49],[-152.81,58.28]]],[[[-135.55,57.15],[-135.46,57.18],[-135.55,57.22],[-135.55,57.15]]],[[[-134.71,58.16],[-134.76,58.09],[-134.71,57.67],[-134.49,57.41],[-134.62,57.03],[-134.14,57.2],[-133.92,57.6],[-134.32,57.98],[-133.88,57.65],[-133.92,57.84],[-134.32,58.14],[-134.71,58.16]]],[[[-135.68,57.32],[-135.55,57.15],[-135.55,57.22],[-135.68,57.32]]],[[[-135.24,56.75],[-135.19,56.75],[-135.19,56.79],[-135.28,56.77],[-135.24,56.75]]],[[[-153.87,56.99],[-153.65,56.94],[-153.47,57.11],[-153.47,57.15],[-153.52,57.18],[-153.47,57.15],[-153.47,57.11],[-152.9,57.13],[-152.59,57.37],[-152.9,57.51],[-152.59,57.44],[-152.2,57.58],[-152.37,57.79],[-152.46,57.91],[-152.86,57.93],[-153.52,57.91],[-153.21,57.79],[-153.34,57.74],[-153.74,57.88],[-153.96,57.77],[-153.78,57.56],[-153.78,57.37],[-153.91,57.41],[-154,57.65],[-154.22,57.67],[-154.66,57.49],[-154.7,57.34],[-154.53,57.2],[-154.53,56.99],[-154.22,56.94],[-153.87,56.99]]],[[[-133.7,56.65],[-133.66,56.43],[-133.13,56.48],[-132.95,56.55],[-133,56.6],[-133.17,56.62],[-133,56.6],[-132.95,56.62],[-132.95,56.55],[-132.73,56.5],[-132.56,56.62],[-133,56.79],[-133,56.94],[-133.31,56.99],[-133.88,57.11],[-133.79,56.89],[-133.7,56.65]]],[[[-133,56.24],[-132.69,56.26],[-132.65,56.43],[-132.87,56.46],[-133.09,56.36],[-133,56.24]]],[[[-135.11,56.72],[-135.15,56.65],[-134.84,56.26],[-134.67,56.21],[-134.62,56.72],[-134.84,57.2],[-134.97,57.32],[-135.02,57.3],[-134.97,57.32],[-134.93,57.34],[-135.33,57.56],[-135.55,57.58],[-135.72,57.7],[-135.77,57.74],[-135.59,57.67],[-135.37,57.6],[-135.11,57.46],[-134.84,57.6],[-135.02,57.74],[-135.37,57.74],[-135.55,57.84],[-135.63,57.91],[-135.15,57.77],[-134.93,58.02],[-135.46,58.09],[-135.5,58.19],[-135.81,58.28],[-136.21,58.16],[-136.29,58.23],[-136.34,58.23],[-136.34,58],[-136.42,57.86],[-136.25,57.7],[-136.16,57.67],[-136.03,57.63],[-136.03,57.51],[-135.68,57.37],[-135.59,57.41],[-135.68,57.37],[-135.68,57.32],[-135.46,57.18],[-135.37,57.15],[-135.24,57.03],[-135.37,56.94],[-135.28,56.77],[-135.19,56.79],[-135.19,56.75],[-135.11,56.72],[-135.06,56.75],[-135.11,56.72]]],[[[-133.09,56.06],[-133,56.06],[-133.09,56.09],[-133.09,56.06]]],[[[-134.14,56.65],[-134.05,56.41],[-134.27,56.36],[-134.27,56.16],[-134.14,56.06],[-133.88,56.24],[-133.88,56.55],[-133.7,56.65],[-134.01,56.87],[-134.4,56.87],[-134.27,56.65],[-134.14,56.65]]],[[[-132.47,56.36],[-132.69,56.24],[-132.69,56.06],[-132.16,56.09],[-132.38,56.29],[-132.47,56.36]]],[[[-133.31,55.79],[-133.22,55.79],[-133.22,55.87],[-133.26,55.89],[-133.31,55.92],[-133.31,55.79]]],[[[-133.31,55.79],[-133.39,55.74],[-133.35,55.74],[-133.31,55.79]]],[[[-131.37,55.37],[-131.06,55.25],[-130.93,55.65],[-131.15,55.92],[-131.42,55.98],[-131.46,55.99],[-131.59,55.94],[-131.59,55.84],[-131.72,55.84],[-131.77,55.5],[-131.77,55.4],[-131.55,55.3],[-131.37,55.37],[-131.33,55.5],[-131.37,55.37]]],[[[-159.62,55.07],[-159.54,55.07],[-159.54,55.12],[-159.58,55.1],[-159.62,55.07]]],[[[-130.71,54.82],[-130.63,54.82],[-130.58,54.82],[-130.41,54.89],[-130.32,54.95],[-130.14,55.15],[-130.01,55.27],[-130.14,55.55],[-130.14,55.72],[-130.01,55.92],[-130.1,56.11],[-130.41,56.14],[-130.8,56.36],[-131.59,56.6],[-131.86,56.6],[-131.86,56.82],[-132.12,56.87],[-132.03,57.03],[-132.38,57.08],[-132.25,57.2],[-132.65,57.63],[-133.09,58],[-133.17,58.16],[-133.48,58.39],[-133.83,58.74],[-134.27,58.85],[-134.32,58.97],[-134.71,59.26],[-134.97,59.28],[-135.02,59.57],[-135.46,59.79],[-135.94,59.66],[-136.21,59.64],[-136.47,59.26],[-137.3,59.01],[-137.61,59.24],[-138.62,59.77],[-138.71,59.9],[-139.19,60.08],[-139.06,60.36],[-139.68,60.34],[-139.98,60.19],[-140.47,60.3],[-140.51,60.21],[-140.99,60.3],[-140.99,61.43],[-140.99,62.4],[-140.99,63.23],[-140.99,64.6],[-140.99,65.49],[-140.99,66.89],[-140.99,67.97],[-140.99,69.65],[-142.22,69.85],[-142.58,70],[-143.15,70.1],[-145.26,69.98],[-146.27,70.18],[-147.1,70.15],[-147.89,70.24],[-148.51,70.31],[-148.73,70.42],[-149.34,70.5],[-149.87,70.5],[-150.7,70.34],[-150.92,70.45],[-151.89,70.43],[-151.76,70.55],[-152.55,70.55],[-152.24,70.82],[-153.25,70.92],[-153.96,70.88],[-154.18,70.77],[-154.7,70.84],[-154.57,70.98],[-155.01,71.02],[-155.05,71.08],[-155.63,70.82],[-156.28,70.91],[-155.49,71.08],[-156.68,71.34],[-157.51,70.95],[-158.39,70.79],[-158.96,70.79],[-159.54,70.81],[-160.85,70.34],[-161.25,70.25],[-161.78,70.25],[-162.22,70.15],[-162.57,69.91],[-163.01,69.73],[-163.09,69.37],[-163.53,69.12],[-164.37,68.92],[-165.29,68.86],[-166.21,68.89],[-166.3,68.3],[-165.82,68.1],[-165.34,68.03],[-163.89,67.45],[-163.67,67.09],[-163.05,67.03],[-162.68,67.05],[-162.65,67.06],[-162.61,67.08],[-162.65,67.06],[-162.68,67.05],[-162.52,67.01],[-162.44,67.04],[-161.69,67.03],[-161.86,66.72],[-161.47,66.52],[-161.12,66.65],[-160.68,66.59],[-160.33,66.65],[-160.24,66.38],[-160.77,66.37],[-161.07,66.49],[-161.64,66.45],[-162.08,66.65],[-162,66.79],[-162.35,66.94],[-162.61,66.89],[-161.86,66.49],[-161.91,66.37],[-161.51,66.26],[-161.78,66.06],[-162.35,66.03],[-162.74,66.08],[-163.8,66.08],[-163.93,66.22],[-163.71,66.52],[-164.41,66.58],[-165.34,66.42],[-165.38,66.42],[-165.64,66.35],[-165.55,66.15],[-166.57,66.1],[-166.92,65.99],[-167,65.98],[-167.36,65.89],[-168.06,65.58],[-167.4,65.4],[-167.09,65.4],[-166.48,65.23],[-166.91,65.12],[-166.52,64.94],[-166.48,64.73],[-166.21,64.58],[-165.03,64.43],[-164.32,64.56],[-163.58,64.56],[-163.23,64.64],[-162.61,64.48],[-162.17,64.67],[-161.69,64.77],[-160.9,64.82],[-160.77,64.64],[-161.21,64.5],[-160.94,64.2],[-160.77,63.78],[-161.12,63.52],[-161.56,63.44],[-162.26,63.48],[-162.65,63.23],[-163.05,63.07],[-163.45,63.05],[-163.51,63.04],[-163.58,63.03],[-163.8,62.99],[-163.67,63.05],[-163.75,63.21],[-164.06,63.27],[-164.46,63.21],[-164.59,63.11],[-164.37,63.03],[-164.24,62.97],[-164.19,62.97],[-164.17,62.96],[-164.1,62.89],[-164.1,62.79],[-164.1,62.89],[-164.19,62.95],[-164.24,62.97],[-164.37,63.03],[-164.59,63.03],[-164.81,62.93],[-164.85,62.55],[-164.68,62.46],[-165.12,62.53],[-165.77,62.04],[-165.73,61.85],[-166.08,61.81],[-166.17,61.64],[-165.77,61.49],[-165.91,61.33],[-165.64,61.28],[-165.6,61.11],[-165.29,61.18],[-165.2,60.97],[-164.59,60.86],[-164.24,60.86],[-164.02,61.01],[-163.75,60.99],[-163.53,60.82],[-163.4,60.71],[-163.67,60.58],[-163.93,60.79],[-164.94,60.82],[-164.98,60.71],[-165.38,60.58],[-164.98,60.47],[-164.68,60.32],[-164.41,60.1],[-164.15,59.99],[-164.15,59.86],[-163.58,59.79],[-162.52,59.99],[-162.3,60.17],[-162.26,60.21],[-162.22,60.17],[-162.22,60.04],[-161.91,59.68],[-161.69,59.5],[-161.95,59.37],[-161.95,59.24],[-161.69,59.06],[-161.69,58.78],[-162.08,58.62],[-161.56,58.6],[-160.99,58.87],[-160.77,58.87],[-160.37,59.06],[-160.11,58.87],[-159.76,58.9],[-159.49,58.83],[-158.96,58.39],[-158.7,58.49],[-158.79,58.78],[-158.44,59.08],[-158.13,59.01],[-158.04,58.94],[-158.13,59.01],[-158.48,59.01],[-158.57,58.81],[-158.26,58.62],[-158.09,58.62],[-157.21,58.85],[-157.07,58.72],[-157.47,58.49],[-157.56,58.14],[-157.78,57.56],[-158.04,57.39],[-158.44,57.22],[-158.7,56.99],[-158.66,56.79],[-158.96,56.84],[-159.32,56.67],[-159.76,56.58],[-160.37,56.29],[-160.55,55.97],[-160.94,55.87],[-161.12,55.97],[-161.73,55.92],[-162.26,55.7],[-162.52,55.42],[-163.36,55.1],[-163.27,55],[-163.36,54.82],[-162.83,54.92],[-162.52,55.07],[-161.95,55.1],[-161.69,55.42],[-161.6,55.62],[-161.25,55.55],[-160.99,55.45],[-160.19,55.65],[-159.84,55.87],[-159.62,55.82],[-159.67,55.6],[-159.49,55.82],[-158.74,55.94],[-158.57,56.14],[-158.57,56.19],[-158.57,56.14],[-158.57,56.04],[-158.52,56.04],[-158.48,56.04],[-158.26,56.19],[-158.48,56.33],[-158.35,56.48],[-158.13,56.53],[-157.91,56.65],[-157.6,56.7],[-157.38,56.87],[-156.81,56.91],[-156.33,57.18],[-156.42,57.37],[-155.89,57.56],[-155.63,57.79],[-155.32,57.72],[-154.97,58.02],[-154.53,58.05],[-154.44,58.14],[-154.22,58.14],[-154.18,58.33],[-153.91,58.6],[-153.6,58.62],[-153.34,58.85],[-153.47,59.01],[-153.69,59.08],[-154.09,59.08],[-154.13,59.35],[-153.69,59.46],[-153.65,59.64],[-153.21,59.64],[-152.99,59.84],[-152.68,59.93],[-152.55,60.23],[-152.24,60.39],[-152.29,60.54],[-151.89,60.73],[-151.5,61.01],[-151.19,61.05],[-151.01,61.18],[-150.66,61.28],[-150.31,61.26],[-149.74,61.01],[-150,60.88],[-150.35,61.03],[-150.66,60.97],[-151.01,60.79],[-151.41,60.69],[-151.28,60.54],[-151.41,60.21],[-151.63,60.1],[-151.89,59.77],[-151.63,59.64],[-151.32,59.68],[-151.19,59.59],[-151.89,59.42],[-151.98,59.26],[-151.76,59.17],[-151.41,59.24],[-151.14,59.21],[-150.66,59.42],[-150.31,59.46],[-150,59.77],[-150.05,59.82],[-150,59.77],[-149.78,59.66],[-149.56,59.9],[-149.17,60.04],[-149.03,59.95],[-148.6,59.93],[-148.29,60.1],[-148.16,60.15],[-148.16,60.3],[-147.98,60.52],[-148.42,60.54],[-148.2,60.64],[-148.51,60.77],[-148.29,60.94],[-148.02,60.92],[-147.63,60.97],[-147.36,60.88],[-146.93,60.94],[-146.66,61.11],[-146.27,61.09],[-146.22,61.08],[-146.09,61.07],[-146.22,61.08],[-146.27,61.09],[-146.66,61.07],[-146.75,60.92],[-146.4,60.69],[-146.09,60.75],[-146.27,60.64],[-145.65,60.62],[-145.78,60.52],[-145.21,60.3],[-144.9,60.3],[-144.42,60.17],[-144.2,60.01],[-142.62,60.1],[-141.74,59.97],[-141.48,60.08],[-141.17,60.12],[-141.43,59.88],[-140.69,59.7],[-140.29,59.68],[-139.5,59.99],[-139.54,59.75],[-139.72,59.59],[-139.68,59.46],[-139.28,59.39],[-139.15,59.3],[-138.31,59.08],[-138.05,58.97],[-137.96,58.81],[-137.65,58.62],[-136.64,58.21],[-136.38,58.37],[-136.12,58.35],[-136.12,58.53],[-136.21,58.62],[-136.38,58.65],[-136.6,58.78],[-136.16,58.76],[-136.12,58.94],[-136.29,59.06],[-136.16,59.03],[-136.03,58.85],[-135.96,58.86],[-135.9,58.87],[-135.96,58.86],[-136.03,58.85],[-135.9,58.49],[-135.9,58.46],[-135.68,58.39],[-135.46,58.42],[-135.33,58.23],[-135.06,58.39],[-135.15,58.67],[-135.37,59.01],[-135.37,59.1],[-135.55,59.24],[-135.37,59.1],[-135.19,59.08],[-135.15,58.83],[-135.02,58.76],[-134.67,58.3],[-134.36,58.28],[-134.14,58.21],[-134.01,58.42],[-133.96,58.46],[-134.01,58.42],[-134.1,58.12],[-133.7,57.79],[-133.48,57.91],[-133.39,57.91],[-133.35,57.88],[-133.22,57.88],[-133.35,57.88],[-133.39,57.91],[-133.48,57.91],[-133.57,57.77],[-132.95,57.51],[-133.66,57.72],[-133.66,57.6],[-133.39,57.41],[-133.14,57.33],[-133.11,57.34],[-133.14,57.33],[-133.48,57.3],[-133.44,57.13],[-133.13,57.13],[-132.87,56.91],[-132.6,56.77],[-132.56,56.62],[-132.43,56.6],[-132.12,56.36],[-132.38,56.29],[-132.29,56.21],[-131.86,56.21],[-131.64,56.19],[-131.59,56.19],[-131.64,56.19],[-131.86,56.21],[-131.99,56.16],[-132.03,55.89],[-132.21,55.79],[-132.21,55.6],[-131.94,55.52],[-131.68,55.92],[-131.59,55.94],[-131.46,55.99],[-131.42,55.98],[-131.15,55.92],[-130.98,55.79],[-130.84,55.55],[-130.84,55.3],[-130.71,55.3],[-130.84,55.3],[-131.11,55.2],[-130.93,54.97],[-130.71,54.82],[-130.73,54.86],[-130.74,54.89],[-130.73,54.86],[-130.71,54.82]]],[[[-132.65,55.2],[-132.6,54.95],[-132.34,54.84],[-132.34,54.74],[-131.99,54.72],[-131.99,55.05],[-132.21,55],[-131.99,55.17],[-132.25,55.42],[-132.62,55.47],[-132.65,55.45],[-132.62,55.47],[-132.34,55.65],[-132.6,55.89],[-133,56.06],[-133.09,56.06],[-133.09,56.09],[-133.04,56.21],[-133.22,56.33],[-133.66,56.33],[-133.52,56.11],[-133.57,56.09],[-133.31,56.09],[-133.35,56.16],[-133.31,56.09],[-133.26,55.89],[-133.22,55.87],[-133.22,55.79],[-133.35,55.74],[-133.35,55.7],[-133,55.37],[-133.13,55.27],[-133,55.25],[-132.91,55.17],[-132.82,55.2],[-132.91,55.17],[-132.73,55.15],[-132.65,55.2],[-132.65,55.27],[-132.65,55.2]]],[[[-133.13,55.27],[-133.17,54.95],[-132.95,55.02],[-133.13,55.27]]],[[[-163.36,54.82],[-163.53,55.05],[-163.89,55.05],[-164.24,54.89],[-164.5,54.92],[-164.76,54.64],[-164.94,54.59],[-164.76,54.39],[-164.46,54.41],[-164.32,54.54],[-164.02,54.64],[-163.58,54.62],[-163.31,54.74],[-163.36,54.82]]],[[[-167.14,53.53],[-167.71,53.38],[-167.49,53.27],[-167.05,53.45],[-166.74,53.45],[-166.57,53.61],[-166.26,53.72],[-166.3,53.74],[-166.52,53.74],[-166.52,53.9],[-166.57,53.87],[-166.61,54],[-167.05,53.95],[-167.05,53.72],[-167.14,53.53]]],[[[-168.81,52.93],[-168.5,53.03],[-168.37,53.17],[-167.84,53.38],[-167.97,53.56],[-168.23,53.53],[-168.81,53.14],[-168.81,52.93]]],[[[172.49,52.93],[172.76,52.8],[173.37,52.85],[173.15,52.98],[172.63,53.01],[172.49,52.93]]],[[[-175.13,52.02],[-174.61,52.02],[-174.08,52.15],[-173.99,52.29],[-174.17,52.42],[-174.34,52.31],[-174.25,52.23],[-174.56,52.1],[-174.87,52.1],[-175.13,52.02]]],[[[-177.73,51.83],[-178.08,51.83],[-177.99,51.64],[-177.73,51.83]]],[[[-122.98,48.54],[-122.89,48.57],[-122.98,48.6],[-122.98,48.54]]],[[[-122.58,48.1],[-122.63,48.42],[-122.76,48.22],[-122.58,48.1]]],[[[-68.45,44.36],[-68.45,44.4],[-68.5,44.4],[-68.45,44.36]]],[[[-68.89,44.11],[-68.85,44.08],[-68.85,44.14],[-68.89,44.11]]],[[[-69.73,43.86],[-69.69,43.86],[-69.69,43.92],[-69.73,43.92],[-69.73,43.86]]],[[[-69.77,43.8],[-69.73,43.86],[-69.77,43.89],[-69.77,43.8]]],[[[-71.4,41.47],[-71.35,41.47],[-71.4,41.5],[-71.4,41.47]]],[[[-72.37,41.11],[-72.32,41.11],[-72.32,41.14],[-72.37,41.11]]],[[[-72.41,41.07],[-72.37,41.07],[-72.37,41.11],[-72.41,41.07]]],[[[-72.37,41.04],[-72.32,41.04],[-72.32,41.11],[-72.37,41.07],[-72.37,41.04]]],[[[-74.03,40.71],[-73.99,40.71],[-73.99,40.74],[-74.03,40.71]]],[[[-74.03,40.61],[-73.42,40.64],[-73.24,40.71],[-72.85,40.74],[-72.63,40.81],[-72.58,40.81],[-72.01,41.01],[-72.32,41.04],[-72.37,41.04],[-72.41,41.07],[-72.63,40.97],[-73.38,40.94],[-73.38,40.91],[-73.86,40.81],[-73.99,40.71],[-74.03,40.61]]],[[[-75.4,37.89],[-75.35,37.89],[-75.31,37.96],[-75.35,37.94],[-75.4,37.89]]],[[[-117.14,32.62],[-117.14,32.65],[-117.18,32.69],[-117.14,32.62]]],[[[-81.55,31.09],[-81.5,31.12],[-81.55,31.12],[-81.55,31.09]]],[[[-94.64,29.45],[-94.51,29.53],[-94.57,29.51],[-94.6,29.49],[-94.64,29.45]]],[[[-91.26,29.26],[-91.13,29.22],[-91.3,29.3],[-91.26,29.26]]],[[[-91.13,29.22],[-91.04,29.34],[-91.08,29.3],[-91.13,29.22]]],[[[-89.24,29.15],[-89.15,29.19],[-89.28,29.22],[-89.24,29.15]]],[[[-89.54,29.38],[-89.5,29.22],[-89.28,29.22],[-89.28,29.34],[-89.54,29.38]]],[[[-89.32,29.03],[-89.15,29.07],[-89.06,29.19],[-89.15,29.19],[-89.19,29.15],[-89.24,29.15],[-89.32,29.03]]],[[[-95.21,29.01],[-95.17,29.03],[-95.21,29.03],[-95.21,29.01]]],[[[-96.79,28.11],[-96.57,28.26],[-96.84,28.18],[-96.79,28.11]]],[[[-97.01,27.91],[-96.79,28.11],[-96.93,28.11],[-97.01,27.91]]],[[[-97.23,27.56],[-97.06,27.83],[-97.19,27.72],[-97.23,27.56]]],[[[-82.16,26.86],[-82.16,26.94],[-82.21,26.94],[-82.16,26.86]]],[[[-81.28,25.72],[-81.24,25.72],[-81.24,25.76],[-81.28,25.72]]],[[[-81.24,25.72],[-81.15,25.48],[-81.15,25.16],[-80.67,25.16],[-80.45,25.24],[-80.32,25.36],[-80.32,25.64],[-80.14,25.91],[-80.1,26.31],[-80.05,26.39],[-80.05,26.94],[-80.23,27.25],[-80.29,27.45],[-80.32,27.6],[-80.54,28.07],[-80.63,28.34],[-80.54,28.53],[-80.93,29.07],[-81.06,29.3],[-81.33,29.99],[-81.42,30.41],[-81.46,30.52],[-81.55,30.82],[-81.5,30.94],[-81.55,31.09],[-81.55,31.12],[-81.5,31.12],[-81.42,31.12],[-81.28,31.24],[-81.28,31.39],[-81.15,31.57],[-81.15,31.72],[-80.84,31.98],[-80.8,32.1],[-80.45,32.32],[-80.45,32.43],[-80.19,32.58],[-79.92,32.65],[-79.88,32.76],[-79.61,32.91],[-79.57,33.02],[-79.18,33.17],[-79.18,33.32],[-78.87,33.72],[-78.38,33.9],[-77.95,33.94],[-77.81,34.23],[-77.59,34.41],[-77.51,34.45],[-77.37,34.56],[-77.37,34.66],[-77.37,34.56],[-77.11,34.66],[-76.76,34.74],[-76.71,34.77],[-76.5,34.74],[-76.32,34.92],[-76.32,34.95],[-76.5,35.06],[-76.5,35.42],[-76.36,35.38],[-76.1,35.35],[-76.01,35.49],[-75.75,35.67],[-75.75,35.92],[-75.88,35.99],[-75.92,35.92],[-76.06,35.99],[-76.41,35.99],[-76.45,36.06],[-76.36,36.13],[-76.06,36.13],[-75.88,36.24],[-76.06,36.52],[-76.01,36.52],[-76.01,36.56],[-75.94,36.72],[-75.97,36.91],[-76.19,36.94],[-76.5,36.91],[-76.85,37.22],[-76.93,37.22],[-76.98,37.26],[-77.07,37.29],[-77.15,37.29],[-77.29,37.33],[-77.15,37.29],[-77.07,37.29],[-76.98,37.26],[-76.93,37.22],[-76.85,37.22],[-76.41,36.98],[-76.28,37.08],[-76.54,37.22],[-76.76,37.47],[-76.5,37.26],[-76.41,37.4],[-76.32,37.5],[-76.32,37.78],[-76.23,37.89],[-76.5,38.02],[-76.63,38.16],[-76.89,38.16],[-77.15,38.34],[-77.33,38.37],[-77.24,38.54],[-76.93,38.3],[-76.58,38.23],[-76.36,38.3],[-76.5,38.47],[-76.54,38.78],[-76.45,38.92],[-76.41,39.29],[-76.23,39.26],[-76.23,39.06],[-76.36,38.95],[-76.32,38.44],[-75.84,38.16],[-75.84,38.02],[-75.66,37.96],[-75.66,37.85],[-75.88,37.68],[-75.79,37.5],[-75.75,37.54],[-75.44,37.99],[-75.22,38.23],[-75.13,38.23],[-75.05,38.4],[-75.05,38.68],[-75.4,39.06],[-75.4,39.26],[-75.57,39.43],[-75.53,39.7],[-75.48,39.73],[-75.35,39.84],[-75.48,39.73],[-75.53,39.7],[-75.53,39.46],[-75.4,39.36],[-74.87,39.16],[-74.69,39.16],[-74.61,39.26],[-74.61,39.29],[-74.47,39.36],[-74.43,39.46],[-74.43,39.57],[-74.47,39.53],[-74.43,39.57],[-74.21,39.63],[-74.21,39.77],[-74.08,40],[-74.03,40.07],[-73.99,40.41],[-74.25,40.47],[-74.03,40.61],[-74.03,40.71],[-73.95,40.84],[-73.99,40.74],[-73.86,40.81],[-73.64,41.01],[-73.46,41.04],[-72.85,41.27],[-72.19,41.27],[-72.06,41.34],[-71.49,41.37],[-71.4,41.47],[-71.4,41.5],[-71.35,41.73],[-71.27,41.73],[-71.22,41.67],[-71.31,41.47],[-71,41.5],[-70.78,41.67],[-70.65,41.54],[-69.99,41.73],[-69.95,41.9],[-70.12,42.06],[-69.99,41.8],[-70.3,41.7],[-70.52,41.77],[-70.78,42.25],[-71,42.35],[-70.78,42.58],[-70.78,42.71],[-70.83,42.9],[-70.65,43.06],[-70.61,43.25],[-70.43,43.35],[-70.39,43.51],[-70.21,43.57],[-70.21,43.7],[-70.04,43.86],[-69.9,43.86],[-69.77,43.8],[-69.77,43.89],[-69.73,43.92],[-69.69,43.92],[-69.69,43.86],[-69.38,44.02],[-69.25,43.99],[-69.22,44.02],[-69.25,43.99],[-68.94,44.3],[-68.85,44.49],[-68.81,44.46],[-68.76,44.33],[-68.59,44.4],[-68.5,44.43],[-68.45,44.4],[-68.32,44.46],[-68.1,44.49],[-67.97,44.4],[-67.8,44.55],[-67.58,44.52],[-67.58,44.62],[-67.27,44.62],[-67,44.86],[-67.14,45.14],[-67.22,45.18],[-67.4,45.14],[-67.44,45.61],[-67.8,45.67],[-67.8,47.06],[-68.24,47.36],[-68.85,47.18],[-69.07,47.24],[-69.07,47.42],[-69.25,47.45],[-69.99,46.7],[-70.04,46.43],[-70.26,46.28],[-70.26,45.88],[-70.39,45.73],[-70.7,45.58],[-70.7,45.39],[-71.18,45.24],[-71.4,45.24],[-71.49,45.02],[-73.42,45.02],[-73.64,44.99],[-74.87,44.99],[-75.05,44.93],[-75.09,44.93],[-75.13,44.9],[-75.22,44.86],[-75.31,44.83],[-75.35,44.8],[-75.35,44.77],[-75.48,44.71],[-75.62,44.62],[-75.7,44.55],[-75.75,44.52],[-75.79,44.46],[-75.92,44.36],[-75.97,44.33],[-76.06,44.3],[-76.36,44.11],[-76.28,44.05],[-76.19,43.57],[-76.45,43.51],[-76.67,43.35],[-76.89,43.29],[-77.37,43.29],[-77.55,43.22],[-77.77,43.35],[-78.56,43.38],[-79.04,43.25],[-79.04,43.19],[-79.04,43.09],[-79,43.06],[-79,43],[-78.96,42.97],[-78.91,42.93],[-78.91,42.9],[-78.87,42.77],[-79.26,42.55],[-79.53,42.35],[-79.83,42.22],[-80.1,42.16],[-80.32,42.03],[-80.63,41.93],[-81.28,41.77],[-81.5,41.6],[-81.86,41.47],[-82.12,41.5],[-82.51,41.37],[-82.69,41.47],[-83,41.47],[-82.91,41.5],[-83.44,41.73],[-83.44,41.83],[-83.17,41.99],[-83.13,42.12],[-83.13,42.25],[-83.09,42.29],[-82.95,42.35],[-82.91,42.35],[-82.87,42.55],[-82.73,42.68],[-82.6,42.55],[-82.56,42.58],[-82.51,42.61],[-82.51,42.68],[-82.47,42.71],[-82.47,42.81],[-82.47,42.9],[-82.43,43],[-82.51,43.13],[-82.51,43.38],[-82.6,43.54],[-82.6,43.76],[-82.82,44.05],[-83.26,43.99],[-83.66,43.61],[-83.92,43.67],[-83.92,43.92],[-83.57,44.05],[-83.57,44.21],[-83.31,44.4],[-83.31,44.86],[-83.44,45.05],[-83.31,45.14],[-83.44,45.33],[-84.05,45.48],[-84.18,45.64],[-84.45,45.64],[-84.71,45.79],[-84.89,45.76],[-85.11,45.61],[-85.19,45.36],[-85.37,45.27],[-85.37,44.96],[-85.59,44.77],[-85.59,45.18],[-85.85,44.93],[-86.07,44.9],[-86.07,44.74],[-86.25,44.71],[-86.25,44.33],[-86.51,44.08],[-86.42,43.89],[-86.56,43.61],[-86.21,42.97],[-86.25,42.45],[-86.56,41.99],[-86.86,41.73],[-87.13,41.63],[-87.39,41.63],[-87.61,41.83],[-87.66,42.06],[-87.83,42.22],[-87.79,42.68],[-87.92,43.25],[-87.7,43.67],[-87.74,43.89],[-87.52,44.18],[-87.48,44.55],[-87.3,44.8],[-87.39,44.96],[-87.83,44.65],[-88.01,44.71],[-87.61,44.99],[-87.61,45.14],[-87.35,45.39],[-87.22,45.64],[-87.04,45.73],[-86.86,45.7],[-86.78,45.85],[-86.34,45.79],[-86.34,45.91],[-86.07,45.98],[-85.63,45.98],[-85.33,46.1],[-84.76,45.94],[-84.54,46.04],[-84.27,45.98],[-84.01,46.13],[-84.1,46.25],[-84.14,46.31],[-84.14,46.37],[-84.14,46.52],[-84.18,46.52],[-84.23,46.52],[-84.27,46.49],[-84.27,46.46],[-84.4,46.49],[-84.98,46.46],[-85.02,46.73],[-85.24,46.76],[-85.5,46.67],[-85.85,46.7],[-86.16,46.64],[-86.69,46.43],[-86.95,46.52],[-87.35,46.49],[-87.66,46.82],[-87.92,46.91],[-88.23,46.94],[-88.45,46.79],[-88.45,46.97],[-88.18,47.21],[-87.96,47.33],[-88.23,47.45],[-89.46,46.82],[-89.81,46.82],[-89.9,46.73],[-90.42,46.55],[-90.86,46.67],[-90.77,46.94],[-91.35,46.82],[-91.74,46.7],[-92,46.67],[-92.14,46.73],[-92.18,46.7],[-92.22,46.64],[-92.18,46.7],[-92.14,46.73],[-92,46.85],[-91.65,47],[-91.35,47.24],[-90.73,47.63],[-89.94,47.87],[-89.63,48.01],[-89.9,47.98],[-90.07,48.1],[-90.77,48.1],[-90.82,48.25],[-91.08,48.19],[-91.26,48.07],[-91.7,48.1],[-92.05,48.36],[-92.4,48.25],[-92.49,48.45],[-92.97,48.63],[-93.24,48.66],[-93.45,48.54],[-93.81,48.51],[-94.03,48.66],[-94.47,48.68],[-94.68,48.77],[-94.82,49.32],[-95.17,49.38],[-95.17,49],[-96.27,49],[-97.54,49],[-98.64,49],[-100,49],[-101.36,49],[-103.6,49],[-105.23,49],[-107.12,49],[-108.13,49],[-110.37,49],[-112.04,49],[-113.71,49],[-115.25,49],[-117.05,49],[-118.41,49],[-120.04,49],[-121.09,49],[-122.76,49],[-122.76,48.94],[-122.63,48.77],[-122.5,48.77],[-122.58,48.45],[-122.45,48.13],[-122.23,48.04],[-122.41,47.78],[-122.41,47.57],[-122.32,47.33],[-122.54,47.27],[-122.72,47.09],[-122.8,47.18],[-123.02,47.12],[-122.85,47.3],[-122.8,47.18],[-122.67,47.18],[-122.63,47.21],[-122.63,47.27],[-122.54,47.27],[-122.54,47.39],[-122.54,47.57],[-122.58,47.57],[-122.67,47.6],[-122.58,47.57],[-122.54,47.57],[-122.5,47.89],[-122.76,47.69],[-122.98,47.6],[-122.8,47.72],[-122.67,47.84],[-122.72,48.01],[-122.76,48.04],[-123.2,48.16],[-123.99,48.16],[-124.25,48.28],[-124.69,48.33],[-124.69,47.98],[-124.47,47.81],[-124.34,47.39],[-124.21,47.24],[-124.17,47.03],[-124.12,46.88],[-123.95,46.64],[-123.95,46.46],[-124.08,46.28],[-123.42,46.22],[-123.46,46.22],[-123.64,46.19],[-123.95,46.22],[-123.95,45.27],[-124.08,44.83],[-124.12,43.99],[-124.21,43.57],[-124.39,43.35],[-124.39,43.19],[-124.56,42.84],[-124.39,42.61],[-124.43,42.48],[-124.39,42.16],[-124.21,41.99],[-124.25,41.77],[-124.12,41.7],[-124.08,41.37],[-124.12,40.91],[-124.17,40.84],[-124.43,40.44],[-124.34,40.24],[-124.03,40.04],[-123.77,39.67],[-123.81,39.29],[-123.68,39.06],[-123.73,38.92],[-123.2,38.47],[-122.98,38.23],[-122.85,38.02],[-122.5,37.82],[-122.5,37.5],[-122.41,37.4],[-122.41,37.19],[-122.1,36.94],[-121.88,36.98],[-121.79,36.7],[-121.93,36.42],[-121.88,36.31],[-121.49,35.99],[-121.49,35.92],[-120.83,35.35],[-120.92,35.28],[-120.65,35.13],[-120.61,34.66],[-120.48,34.45],[-120.12,34.48],[-119.86,34.41],[-119.55,34.41],[-119.38,34.34],[-119.11,34.08],[-118.54,34.05],[-118.41,33.9],[-118.41,33.72],[-118.1,33.76],[-117.49,33.32],[-117.31,33.13],[-117.27,32.76],[-117.18,32.69],[-117.14,32.65],[-117.14,32.62],[-117.14,32.54],[-116.39,32.58],[-115.86,32.65],[-115.47,32.65],[-114.98,32.69],[-114.81,32.62],[-114.81,32.5],[-114.02,32.24],[-112.74,31.87],[-112.35,31.72],[-111.86,31.57],[-111.64,31.54],[-111.38,31.42],[-111.07,31.35],[-109.54,31.35],[-108.22,31.35],[-108.22,31.8],[-106.55,31.8],[-106.33,31.69],[-106.15,31.42],[-105.93,31.35],[-105.32,30.82],[-104.97,30.67],[-104.88,30.41],[-104.7,30.25],[-104.7,29.95],[-104.53,29.65],[-104.26,29.53],[-104.18,29.38],[-103.91,29.3],[-103.65,29.15],[-103.52,29.15],[-103.3,28.99],[-103.12,28.99],[-102.9,29.19],[-102.77,29.61],[-102.59,29.76],[-102.15,29.8],[-101.76,29.8],[-101.5,29.76],[-101.32,29.65],[-100.88,29.26],[-100.66,29.11],[-100.66,28.92],[-100.53,28.84],[-100.53,28.69],[-100.4,28.57],[-100.31,28.26],[-100,28.07],[-99.87,27.8],[-99.47,27.48],[-99.43,27.02],[-99.25,26.86],[-99.25,26.74],[-99.08,26.39],[-98.77,26.35],[-98.68,26.23],[-98.46,26.23],[-98.29,26.07],[-97.8,26.07],[-97.63,26.03],[-97.5,25.87],[-97.15,25.95],[-97.32,26.23],[-97.41,26.35],[-97.45,26.74],[-97.58,26.86],[-97.45,27.09],[-97.67,27.33],[-97.5,27.37],[-97.37,27.41],[-97.28,27.64],[-97.41,27.8],[-97.1,27.91],[-97.15,28.07],[-97.15,28.15],[-96.93,28.18],[-96.93,28.11],[-96.84,28.18],[-96.79,28.38],[-96.62,28.34],[-96.44,28.42],[-96.57,28.65],[-96.4,28.65],[-96.18,28.72],[-96.22,28.61],[-96.05,28.57],[-95.74,28.72],[-95.39,28.88],[-95.23,29.01],[-95.21,29.03],[-95.17,29.07],[-95.17,29.11],[-94.99,29.22],[-94.86,29.38],[-94.99,29.53],[-94.99,29.68],[-94.95,29.68],[-94.95,29.72],[-94.95,29.68],[-94.82,29.76],[-94.51,29.53],[-94.03,29.68],[-93.67,29.76],[-93.06,29.76],[-92.75,29.61],[-92.27,29.53],[-92.09,29.61],[-92.14,29.8],[-92,29.83],[-91.87,29.76],[-91.65,29.76],[-91.52,29.53],[-91.35,29.53],[-91.13,29.34],[-91.08,29.3],[-91.04,29.34],[-90.82,29.42],[-90.77,29.42],[-90.82,29.42],[-90.91,29.34],[-90.95,29.3],[-90.77,29.26],[-90.69,29.26],[-90.64,29.3],[-90.55,29.45],[-90.38,29.45],[-90.29,29.3],[-90.12,29.19],[-90.07,29.45],[-89.81,29.45],[-89.54,29.38],[-89.72,29.57],[-89.68,29.68],[-89.5,29.76],[-89.5,29.84],[-89.46,29.8],[-89.37,29.84],[-89.59,30.18],[-89.41,30.22],[-89.15,30.37],[-88.84,30.44],[-88.71,30.33],[-88.09,30.37],[-88.05,30.67],[-87.92,30.63],[-87.92,30.41],[-87.74,30.25],[-87.61,30.33],[-87.26,30.33],[-87.04,30.37],[-86.91,30.37],[-86.6,30.41],[-86.47,30.48],[-86.34,30.37],[-85.85,30.22],[-85.68,30.25],[-85.63,30.25],[-85.68,30.25],[-85.72,30.18],[-85.59,30.1],[-85.55,30.1],[-85.59,30.1],[-85.63,30.1],[-85.28,29.8],[-85.33,29.68],[-84.89,29.72],[-84.54,29.91],[-84.32,29.91],[-84.36,30.06],[-84.01,30.1],[-83.66,29.87],[-83.57,29.72],[-83.39,29.68],[-83.39,29.49],[-83.26,29.45],[-83.09,29.19],[-82.82,29.15],[-82.73,29.07],[-82.65,28.76],[-82.65,28.53],[-82.78,28.26],[-82.78,28.15],[-82.87,27.87],[-82.65,27.72],[-82.6,27.87],[-82.38,27.83],[-82.6,27.6],[-82.51,27.52],[-82.56,27.29],[-82.38,26.98],[-82.16,26.86],[-82.21,26.94],[-82.16,26.94],[-82.08,26.94],[-82.08,26.58],[-81.94,26.55],[-81.9,26.47],[-81.88,26.45],[-81.81,26.35],[-81.81,26.11],[-81.64,25.95],[-81.33,25.84],[-81.28,25.72],[-81.24,25.76],[-81.15,25.64],[-81.24,25.72]]],[[[-122.28,38.06],[-122.5,38.09],[-122.5,37.85],[-122.32,37.57],[-122.23,37.75],[-122.41,37.96],[-122.28,38.06]]],[[[-159.45,21.86],[-159.32,22.06],[-159.36,22.22],[-159.58,22.22],[-159.8,22.06],[-159.62,21.9],[-159.45,21.86]]],[[[-157.95,21.33],[-157.65,21.29],[-157.95,21.69],[-158.22,21.53],[-158.09,21.29],[-157.95,21.33]]],[[[-156.9,21.04],[-156.94,21.2],[-157.25,21.2],[-157.29,21.08],[-156.9,21.04]]],[[[-156.46,20.59],[-156.11,20.63],[-155.98,20.71],[-156.28,20.96],[-156.37,20.92],[-156.59,21.04],[-156.68,21],[-156.64,20.79],[-156.46,20.79],[-156.46,20.59]]],[[[-155.67,18.93],[-155.54,19.1],[-155.27,19.27],[-154.97,19.35],[-154.92,19.56],[-155.1,19.89],[-155.19,19.97],[-155.63,20.14],[-155.76,20.26],[-155.89,20.26],[-155.84,20.01],[-156.06,19.68],[-155.89,19.39],[-155.89,19.02],[-155.67,18.93]]]]},"properties":{"ISO_A3":"USA"}},
{"type":"Feature","geometry":{"type":"Polygon","coordinates":[[[166.65,19.31],[166.64,19.28],[166.65,19.29],[166.65,19.31]]]},"properties":{"ISO_A3":"UMI"}},
{"type":"Feature","geometry":{"type":"Polygon","coordinates":[[[66.52,37.33],[67,37.36],[67.31,37.19],[67.49,37.26],[67.79,37.19],[67.88,37.57],[68.06,37.75],[68.14,37.92],[68.28,37.92],[68.41,38.2],[68.14,38.4],[68.06,38.61],[68.19,38.82],[68.1,39.02],[67.75,39.02],[67.49,39.33],[67.4,39.53],[67.79,39.67],[67.88,39.6],[68.54,39.53],[68.63,39.63],[68.63,39.84],[68.85,39.84],[68.93,39.97],[68.76,40.21],[69.29,40.27],[69.33,40.71],[69.46,40.81],[69.68,40.64],[70.08,40.74],[70.38,40.91],[70.47,41.04],[70.74,40.81],[70.69,40.67],[70.43,40.47],[70.56,40.24],[70.87,40.21],[70.96,40.21],[71.13,40.34],[71.62,40.27],[71.79,40.17],[71.97,40.24],[72.05,40.41],[72.41,40.57],[72.58,40.54],[72.98,40.77],[72.67,40.84],[72.45,41.04],[72.19,41.01],[72.14,41.14],[71.92,41.14],[71.83,41.4],[71.44,41.27],[71.44,41.14],[71.13,41.14],[70.78,41.24],[70.74,41.47],[70.52,41.4],[70.21,41.6],[70.38,41.67],[70.69,41.93],[71.26,42.19],[71.13,42.29],[70.96,42.25],[70.69,42.12],[70.34,42.06],[69.95,41.73],[69.64,41.67],[69.33,41.44],[69.02,41.37],[69.02,41.24],[68.67,40.97],[68.58,40.71],[68.63,40.57],[68.28,40.64],[67.97,40.84],[68.06,41.04],[67.79,41.17],[67.49,41.14],[66.69,41.14],[66.52,41.9],[65.99,41.93],[65.99,42.35],[66.08,42.35],[66.08,42.93],[65.86,42.87],[65.55,43.29],[65.2,43.51],[64.94,43.73],[64.54,43.57],[63.75,43.61],[63.31,43.67],[62.83,43.57],[62.26,43.51],[61.99,43.51],[61.91,43.61],[61.42,43.99],[61.07,44.36],[60.02,44.99],[59.22,45.33],[58.83,45.52],[58.61,45.58],[57.29,45.3],[56.68,45.18],[56.02,44.99],[56.02,43.99],[56.02,42.68],[56.02,41.3],[56.59,41.3],[57.07,41.24],[56.98,41.63],[56.98,41.9],[57.16,41.96],[57.34,42.16],[57.64,42.12],[57.86,42.16],[57.95,42.42],[58.04,42.51],[58.38,42.42],[58.26,42.68],[58.61,42.64],[58.65,42.77],[59.01,42.51],[59.14,42.51],[59.44,42.29],[59.93,42.32],[60.19,41.8],[60.06,41.44],[60.5,41.21],[60.67,41.27],[61.07,41.24],[61.33,41.14],[61.47,41.3],[61.91,41.11],[61.99,40.81],[62.12,40.54],[62.34,40.44],[62.43,40],[63.14,39.57],[63.44,39.43],[63.71,39.23],[64.19,38.95],[64.32,38.99],[65.16,38.51],[65.64,38.27],[65.95,38.27],[66.25,38.16],[66.39,38.02],[66.61,38.02],[66.56,37.85],[66.52,37.33]]]},"properties":{"ISO_A3":"UZB"}},
{"type":"Feature","geometry":null,"properties":{"ISO_A3":"VAT"}},
{"type":"Feature","geometry":{"type":"Polygon","coordinates":[[[-61.21,13.11],[-61.12,13.2],[-61.12,13.37],[-61.29,13.24],[-61.21,13.11]]]},"properties":{"ISO_A3":"VCT"}},
{"type":"Feature","geometry":{"type":"MultiPolygon","coordinates":[[[[-63.93,10.92],[-63.93,11.13],[-64.11,11],[-63.93,10.92]]],[[[-66.87,1.23],[-66.7,1.06],[-66.3,0.75],[-66.08,0.75],[-66.04,0.84],[-65.73,1.01],[-65.51,0.92],[-65.16,0.92],[-65.16,1.14],[-64.98,1.14],[-64.81,1.27],[-64.72,1.23],[-64.54,1.45],[-64.28,1.45],[-64.06,1.67],[-64.06,1.93],[-63.75,1.98],[-63.62,2.11],[-63.45,2.11],[-63.36,2.2],[-63.36,2.42],[-63.53,2.46],[-64.02,2.46],[-63.97,2.68],[-64.06,2.94],[-64.19,3.07],[-64.11,3.29],[-64.11,3.47],[-64.32,3.69],[-64.59,3.95],[-64.63,4.13],[-64.19,4.13],[-63.93,3.95],[-63.67,4],[-63.53,3.86],[-63.36,3.95],[-63.23,3.82],[-63.09,3.78],[-62.96,3.6],[-62.79,3.73],[-62.74,4.04],[-62.52,4.04],[-62.48,4.17],[-62.17,4.08],[-62.08,4.17],[-61.82,4.17],[-61.78,4.26],[-61.56,4.26],[-61.47,4.43],[-61.34,4.52],[-60.99,4.52],[-60.94,4.65],[-60.77,4.74],[-60.59,4.92],[-60.72,5.22],[-60.77,5.22],[-61.38,5.97],[-61.16,6.23],[-61.16,6.71],[-60.94,6.71],[-60.68,6.84],[-60.37,6.93],[-60.28,7.06],[-60.37,7.19],[-60.63,7.23],[-60.59,7.36],[-60.72,7.49],[-60.59,7.62],[-60.5,7.84],[-60.33,7.84],[-59.8,8.32],[-60.02,8.54],[-59.98,8.54],[-60.15,8.62],[-60.41,8.62],[-60.63,8.54],[-60.81,8.67],[-60.77,8.84],[-60.83,8.86],[-60.85,8.93],[-60.81,8.97],[-60.77,9.1],[-60.77,9.23],[-60.81,9.27],[-60.81,9.4],[-61.07,9.58],[-61.25,9.62],[-61.47,9.84],[-61.64,9.84],[-61.86,9.79],[-62.08,10.01],[-62.3,9.97],[-62.39,9.97],[-62.44,10.01],[-62.52,10.23],[-62.72,10.36],[-62.79,10.57],[-62.3,10.53],[-62.3,10.62],[-62.48,10.75],[-62.79,10.75],[-62.83,10.7],[-63.23,10.7],[-63.62,10.62],[-63.8,10.7],[-63.75,10.44],[-64.11,10.44],[-64.32,10.4],[-64.37,10.31],[-64.46,10.23],[-64.63,10.27],[-64.72,10.1],[-64.98,10.1],[-65.07,10.05],[-65.82,10.27],[-66.08,10.44],[-66.08,10.57],[-66.3,10.62],[-67.05,10.62],[-67.27,10.53],[-67.58,10.49],[-68.15,10.49],[-68.32,10.75],[-68.32,11.05],[-68.63,11.35],[-68.85,11.44],[-69.07,11.44],[-69.16,11.52],[-69.51,11.52],[-69.6,11.44],[-69.77,11.69],[-69.86,12.08],[-69.99,12.21],[-70.17,12.12],[-70.3,11.91],[-70.21,11.78],[-70.21,11.61],[-69.77,11.65],[-69.77,11.44],[-70.04,11.52],[-70.17,11.35],[-70.48,11.31],[-70.56,11.22],[-70.78,11.22],[-71.27,10.96],[-71.49,10.96],[-71.53,10.75],[-71.49,10.4],[-71.09,9.88],[-71.05,9.32],[-71.4,9.06],[-71.71,9.06],[-71.75,9.32],[-71.97,9.58],[-72.1,9.75],[-72.1,9.88],[-71.84,10.18],[-71.75,10.4],[-71.62,10.44],[-71.62,10.66],[-71.71,10.88],[-71.71,11.05],[-71.88,11.22],[-71.97,11.44],[-71.97,11.61],[-71.53,11.69],[-71.4,11.82],[-71.97,11.65],[-72.15,11.35],[-72.23,11.13],[-72.45,11.13],[-72.5,11],[-72.67,10.83],[-72.89,10.44],[-72.89,10.18],[-72.98,10.01],[-72.98,9.75],[-73.07,9.53],[-73.38,9.19],[-72.98,9.23],[-72.8,9.14],[-72.67,8.62],[-72.45,8.45],[-72.37,8.19],[-72.45,7.97],[-72.45,7.41],[-72.15,7.32],[-72.19,7.23],[-72.01,7.01],[-71.84,7.06],[-71.57,7.01],[-71.09,7.01],[-71,6.97],[-70.83,7.1],[-70.65,7.1],[-70.34,6.93],[-70.12,6.97],[-69.86,6.66],[-69.73,6.45],[-69.42,6.14],[-69.29,6.05],[-69.16,6.18],[-68.28,6.18],[-68.19,6.23],[-67.93,6.23],[-67.84,6.31],[-67.53,6.27],[-67.4,6.01],[-67.62,5.79],[-67.62,5.48],[-67.84,5.31],[-67.84,4.52],[-67.8,4.17],[-67.71,4.04],[-67.66,3.82],[-67.44,3.69],[-67.4,3.47],[-67.31,3.34],[-67.71,3.03],[-67.88,2.86],[-67.62,2.81],[-67.53,2.68],[-67.18,2.33],[-67.22,2.24],[-67.09,2.11],[-67.09,1.93],[-66.87,1.41],[-66.87,1.23]]]]},"properties":{"ISO_A3":"VEN"}},
{"type":"Feature","geometry":{"type":"MultiPolygon","coordinates":[[[[107.47,20.92],[107.56,21],[107.47,20.96],[107.47,20.92]]],[[[104,10.01],[104.08,10.36],[103.95,10.36],[104,10.01]]],[[[104.83,8.75],[104.79,8.62],[105.01,8.58],[105.4,8.93],[105.49,9.1],[105.67,9.14],[106.19,9.36],[106.19,9.49],[106.5,9.53],[106.59,9.62],[106.63,9.97],[106.81,10.14],[106.76,10.36],[106.9,10.36],[106.98,10.49],[107.29,10.4],[107.51,10.49],[107.64,10.62],[107.82,10.7],[107.99,10.7],[108.04,10.88],[108.48,11.05],[108.52,11.18],[108.74,11.18],[108.87,11.35],[109.01,11.35],[109.01,11.52],[109.18,11.61],[109.27,11.87],[109.18,12.08],[109.22,12.21],[109.22,12.68],[109.36,12.81],[109.44,12.94],[109.31,13.07],[109.27,13.37],[109.27,13.79],[109.31,13.88],[109.09,14.48],[109.01,14.86],[108.92,14.99],[108.92,15.24],[108.83,15.41],[108.7,15.41],[108.43,15.75],[108.26,16.09],[107.73,16.51],[107.56,16.59],[107.29,16.8],[107.03,17.14],[106.59,17.52],[106.46,17.77],[106.5,17.98],[106.19,18.27],[106.11,18.27],[105.84,18.56],[105.8,18.77],[105.62,18.89],[105.62,19.06],[105.8,19.27],[105.8,19.6],[105.93,19.76],[105.93,19.89],[106.24,20.01],[106.41,20.22],[106.59,20.26],[106.59,20.55],[106.94,20.96],[107.07,20.96],[107.12,21],[107.07,20.96],[107.38,21],[107.51,21.12],[107.38,21.2],[107.47,21.33],[107.6,21.29],[107.82,21.49],[107.73,21.61],[107.64,21.61],[107.6,21.61],[107.56,21.61],[107.51,21.57],[107.51,21.61],[107.47,21.61],[107.47,21.65],[107.42,21.65],[107.42,21.61],[107.38,21.61],[107.38,21.65],[107.29,21.74],[107.07,21.82],[107.07,21.9],[107.03,21.94],[106.98,21.94],[106.94,21.9],[106.94,21.94],[106.94,21.98],[106.72,22.02],[106.72,22.1],[106.68,22.1],[106.68,22.22],[106.72,22.22],[106.68,22.27],[106.68,22.31],[106.68,22.35],[106.59,22.35],[106.59,22.39],[106.54,22.43],[106.59,22.43],[106.54,22.47],[106.59,22.47],[106.59,22.51],[106.59,22.55],[106.59,22.59],[106.63,22.59],[106.68,22.59],[106.72,22.59],[106.72,22.63],[106.72,22.67],[106.76,22.75],[106.81,22.75],[106.85,22.79],[106.81,22.83],[106.76,22.83],[106.72,22.83],[106.72,22.87],[106.68,22.87],[106.63,22.87],[106.59,22.91],[106.41,22.87],[106.32,22.87],[106.28,22.87],[106.24,22.87],[106.15,23],[105.84,22.95],[105.8,23.04],[105.71,23.08],[105.58,23.08],[105.58,23.16],[105.31,23.4],[105.23,23.28],[105.14,23.28],[105.14,23.24],[105.09,23.24],[105.09,23.28],[105.05,23.24],[105.01,23.24],[105.01,23.2],[104.96,23.2],[104.83,23.08],[104.88,22.95],[104.79,22.87],[104.74,22.87],[104.74,22.83],[104.7,22.83],[104.66,22.83],[104.61,22.83],[104.57,22.87],[104.57,22.83],[104.52,22.83],[104.39,22.71],[104.39,22.67],[104.35,22.71],[104.3,22.71],[104.26,22.75],[104.26,22.83],[104.22,22.83],[104.17,22.83],[104.13,22.79],[104.08,22.79],[104.08,22.75],[104.04,22.71],[104.04,22.67],[104.04,22.63],[104.04,22.59],[104,22.51],[103.95,22.51],[103.69,22.75],[103.51,22.59],[103.43,22.71],[103.29,22.75],[103.29,22.67],[103.25,22.67],[103.21,22.63],[103.21,22.67],[103.16,22.63],[103.07,22.47],[102.94,22.51],[102.9,22.51],[102.9,22.55],[102.85,22.59],[102.81,22.63],[102.77,22.63],[102.77,22.67],[102.72,22.71],[102.68,22.71],[102.63,22.71],[102.59,22.75],[102.59,22.71],[102.55,22.71],[102.55,22.75],[102.5,22.79],[102.41,22.71],[102.41,22.67],[102.41,22.63],[102.37,22.55],[102.28,22.43],[102.24,22.43],[102.19,22.43],[102.15,22.43],[102.15,22.39],[102.63,21.9],[102.72,21.65],[102.99,21.74],[102.99,21.57],[102.9,21.49],[102.9,21.16],[103.21,20.84],[103.73,20.75],[103.91,20.92],[104.17,20.96],[104.3,20.92],[104.57,20.71],[104.39,20.38],[104.61,20.42],[104.61,20.22],[104.79,20.22],[104.96,20.14],[104.92,19.97],[104.79,19.8],[104.52,19.6],[104.44,19.68],[104.22,19.72],[103.91,19.27],[104.13,19.23],[104.39,19.02],[104.48,19.02],[104.79,18.77],[105.14,18.73],[105.18,18.64],[105.09,18.44],[105.31,18.18],[105.49,18.18],[105.62,18.02],[105.62,17.85],[105.97,17.52],[106.19,17.26],[106.28,17.26],[106.54,16.89],[106.54,16.63],[106.68,16.42],[106.85,16.55],[106.98,16.3],[107.16,16.25],[107.34,16.04],[107.34,15.87],[107.2,15.79],[107.25,15.66],[107.6,15.41],[107.6,15.2],[107.51,15.03],[107.56,14.69],[107.51,14.43],[107.34,14.13],[107.47,13.96],[107.47,13.79],[107.64,13.37],[107.51,13.07],[107.56,12.85],[107.56,12.34],[107.16,12.3],[106.98,12.08],[106.76,12.08],[106.63,11.99],[106.42,11.96],[106.41,11.74],[106.11,11.74],[105.93,11.65],[105.89,11.31],[106.06,11.09],[106.19,11.05],[106.15,10.83],[105.89,10.83],[105.8,10.96],[105.45,10.96],[105.05,10.92],[105.09,10.7],[104.92,10.53],[104.57,10.53],[104.44,10.44],[104.61,10.18],[104.79,10.23],[104.88,10.1],[105.09,10.01],[104.83,9.71],[104.83,8.75]]]]},"properties":{"ISO_A3":"VNM"}},
{"type":"Feature","geometry":{"type":"MultiPolygon","coordinates":[[[[167.75,-15.49],[167.88,-15.45],[167.88,-15.28],[167.66,-15.41],[167.75,-15.49]]],[[[167.09,-15.62],[167.22,-15.75],[167.22,-15.41],[167.18,-15.2],[167,-15.07],[166.83,-15.15],[166.78,-14.81],[166.56,-14.69],[166.56,-14.94],[166.65,-15.11],[166.65,-15.45],[166.87,-15.66],[167.09,-15.62]]],[[[168.14,-15.49],[168.14,-15.79],[168.19,-16],[168.28,-16],[168.14,-15.49]]],[[[168.14,-16.38],[168.23,-16.25],[168.14,-16.08],[167.97,-16.25],[168.14,-16.38]]],[[[167.79,-16.42],[167.48,-16.17],[167.4,-16],[167.18,-15.87],[167.18,-16.13],[167.4,-16.17],[167.44,-16.55],[167.79,-16.46],[167.79,-16.42]]],[[[168.36,-17.81],[168.54,-17.81],[168.58,-17.68],[168.45,-17.56],[168.32,-17.56],[168.23,-17.68],[168.36,-17.81]]],[[[169.2,-18.77],[169.15,-18.64],[168.98,-18.77],[169.2,-18.97],[169.33,-18.89],[169.2,-18.77]]],[[[169.33,-19.64],[169.51,-19.56],[169.33,-19.39],[169.24,-19.51],[169.33,-19.64]]]]},"properties":{"ISO_A3":"VUT"}},
{"type":"Feature","geometry":{"type":"MultiPolygon","coordinates":[[[[-172.54,-13.79],[-172.23,-13.79],[-172.19,-13.58],[-172.32,-13.45],[-172.5,-13.45],[-172.63,-13.54],[-172.8,-13.54],[-172.54,-13.79]]],[[[-171.75,-14.05],[-171.44,-14.05],[-171.57,-13.88],[-171.84,-13.79],[-172.06,-13.88],[-171.93,-14.01],[-171.75,-14.05]]]]},"properties":{"ISO_A3":"WSM"}},
{"type":"Feature","geometry":{"type":"MultiPolygon","coordinates":[[[[42.92,14.82],[43.01,14.6],[43.01,14.3],[43.14,13.96],[43.28,13.71],[43.28,13.45],[43.23,13.24],[43.58,12.72],[43.76,12.72],[43.93,12.6],[44.42,12.68],[44.55,12.81],[44.9,12.77],[44.99,12.81],[45.03,12.81],[45.08,12.94],[45.3,13.02],[45.52,13.2],[45.65,13.37],[45.87,13.41],[46.7,13.41],[46.88,13.54],[47.19,13.58],[47.8,13.92],[47.93,14.05],[48.11,14.01],[48.5,14.01],[48.68,14.05],[48.99,14.3],[49.08,14.48],[49.34,14.65],[49.73,14.77],[50.04,14.82],[50.48,15.03],[50.83,15.07],[51.14,15.15],[52.2,15.66],[52.15,16],[52.37,16.38],[52.85,16.55],[52.94,16.63],[53.12,16.63],[52.99,16.97],[52.81,17.26],[52.72,17.52],[52.59,17.73],[52.2,18.64],[52.02,19.02],[51.27,18.89],[50.79,18.77],[50.35,18.73],[49.6,18.69],[49.12,18.6],[48.2,18.18],[47.58,17.43],[47.45,17.1],[47.19,16.97],[47.01,16.97],[46.75,17.26],[46.35,17.22],[45.91,17.26],[45.38,17.35],[45.21,17.43],[44.24,17.43],[43.98,17.35],[43.67,17.39],[43.5,17.56],[43.32,17.56],[43.19,17.18],[43.23,16.63],[43.06,16.51],[42.92,16.51],[42.79,16.38],[42.84,15.92],[42.7,15.75],[42.7,15.54],[42.79,15.45],[42.62,15.2],[42.79,15.2],[42.88,15.11],[42.92,14.82]]],[[[53.64,12.3],[54.13,12.34],[54.35,12.47],[54.17,12.68],[53.86,12.64],[53.51,12.72],[53.38,12.55],[53.64,12.3]]]]},"properties":{"ISO_A3":"YEM"}},
{"type":"Feature","geometry":{"type":"MultiPolygon","coordinates":[[[[18.45,-34.34],[18.5,-34.08],[18.76,-34.08],[18.85,-34.16],[18.85,-34.37],[19.07,-34.34],[19.37,-34.48],[19.33,-34.63],[19.51,-34.66],[19.59,-34.77],[19.9,-34.77],[20.43,-34.55],[20.47,-34.48],[20.78,-34.45],[20.87,-34.37],[21.13,-34.37],[21.31,-34.45],[21.44,-34.37],[21.92,-34.34],[22.23,-34.05],[22.71,-34.01],[22.93,-34.08],[23.24,-34.08],[23.68,-33.97],[23.99,-34.05],[24.21,-34.05],[24.43,-34.16],[24.78,-34.19],[24.95,-33.97],[25.22,-33.97],[25.39,-34.05],[25.7,-34.05],[25.61,-33.86],[25.83,-33.72],[26.58,-33.75],[26.93,-33.57],[27.06,-33.57],[27.24,-33.42],[27.77,-33.09],[27.9,-33.06],[28.16,-32.8],[28.34,-32.73],[29,-32.17],[29.22,-31.95],[29.3,-31.8],[29.79,-31.42],[29.88,-31.42],[30.62,-30.56],[30.89,-30.02],[31.33,-29.38],[31.54,-29.18],[32.07,-28.8],[32.38,-28.57],[32.42,-28.38],[32.6,-27.99],[32.64,-27.6],[32.78,-27.33],[32.91,-26.86],[32.12,-26.86],[32.12,-26.82],[31.98,-26.94],[31.98,-27.33],[31.5,-27.33],[31.15,-27.21],[30.97,-27.05],[30.97,-26.9],[30.84,-26.82],[30.8,-26.43],[30.97,-26.27],[31.11,-25.91],[31.33,-25.75],[31.5,-25.75],[31.85,-25.99],[31.98,-25.95],[31.94,-25.83],[31.98,-25.44],[32.03,-25.4],[32.03,-24.92],[31.98,-24.68],[32.03,-24.44],[31.9,-24.2],[31.9,-23.96],[31.76,-23.88],[31.68,-23.6],[31.54,-23.48],[31.54,-23.2],[31.33,-22.43],[31.02,-22.3],[30.58,-22.3],[30.27,-22.35],[30.09,-22.3],[29.79,-22.14],[29.39,-22.18],[29,-22.22],[28.95,-22.43],[28.56,-22.59],[28.29,-22.59],[28.03,-22.83],[27.94,-23.07],[27.59,-23.24],[27.55,-23.4],[27.33,-23.4],[26.98,-23.72],[26.93,-23.96],[26.84,-24.08],[26.89,-24.2],[26.67,-24.4],[26.49,-24.48],[26.4,-24.64],[25.88,-24.76],[25.88,-24.92],[25.66,-25.48],[25.57,-25.64],[25.39,-25.75],[24.95,-25.75],[24.78,-25.79],[24.34,-25.75],[24.21,-25.64],[23.9,-25.64],[23.46,-25.28],[22.98,-25.32],[22.85,-25.48],[22.85,-25.6],[22.71,-25.87],[22.71,-26.03],[22.54,-26.23],[22.23,-26.35],[22.01,-26.66],[21.79,-26.66],[21.7,-26.86],[20.69,-26.86],[20.6,-26.78],[20.6,-26.54],[20.82,-26.19],[20.78,-25.79],[20.69,-25.72],[20.65,-25.48],[20.43,-25.08],[19.99,-24.76],[19.99,-25.75],[19.99,-27.37],[19.99,-28.41],[19.86,-28.49],[19.55,-28.53],[19.46,-28.72],[19.29,-28.72],[19.29,-28.88],[19.07,-28.95],[18.89,-28.84],[18.58,-28.88],[18.06,-28.88],[17.92,-28.76],[17.62,-28.76],[17.49,-28.68],[17.35,-28.22],[17.18,-28.1],[16.91,-28.07],[16.78,-28.45],[16.61,-28.49],[16.43,-28.65],[16.83,-29.11],[16.83,-29.22],[17.05,-29.61],[17.05,-29.76],[17.35,-30.52],[17.44,-30.59],[17.75,-31.16],[17.88,-31.27],[18.23,-31.76],[18.36,-32.28],[18.32,-32.58],[18.14,-32.76],[17.88,-32.73],[17.88,-33.02],[18.01,-33.09],[18.1,-33.13],[18.14,-33.35],[18.32,-33.46],[18.5,-33.83],[18.36,-33.94],[18.36,-34.26],[18.45,-34.34]]],[[[27.5,-29.3],[27.24,-29.57],[27.11,-29.57],[27.11,-29.76],[27.37,-30.18],[27.37,-30.33],[27.55,-30.4],[27.77,-30.63],[28.12,-30.67],[28.21,-30.29],[28.38,-30.14],[28.69,-30.14],[28.95,-30.06],[29.13,-29.87],[29.13,-29.72],[29.3,-29.64],[29.3,-29.49],[29.44,-29.41],[29.44,-29.22],[29.13,-28.95],[28.95,-28.88],[28.69,-28.61],[28.43,-28.61],[28.16,-28.72],[28.03,-28.88],[27.77,-28.92],[27.5,-29.3]]]]},"properties":{"ISO_A3":"ZAF"}},
{"type":"Feature","geometry":{"type":"Polygon","coordinates":[[[25.26,-17.81],[25.35,-17.85],[25.79,-17.85],[25.96,-18.02],[26.23,-17.93],[26.58,-17.97],[26.62,-18.06],[27.06,-17.89],[27.33,-17.6],[27.63,-17.35],[27.63,-17.26],[27.81,-16.97],[28.12,-16.84],[28.25,-16.72],[28.65,-16.55],[28.82,-16.51],[28.82,-16.17],[28.91,-15.96],[29.35,-15.7],[29.7,-15.62],[30.18,-15.62],[30.4,-15.66],[30.4,-15.62],[30.36,-15.32],[30.27,-15.28],[30.23,-14.98],[30.67,-14.81],[31.41,-14.64],[32.25,-14.3],[32.47,-14.3],[32.64,-14.18],[32.78,-14.18],[33.26,-14.01],[32.99,-13.92],[32.82,-13.75],[32.86,-13.54],[32.99,-13.24],[32.95,-12.85],[33.08,-12.59],[33.39,-12.55],[33.52,-12.42],[33.35,-12.34],[33.26,-12.12],[33.3,-12.04],[33.3,-11.56],[33.26,-11.48],[33.39,-11.22],[33.3,-10.87],[33.48,-10.83],[33.7,-10.57],[33.57,-10.44],[33.57,-10.23],[33.39,-10.1],[33.39,-9.88],[33.21,-9.71],[32.99,-9.62],[33.04,-9.49],[32.95,-9.4],[32.78,-9.27],[32.56,-9.27],[32.38,-9.14],[32.16,-9.06],[31.98,-9.06],[31.94,-8.93],[31.76,-8.93],[31.59,-8.84],[31.46,-8.62],[31.06,-8.62],[30.89,-8.45],[30.75,-8.19],[29.83,-8.36],[29.3,-8.4],[28.91,-8.49],[28.95,-8.71],[28.69,-9.06],[28.38,-9.27],[28.69,-9.79],[28.65,-9.88],[28.65,-10.61],[28.6,-10.83],[28.51,-10.96],[28.47,-11.39],[28.38,-11.48],[28.43,-11.78],[28.51,-11.91],[28.78,-11.99],[29.04,-12.38],[29.48,-12.42],[29.48,-12.25],[29.66,-12.25],[29.83,-12.17],[29.83,-13.45],[29.66,-13.45],[29.66,-13.24],[29.26,-13.36],[28.95,-13.36],[28.91,-13.15],[28.73,-12.85],[28.47,-12.77],[28.47,-12.51],[28.34,-12.42],[28.12,-12.42],[27.94,-12.25],[27.63,-12.29],[27.5,-12.17],[27.41,-11.91],[27.24,-11.82],[27.2,-11.61],[27.02,-11.61],[27.02,-11.86],[26.89,-11.99],[26.62,-11.95],[25.96,-11.95],[25.88,-11.82],[25.7,-11.82],[25.35,-11.65],[25.31,-11.3],[25.13,-11.26],[24.73,-11.3],[24.52,-11.48],[24.38,-11.43],[24.38,-11.09],[24.21,-11.05],[24.08,-10.87],[23.99,-10.92],[24.08,-11.43],[23.99,-11.61],[23.99,-12.21],[24.08,-12.29],[23.94,-12.51],[23.9,-12.85],[24.03,-12.98],[22.89,-12.98],[22.01,-12.98],[22.01,-14.47],[22.01,-16.21],[22.14,-16.51],[22.63,-16.97],[23.24,-17.56],[23.42,-17.64],[23.86,-17.56],[24.16,-17.47],[24.52,-17.51],[24.87,-17.51],[25,-17.56],[25.17,-17.77],[25.26,-17.81]]]},"properties":{"ISO_A3":"ZMB"}},
{"type":"Feature","geometry":{"type":"Polygon","coordinates":[[[31.33,-22.43],[31.59,-22.14],[31.9,-21.86],[32.12,-21.61],[32.42,-21.33],[32.38,-21.12],[32.51,-20.92],[32.56,-20.55],[32.69,-20.55],[32.86,-20.3],[32.86,-20.09],[33.04,-20.05],[33.04,-19.8],[32.86,-19.64],[32.78,-19.47],[32.86,-19.27],[32.86,-19.02],[32.73,-19.02],[32.69,-18.85],[32.95,-18.68],[32.91,-18.56],[33.04,-18.48],[32.95,-18.1],[32.95,-17.81],[33.04,-17.56],[32.99,-17.47],[32.99,-17.18],[32.91,-16.88],[32.99,-16.72],[32.78,-16.72],[32.73,-16.59],[32.29,-16.42],[31.9,-16.42],[31.76,-16.21],[31.46,-16.17],[31.28,-16],[30.4,-16],[30.4,-15.83],[30.4,-15.66],[30.18,-15.62],[29.7,-15.62],[29.35,-15.7],[28.91,-15.96],[28.82,-16.17],[28.82,-16.51],[28.65,-16.55],[28.25,-16.72],[28.12,-16.84],[27.81,-16.97],[27.63,-17.26],[27.63,-17.35],[27.33,-17.6],[27.06,-17.89],[26.62,-18.06],[26.58,-17.97],[26.23,-17.93],[25.96,-18.02],[25.79,-17.85],[25.35,-17.85],[25.26,-17.81],[25.26,-18.02],[25.39,-18.14],[25.53,-18.39],[25.79,-18.64],[26.05,-19.31],[26.23,-19.6],[26.32,-19.6],[26.62,-19.89],[27.06,-20.01],[27.28,-20.18],[27.28,-20.5],[27.63,-20.46],[27.72,-20.5],[27.72,-20.96],[27.68,-21.08],[27.94,-21.33],[27.94,-21.49],[28.16,-21.61],[28.65,-21.65],[28.86,-21.78],[29.04,-21.82],[29.04,-22.02],[29.26,-22.06],[29.39,-22.18],[29.79,-22.14],[30.09,-22.3],[30.27,-22.35],[30.58,-22.3],[31.02,-22.3],[31.33,-22.43]]]},"properties":{"ISO_A3":"ZWE"}},
{"type":"Feature","geometry":{"type":"MultiPolygon","coordinates":[[[[12.21,-5.79],[12.52,-5.75],[12.52,-5.13],[12.61,-4.96],[12.87,-4.74],[13.09,-4.65],[12.78,-4.39],[12.65,-4.52],[12.39,-4.61],[12.39,-4.74],[12.21,-4.78],[12.04,-5.05],[12.21,-5.4],[12.17,-5.57],[12.21,-5.79]]],[[[12.87,-6.01],[12.92,-5.96],[12.92,-5.92],[12.87,-6.01]]],[[[11.77,-17.26],[11.91,-17.18],[12.21,-17.22],[12.56,-17.22],[12.78,-17.14],[13,-16.97],[13.36,-16.97],[13.53,-17.14],[13.97,-17.43],[14.23,-17.39],[14.98,-17.39],[16.52,-17.39],[17.44,-17.39],[18.41,-17.39],[18.54,-17.56],[18.85,-17.81],[19.29,-17.81],[19.68,-17.89],[20.43,-17.89],[20.69,-17.97],[20.82,-18.06],[21.04,-17.93],[21.22,-17.93],[21.44,-18.02],[22.05,-17.89],[22.36,-17.85],[23.15,-17.68],[23.42,-17.64],[23.24,-17.56],[22.63,-16.97],[22.14,-16.51],[22.01,-16.21],[22.01,-14.47],[22.01,-12.98],[22.89,-12.98],[24.03,-12.98],[23.9,-12.85],[23.94,-12.51],[24.08,-12.29],[23.99,-12.21],[23.99,-11.61],[24.08,-11.43],[23.99,-10.92],[23.81,-11],[23.37,-10.96],[23.24,-11.09],[22.8,-11.09],[22.49,-11.05],[22.45,-11.18],[22.27,-11.18],[22.19,-11],[22.23,-10.79],[22.32,-10.79],[22.32,-10.4],[22.23,-10.23],[22.23,-10.01],[22.01,-9.75],[21.88,-9.66],[21.79,-9.4],[21.88,-8.71],[21.97,-8.45],[21.79,-7.93],[21.83,-7.67],[21.83,-7.32],[21.79,-7.27],[20.56,-7.27],[20.6,-6.92],[20.3,-6.92],[20.3,-7.01],[19.55,-7.01],[19.51,-7.14],[19.51,-7.58],[19.37,-7.58],[19.37,-8.01],[18.8,-8.01],[18.76,-7.93],[18.54,-8.01],[18.1,-8.01],[18.1,-8.1],[17.66,-8.1],[17.35,-7.8],[17.22,-7.62],[17.18,-7.4],[16.91,-7.14],[16.91,-6.88],[16.83,-6.88],[16.74,-6.62],[16.69,-6.27],[16.74,-6.14],[16.61,-6.05],[16.61,-5.88],[15.68,-5.88],[14.19,-5.88],[13.97,-5.83],[13.88,-5.88],[13.05,-5.88],[13,-5.88],[12.96,-5.92],[12.92,-5.96],[12.87,-6.01],[12.61,-6.09],[12.61,-6.14],[12.3,-6.14],[12.48,-6.53],[12.83,-6.97],[12.83,-7.14],[13,-7.53],[13.05,-7.8],[13.4,-8.36],[13.36,-8.49],[13.4,-8.75],[13.31,-8.75],[13,-9.1],[13.18,-9.4],[13.18,-9.58],[13.27,-9.75],[13.31,-9.97],[13.53,-10.27],[13.53,-10.4],[13.71,-10.57],[13.75,-10.83],[13.88,-11],[13.79,-11.35],[13.79,-11.91],[13.71,-11.99],[13.66,-12.25],[13.49,-12.38],[13.49,-12.51],[13.27,-12.59],[13,-12.81],[12.92,-13.07],[12.65,-13.28],[12.52,-13.62],[12.52,-13.88],[12.39,-13.96],[12.34,-14.18],[12.3,-14.77],[12.21,-14.86],[12.17,-15.15],[12.04,-15.24],[12.04,-15.58],[11.77,-15.79],[11.73,-15.92],[11.82,-16.04],[11.82,-16.8],[11.77,-16.84],[11.77,-17.26]]]]},"properties":{"ISO_A3":"AGO"}},
{"type":"Feature","geometry":{"type":"Polygon","coordinates":[[[26.62,48.25],[26.84,48.25],[27.2,47.92],[27.33,47.63],[27.55,47.48],[27.85,47.12],[28.03,47.03],[28.12,46.79],[28.25,46.67],[28.25,46.4],[28.12,46.28],[28.12,45.79],[28.21,45.45],[28.29,45.55],[28.51,45.52],[28.6,45.73],[28.78,45.82],[28.82,45.98],[29.08,46.19],[28.95,46.46],[29.17,46.52],[29.44,46.49],[29.61,46.34],[30.05,46.43],[29.96,46.55],[29.96,46.76],[29.66,46.91],[29.48,47.3],[29.3,47.45],[29.17,47.42],[29.26,47.81],[29.17,47.98],[28.91,47.95],[28.82,48.13],[28.56,48.16],[27.9,48.36],[27.77,48.45],[27.2,48.39],[26.71,48.42],[26.62,48.25]]]},"properties":{"ISO_A3":"MDA"}},
{"type":"Feature","geometry":{"type":"Polygon","coordinates":[[[32.12,-26.86],[32.91,-26.86],[32.91,-26.39],[32.86,-26.27],[32.56,-25.99],[32.47,-26.11],[32.56,-25.99],[32.69,-25.87],[32.86,-25.56],[33.21,-25.32],[33.7,-25.12],[34.22,-24.96],[34.71,-24.76],[35.02,-24.68],[35.46,-24.2],[35.5,-23.84],[35.37,-23.84],[35.41,-23.48],[35.5,-23.32],[35.5,-23.12],[35.59,-22.99],[35.5,-22.79],[35.54,-22.18],[35.32,-22.14],[35.28,-21.61],[35.06,-21.28],[35.1,-20.96],[35.02,-20.71],[34.71,-20.5],[34.75,-20.09],[34.75,-19.76],[34.71,-19.72],[34.8,-19.76],[34.93,-19.84],[35.28,-19.6],[35.32,-19.51],[35.59,-19.27],[35.63,-19.18],[35.94,-18.93],[36.29,-18.89],[36.33,-18.73],[36.6,-18.43],[36.91,-18.14],[37.08,-17.89],[37.3,-17.68],[37.43,-17.64],[37.83,-17.39],[38.05,-17.35],[38.22,-17.22],[38.57,-17.14],[38.75,-17.05],[39.06,-17.01],[39.15,-16.88],[39.45,-16.67],[39.63,-16.59],[39.94,-16.34],[39.89,-16.25],[40.11,-16.08],[40.11,-15.96],[40.55,-15.53],[40.68,-15.24],[40.6,-15.15],[40.68,-14.9],[40.82,-14.86],[40.82,-14.43],[40.64,-14.09],[40.55,-13.75],[40.55,-12.89],[40.6,-12.81],[40.51,-12.51],[40.51,-12.04],[40.46,-11.91],[40.46,-11.39],[40.55,-11.05],[40.51,-10.92],[40.55,-10.49],[40.42,-10.49],[40.2,-10.66],[39.76,-10.92],[39.54,-10.96],[39.19,-11.18],[38.88,-11.18],[38.66,-11.26],[38.53,-11.39],[38.36,-11.39],[38.22,-11.26],[37.83,-11.3],[37.78,-11.52],[37.43,-11.69],[37.12,-11.61],[36.86,-11.61],[36.6,-11.69],[36.2,-11.69],[36.11,-11.56],[35.81,-11.43],[35.63,-11.56],[34.97,-11.56],[34.62,-11.56],[34.66,-11.65],[34.58,-11.86],[34.4,-12.17],[34.44,-12.55],[34.53,-12.68],[34.53,-12.98],[34.58,-13.07],[34.62,-13.49],[34.88,-13.49],[35.02,-13.62],[35.37,-14.05],[35.5,-14.26],[35.67,-14.43],[35.85,-14.69],[35.81,-15.15],[35.85,-15.45],[35.81,-16.04],[35.63,-16.13],[35.41,-16.13],[35.28,-16.21],[35.28,-16.46],[35.15,-16.55],[35.28,-16.72],[35.28,-17.09],[35.1,-17.14],[35.15,-16.8],[34.84,-16.67],[34.84,-16.59],[34.44,-16.3],[34.44,-16.08],[34.27,-15.92],[34.27,-15.79],[34.44,-15.66],[34.44,-15.41],[34.62,-15.24],[34.62,-14.98],[34.53,-14.77],[34.53,-14.56],[34.4,-14.39],[34.09,-14.43],[33.87,-14.52],[33.7,-14.52],[33.52,-14.43],[33.3,-14.18],[33.26,-14.01],[32.78,-14.18],[32.64,-14.18],[32.47,-14.3],[32.25,-14.3],[31.41,-14.64],[30.67,-14.81],[30.23,-14.98],[30.27,-15.28],[30.36,-15.32],[30.4,-15.62],[30.4,-15.83],[30.4,-16],[31.28,-16],[31.46,-16.17],[31.76,-16.21],[31.9,-16.42],[32.29,-16.42],[32.73,-16.59],[32.78,-16.72],[32.99,-16.72],[32.91,-16.88],[32.99,-17.18],[32.99,-17.47],[33.04,-17.56],[32.95,-17.81],[32.95,-18.1],[33.04,-18.48],[32.91,-18.56],[32.95,-18.68],[32.69,-18.85],[32.73,-19.02],[32.86,-19.02],[32.86,-19.27],[32.78,-19.47],[32.86,-19.64],[33.04,-19.8],[33.04,-20.05],[32.86,-20.09],[32.86,-20.3],[32.69,-20.55],[32.56,-20.55],[32.51,-20.92],[32.38,-21.12],[32.42,-21.33],[32.12,-21.61],[31.9,-21.86],[31.59,-22.14],[31.33,-22.43],[31.54,-23.2],[31.54,-23.48],[31.68,-23.6],[31.76,-23.88],[31.9,-23.96],[31.9,-24.2],[32.03,-24.44],[31.98,-24.68],[32.03,-24.92],[32.03,-25.4],[31.98,-25.44],[31.94,-25.83],[31.98,-25.95],[32.12,-26.15],[32.07,-26.31],[32.12,-26.54],[32.12,-26.86]]]},"properties":{"ISO_A3":"MOZ"}},
{"type":"Feature","geometry":{"type":"Polygon","coordinates":[[[104.44,10.44],[104.57,10.53],[104.92,10.53],[105.09,10.7],[105.05,10.92],[105.45,10.96],[105.8,10.96],[105.89,10.83],[106.15,10.83],[106.19,11.05],[106.06,11.09],[105.89,11.31],[105.93,11.65],[106.11,11.74],[106.41,11.74],[106.42,11.96],[106.63,11.99],[106.76,12.08],[106.98,12.08],[107.16,12.3],[107.56,12.34],[107.56,12.85],[107.51,13.07],[107.64,13.37],[107.47,13.79],[107.47,13.96],[107.34,14.13],[107.51,14.43],[107.56,14.69],[107.42,14.52],[107.25,14.56],[106.98,14.3],[106.81,14.3],[106.76,14.43],[106.46,14.48],[106.02,14.3],[106.11,14.18],[106.11,13.92],[105.89,13.92],[105.8,14.09],[105.49,14.13],[105.36,14.09],[105.23,14.35],[105.14,14.22],[104.88,14.43],[104.7,14.43],[104.17,14.35],[103.78,14.35],[103.56,14.43],[103.43,14.35],[103.16,14.35],[102.77,13.92],[102.77,13.84],[102.37,13.58],[102.37,13.2],[102.5,13.02],[102.5,12.68],[102.77,12.47],[102.72,12.38],[102.77,12.04],[102.77,11.99],[102.9,11.74],[103.07,11.44],[103.07,11.18],[103.12,10.88],[103.34,10.92],[103.51,11.18],[103.64,11.09],[103.73,10.88],[103.51,10.62],[103.78,10.44],[103.86,10.62],[104.04,10.53],[104.26,10.57],[104.44,10.44]]]},"properties":{"ISO_A3":"KHM"}},
{"type":"Feature","geometry":{"type":"MultiPolygon","coordinates":[[[[-12.48,7.58],[-12.52,7.62],[-12.88,7.58],[-12.57,7.45],[-12.48,7.49],[-12.48,7.58]]],[[[-11.6,6.97],[-11.47,6.93],[-11.38,7.1],[-11.16,7.27],[-11.12,7.41],[-10.85,7.54],[-10.68,7.75],[-10.59,7.75],[-10.55,8.15],[-10.33,8.15],[-10.28,8.49],[-10.37,8.49],[-10.5,8.32],[-10.63,8.36],[-10.59,8.54],[-10.46,8.67],[-10.59,8.88],[-10.59,9.06],[-10.68,9.1],[-10.68,9.32],[-10.9,9.58],[-10.99,9.75],[-11.21,10.01],[-11.91,10.01],[-11.91,9.92],[-12.13,9.88],[-12.35,9.92],[-12.57,9.71],[-12.7,9.4],[-13.09,9.06],[-13.31,9.01],[-13.23,8.93],[-13.18,8.88],[-13.23,8.58],[-13.05,8.54],[-12.96,8.58],[-13.05,8.54],[-13.14,8.45],[-13.09,8.41],[-13.14,8.45],[-13.27,8.36],[-12.92,8.1],[-12.96,7.93],[-12.74,7.71],[-12.57,7.71],[-12.48,7.58],[-12.48,7.49],[-12.44,7.41],[-12.35,7.36],[-12.13,7.23],[-11.91,7.19],[-11.64,7.06],[-11.6,6.97]]]]},"properties":{"ISO_A3":"SLE"}},
{"type":"Feature","geometry":{"type":"Polygon","coordinates":[[[35.98,34.63],[35.94,34.52],[35.63,34.19],[35.63,33.97],[35.5,33.87],[35.37,33.5],[35.24,33.39],[35.19,33.17],[35.1,33.1],[35.41,33.06],[35.63,33.24],[35.76,33.32],[35.94,33.54],[35.94,33.68],[36.07,33.83],[36.25,33.83],[36.33,33.97],[36.6,34.16],[36.6,34.3],[36.47,34.63],[35.98,34.63]]]},"properties":{"ISO_A3":"LBN"}},
{"type":"Feature","geometry":{"type":"MultiPolygon","coordinates":[[[[-77.15,3.78],[-77.15,3.82],[-77.2,3.82],[-77.15,3.78]]],[[[-77.86,2.64],[-77.81,2.64],[-77.81,2.68],[-77.9,2.68],[-77.86,2.64]]],[[[-77.9,2.64],[-77.86,2.64],[-77.9,2.68],[-77.9,2.64]]],[[[-78.12,2.59],[-78.08,2.59],[-78.08,2.64],[-78.16,2.64],[-78.12,2.59]]],[[[-78.16,2.59],[-78.16,2.64],[-78.21,2.64],[-78.16,2.59]]],[[[-78.25,2.59],[-78.21,2.64],[-78.25,2.64],[-78.25,2.59]]],[[[-78.21,2.55],[-78.16,2.59],[-78.25,2.59],[-78.21,2.55]]],[[[-78.12,2.5],[-78.08,2.55],[-78.12,2.59],[-78.12,2.5]]],[[[-78.43,2.5],[-78.38,2.55],[-78.47,2.55],[-78.43,2.5]]],[[[-78.3,2.46],[-78.25,2.46],[-78.21,2.46],[-78.25,2.5],[-78.3,2.55],[-78.3,2.46]]],[[[-69.95,-4.21],[-69.73,-3.03],[-69.6,-2.46],[-69.47,-1.49],[-69.42,-1.45],[-69.42,-1.01],[-69.6,-0.75],[-69.6,-0.48],[-69.9,-0.35],[-70.04,-0.17],[-70.04,0.53],[-69.77,0.57],[-69.69,0.66],[-69.47,0.7],[-69.38,0.62],[-69.2,0.62],[-69.16,0.88],[-69.2,1.01],[-69.33,1.1],[-69.86,1.06],[-69.86,1.71],[-68.19,1.71],[-68.24,1.98],[-68.15,1.98],[-67.97,1.8],[-67.8,2.02],[-67.62,2.02],[-67.58,2.15],[-67.44,2.15],[-67.31,1.89],[-67.14,1.8],[-67.09,1.58],[-67.09,1.19],[-66.87,1.23],[-66.87,1.41],[-67.09,1.93],[-67.09,2.11],[-67.22,2.24],[-67.18,2.33],[-67.53,2.68],[-67.62,2.81],[-67.88,2.86],[-67.71,3.03],[-67.31,3.34],[-67.4,3.47],[-67.44,3.69],[-67.66,3.82],[-67.71,4.04],[-67.8,4.17],[-67.84,4.52],[-67.84,5.31],[-67.62,5.48],[-67.62,5.79],[-67.4,6.01],[-67.53,6.27],[-67.84,6.31],[-67.93,6.23],[-68.19,6.23],[-68.28,6.18],[-69.16,6.18],[-69.29,6.05],[-69.42,6.14],[-69.73,6.45],[-69.86,6.66],[-70.12,6.97],[-70.34,6.93],[-70.65,7.1],[-70.83,7.1],[-71,6.97],[-71.09,7.01],[-71.57,7.01],[-71.84,7.06],[-72.01,7.01],[-72.19,7.23],[-72.15,7.32],[-72.45,7.41],[-72.45,7.97],[-72.37,8.19],[-72.45,8.45],[-72.67,8.62],[-72.8,9.14],[-72.98,9.23],[-73.38,9.19],[-73.07,9.53],[-72.98,9.75],[-72.98,10.01],[-72.89,10.18],[-72.89,10.44],[-72.67,10.83],[-72.5,11],[-72.45,11.13],[-72.23,11.13],[-72.15,11.35],[-71.97,11.65],[-71.4,11.82],[-71.18,11.99],[-71.13,12.17],[-71.22,12.3],[-71.44,12.42],[-71.71,12.42],[-71.84,12.3],[-72.15,12.25],[-72.15,12.04],[-72.32,11.82],[-72.76,11.69],[-72.94,11.52],[-73.11,11.44],[-73.29,11.26],[-73.86,11.26],[-73.99,11.35],[-74.21,11.31],[-74.21,11.05],[-74.47,10.96],[-74.65,11.05],[-74.87,11.09],[-75.13,10.83],[-75.4,10.7],[-75.48,10.57],[-75.53,10.31],[-75.62,10.18],[-75.62,9.66],[-75.57,9.58],[-75.66,9.4],[-75.88,9.4],[-76.1,9.32],[-76.19,9.1],[-76.63,8.67],[-76.89,8.54],[-76.76,8.41],[-76.76,8.1],[-76.71,7.97],[-76.93,7.93],[-76.93,8.19],[-77.07,8.28],[-77.11,8.41],[-77.29,8.49],[-77.37,8.67],[-77.42,8.49],[-77.37,8.32],[-77.24,8.23],[-77.24,8.06],[-77.33,7.8],[-77.55,7.54],[-77.81,7.45],[-77.9,7.23],[-77.64,6.97],[-77.59,6.84],[-77.33,6.58],[-77.42,6.27],[-77.46,6.14],[-77.33,6.01],[-77.24,5.75],[-77.33,5.62],[-77.51,5.62],[-77.37,5.31],[-77.37,4.83],[-77.33,4.43],[-77.51,4.3],[-77.51,4.08],[-77.33,3.95],[-77.2,3.82],[-77.11,3.86],[-77.15,3.82],[-77.15,3.78],[-77.29,3.56],[-77.55,3.25],[-77.68,3.03],[-77.68,2.86],[-77.81,2.68],[-77.81,2.64],[-77.86,2.64],[-77.9,2.64],[-78.08,2.64],[-78.08,2.59],[-78.08,2.55],[-78.12,2.5],[-78.21,2.46],[-78.25,2.46],[-78.3,2.46],[-78.43,2.5],[-78.47,2.55],[-78.56,2.46],[-78.69,2.24],[-78.69,2.02],[-78.6,1.98],[-78.56,1.8],[-78.87,1.8],[-79,1.67],[-78.78,1.41],[-78.52,1.19],[-78.3,1.19],[-78.3,1.06],[-78.16,0.92],[-77.95,0.84],[-77.68,0.84],[-77.68,0.7],[-77.51,0.57],[-77.51,0.42],[-77.33,0.4],[-76.98,0.26],[-76.41,0.26],[-76.41,0.4],[-76.06,0.35],[-75.79,0.04],[-75.27,-0.13],[-75.18,-0.04],[-74.96,-0.22],[-74.78,-0.22],[-74.61,-0.35],[-74.25,-0.83],[-74.25,-1.01],[-73.9,-1.1],[-73.77,-1.27],[-73.68,-1.23],[-73.46,-1.54],[-73.51,-1.67],[-73.33,-1.8],[-73.29,-1.8],[-73.11,-1.89],[-73.11,-2.28],[-72.89,-2.42],[-72.41,-2.42],[-72.23,-2.46],[-72.06,-2.33],[-71.93,-2.37],[-71.71,-2.15],[-71.4,-2.33],[-71.18,-2.37],[-71.13,-2.28],[-70.87,-2.24],[-70.48,-2.46],[-70.21,-2.55],[-70.08,-2.81],[-70.7,-3.78],[-70.56,-3.86],[-70.26,-3.82],[-70.26,-3.91],[-69.95,-4.21]]]]},"properties":{"ISO_A3":"COL"}},
{"type":"Feature","geometry":{"type":"Polygon","coordinates":[[[-3.12,5.09],[-2.55,4.96],[-2.37,4.96],[-2.11,4.74],[-1.76,4.87],[-1.63,5.05],[-1.23,5.09],[-1.01,5.22],[-0.79,5.22],[-0.4,5.48],[-0.18,5.53],[0.17,5.75],[0.31,5.79],[0.92,5.79],[1.01,5.97],[1.18,6.1],[0.88,6.4],[0.7,6.49],[0.66,6.75],[0.57,6.75],[0.61,7.19],[0.66,7.41],[0.53,7.41],[0.53,7.62],[0.61,7.71],[0.61,8.23],[0.75,8.28],[0.39,8.75],[0.53,8.88],[0.48,8.97],[0.57,9.4],[0.48,9.49],[0.22,9.45],[0.22,9.58],[0.35,9.66],[0.35,10.27],[0.13,10.53],[-0.05,10.62],[0,10.83],[0,11.09],[-0.13,11.13],[-0.22,11.18],[-0.44,11.13],[-0.48,11],[-1.76,11],[-2.81,11],[-2.9,10.83],[-2.9,10.49],[-2.77,10.23],[-2.77,9.58],[-2.68,9.49],[-2.64,9.27],[-2.77,9.14],[-2.64,9.01],[-2.51,8.49],[-2.51,8.19],[-2.64,8.15],[-2.68,8.01],[-2.86,7.75],[-2.99,7.32],[-2.95,7.23],[-3.25,6.79],[-3.25,6.53],[-3.12,6.23],[-3.03,5.7],[-2.77,5.62],[-2.77,5.22],[-2.73,5.13],[-3.12,5.09]]]},"properties":{"ISO_A3":"GHA"}},
{"type":"Feature","geometry":{"type":"MultiPolygon","coordinates":[[[[39.5,3.47],[39.59,3.51],[39.76,3.65],[39.8,3.69],[39.85,3.86],[39.98,3.95],[40.68,4.26],[40.73,4.26],[40.77,4.3],[40.77,4.26],[40.82,4.26],[40.86,4.26],[40.86,4.21],[40.9,4.21],[40.9,4.17],[40.95,4.13],[40.99,4.08],[41.12,4],[41.12,3.95],[41.17,3.95],[41.21,3.95],[41.25,3.95],[41.34,3.95],[41.39,3.95],[41.52,3.95],[41.56,4],[41.56,3.95],[41.69,3.95],[41.69,4],[41.78,4],[41.91,4],[42.09,4.17],[42.4,4.17],[42.88,4.3],[43.14,4.65],[43.63,4.87],[44.02,4.96],[44.51,4.92],[44.99,4.92],[45.17,5.13],[45.65,5.62],[45.82,5.83],[46.88,6.88],[48.02,8.01],[47.01,8.01],[46.66,8.1],[46.48,8.19],[45.47,8.54],[44.68,8.75],[44.42,8.88],[43.98,9.01],[43.63,9.36],[43.45,9.4],[43.32,9.62],[43.28,9.84],[43.1,9.88],[42.97,10.14],[42.84,10.23],[42.79,10.49],[42.66,10.62],[42.84,10.79],[42.97,11],[42.75,11.09],[42.49,11.05],[42.44,10.96],[41.78,10.96],[41.83,11.22],[41.78,11.35],[41.78,11.65],[41.96,11.82],[42.31,12.3],[42.4,12.47],[42.22,12.77],[42.05,12.77],[42,12.9],[41.65,13.37],[41.39,13.49],[41.12,13.84],[40.82,14.18],[40.55,14.26],[40.24,14.43],[40.16,14.56],[40.02,14.43],[39.8,14.48],[39.76,14.56],[39.54,14.6],[39.5,14.52],[39.32,14.48],[39.15,14.6],[39.01,14.6],[38.66,14.43],[38.44,14.48],[38.09,14.69],[37.92,14.9],[37.52,14.18],[37.34,14.43],[37.17,14.43],[36.95,14.3],[36.55,14.26],[36.47,13.96],[36.51,13.84],[36.29,13.37],[36.16,13.02],[36.16,12.68],[36.03,12.72],[35.67,12.64],[35.28,11.95],[35.1,11.82],[35.06,11.44],[34.97,11.35],[35.02,11.18],[34.97,10.96],[34.84,10.7],[34.62,10.92],[34.44,10.83],[34.4,10.66],[34.27,10.53],[34.36,10.27],[34.22,10.05],[34.22,9.88],[34.09,9.58],[34.09,9.49],[34.14,9.19],[34.14,8.97],[34.14,8.67],[34.14,8.62],[34.14,8.58],[34.01,8.49],[33.96,8.49],[33.92,8.49],[33.87,8.45],[33.87,8.41],[33.79,8.36],[33.61,8.45],[33.57,8.45],[33.57,8.49],[33.52,8.45],[33.48,8.49],[33.48,8.45],[33.39,8.45],[33.3,8.45],[33.26,8.45],[33.21,8.41],[33.17,8.41],[33.17,8.28],[33.21,8.23],[33.17,8.19],[33.17,8.15],[33.17,8.1],[33.13,8.06],[33.08,8.06],[33.08,8.01],[33.04,8.01],[33.04,7.97],[32.99,7.93],[32.99,7.84],[33.04,7.8],[33.08,7.8],[33.13,7.8],[33.21,7.8],[33.21,7.75],[33.26,7.8],[33.26,7.75],[33.3,7.75],[33.3,7.71],[33.35,7.71],[33.39,7.75],[33.43,7.75],[33.48,7.75],[33.74,7.67],[33.87,7.58],[34.05,7.36],[34.05,7.27],[34.18,7.14],[34.18,7.1],[34.18,7.06],[34.22,7.01],[34.27,7.01],[34.31,6.97],[34.31,6.93],[34.36,6.93],[34.4,6.93],[34.44,6.93],[34.49,6.93],[34.53,6.88],[34.53,6.84],[34.53,6.79],[34.53,6.75],[34.58,6.75],[34.62,6.71],[34.62,6.75],[34.66,6.75],[34.71,6.71],[34.71,6.66],[34.71,6.62],[34.75,6.62],[34.8,6.58],[34.8,6.62],[34.84,6.62],[34.88,6.62],[35.02,6.49],[35.02,6.45],[34.97,6.4],[34.97,6.31],[34.97,6.27],[34.97,6.23],[34.97,6.18],[34.97,6.14],[34.97,6.1],[35.02,6.1],[35.02,5.97],[35.02,5.92],[35.02,5.88],[35.06,5.83],[35.15,5.7],[35.15,5.62],[35.32,5.48],[35.28,5.44],[35.28,5.4],[35.32,5.35],[35.37,5.35],[35.41,5.35],[35.5,5.4],[35.5,5.44],[35.54,5.44],[35.72,5.4],[35.76,5.35],[35.81,5.35],[35.85,5.31],[35.81,5.13],[35.81,4.78],[35.94,4.65],[35.94,4.57],[36.07,4.48],[36.25,4.43],[36.55,4.43],[36.64,4.48],[36.64,4.43],[36.73,4.43],[36.86,4.43],[36.91,4.43],[37.04,4.39],[37.08,4.35],[37.12,4.3],[37.43,4.13],[37.65,3.95],[37.78,3.86],[38,3.73],[38.18,3.65],[38.44,3.6],[38.57,3.6],[38.71,3.56],[38.88,3.51],[38.97,3.51],[39.01,3.51],[39.06,3.51],[39.06,3.56],[39.1,3.51],[39.19,3.51],[39.5,3.47]]],[[[37.34,11.61],[37.52,11.82],[37.61,12.17],[37.48,12.3],[37.3,12.21],[37.04,12.17],[37.04,11.82],[37.26,11.82],[37.34,11.61]]]]},"properties":{"ISO_A3":"ETH"}},
{"type":"Feature","geometry":{"type":"MultiPolygon","coordinates":[[[[-72.8,18.69],[-72.8,18.81],[-73.24,18.98],[-73.16,18.81],[-72.8,18.69]]],[[[-73.64,18.23],[-73.55,18.23],[-73.6,18.27],[-73.64,18.23]]],[[[-71.75,19.72],[-72.01,19.72],[-72.19,19.8],[-72.37,19.76],[-72.67,19.93],[-73.2,19.93],[-73.42,19.85],[-73.38,19.64],[-73.07,19.64],[-72.8,19.52],[-72.76,19.1],[-72.54,18.77],[-72.32,18.69],[-72.32,18.56],[-72.63,18.56],[-72.67,18.44],[-73.33,18.52],[-73.77,18.52],[-73.9,18.6],[-74.08,18.6],[-74.17,18.69],[-74.39,18.64],[-74.47,18.39],[-74.34,18.27],[-74.08,18.27],[-73.86,18.1],[-73.64,18.23],[-73.6,18.27],[-73.55,18.23],[-73.16,18.18],[-72.54,18.18],[-72.54,18.23],[-72.01,18.23],[-71.75,18.02],[-71.79,18.18],[-71.71,18.35],[-71.88,18.52],[-71.71,18.77],[-71.84,18.98],[-71.71,19.1],[-71.75,19.35],[-71.71,19.47],[-71.75,19.72]]]]},"properties":{"ISO_A3":"HTI"}},
{"type":"Feature","geometry":{"type":"Polygon","coordinates":[[[39.19,32.17],[39.67,32.06],[40.42,31.95],[41.43,31.39],[42.09,31.12],[42.75,30.63],[43.1,30.41],[43.54,30.06],[43.98,29.76],[44.2,29.57],[44.73,29.19],[45.03,29.19],[45.65,29.11],[46.18,29.07],[46.57,29.11],[46.92,29.49],[47.01,29.76],[47.14,29.99],[47.32,30.1],[47.71,30.1],[47.93,30.03],[48.02,29.99],[48.07,30.03],[48.11,30.03],[48.5,29.95],[48.42,30.22],[48.2,30.41],[48.02,30.48],[48.02,31.01],[47.67,31.01],[47.67,31.39],[47.85,31.8],[47.71,31.95],[47.67,32.1],[47.45,32.32],[47.41,32.47],[47.14,32.47],[46.88,32.62],[46.7,32.8],[46.31,32.99],[46.09,32.99],[46.18,33.21],[45.96,33.57],[45.78,33.61],[45.52,33.94],[45.56,34.34],[45.47,34.48],[45.69,34.56],[45.69,34.81],[45.91,34.95],[45.96,35.06],[46.18,35.1],[46.13,35.35],[46,35.46],[46,35.67],[46.22,35.71],[46.13,35.85],[45.78,35.81],[45.56,35.99],[45.34,35.99],[45.34,36.2],[45.25,36.42],[45.03,36.49],[45.08,36.7],[44.86,36.77],[44.9,37.01],[44.77,37.15],[44.29,37.15],[44.24,37.29],[44.02,37.33],[43.93,37.22],[43.58,37.22],[43.36,37.33],[42.79,37.36],[42.62,37.19],[42.35,37.12],[42.35,37.05],[41.83,36.59],[41.39,36.52],[41.3,36.34],[41.25,36.06],[41.39,35.85],[41.39,35.63],[41.21,35.28],[41.21,34.77],[40.99,34.41],[40.64,34.3],[39.8,33.9],[39.28,33.61],[38.79,33.39],[39.1,32.5],[39.06,32.32],[39.19,32.17]]]},"properties":{"ISO_A3":"IRQ"}},
{"type":"Feature","geometry":{"type":"Polygon","coordinates":[[[4.26,19.14],[4.26,18.02],[4.26,17.01],[4.22,17.01],[4.22,16.38],[4.08,16.34],[4,16.13],[4,15.92],[3.91,15.75],[3.73,15.66],[3.51,15.37],[3.03,15.41],[3.03,15.32],[2.63,15.37],[2.33,15.32],[1.8,15.32],[1.32,15.28],[1.01,15.03],[0.75,14.94],[0.61,14.99],[0.26,14.99],[0.26,14.9],[0.17,14.52],[0.39,14.05],[0.66,13.67],[1.01,13.58],[1.01,13.11],[1.14,13.02],[1.89,12.6],[1.98,12.72],[2.11,12.72],[2.24,12.6],[2.28,12.42],[2.06,12.34],[2.41,11.91],[2.37,12.25],[2.55,12.25],[2.85,12.42],[3.25,12.04],[3.34,11.87],[3.51,11.87],[3.6,11.69],[3.69,11.82],[3.65,12.04],[3.65,12.51],[4.04,12.85],[4.13,13.11],[4.13,13.49],[4.22,13.49],[4.48,13.67],[4.83,13.75],[5.27,13.75],[5.45,13.88],[6.11,13.67],[6.28,13.67],[6.68,13.37],[6.76,13.2],[7.03,12.98],[7.2,13.11],[7.42,13.11],[7.78,13.32],[8.08,13.32],[8.39,13.07],[8.57,13.07],[8.65,12.94],[8.87,12.85],[9.23,12.81],[9.66,12.81],[10.02,13.2],[10.19,13.28],[10.46,13.28],[10.67,13.37],[11.6,13.37],[11.82,13.28],[11.99,13.15],[12.48,13.07],[12.56,13.28],[12.7,13.28],[12.87,13.49],[13.22,13.54],[13.31,13.71],[13.62,13.71],[13.49,14.48],[13.66,14.52],[13.66,14.65],[13.79,14.73],[13.79,14.9],[14.01,15.2],[14.15,15.45],[14.37,15.75],[14.98,16.3],[15.42,16.63],[15.55,16.76],[15.55,18.02],[15.6,18.27],[15.6,18.89],[15.68,19.31],[15.68,19.6],[15.77,20.01],[15.99,20.34],[15.68,20.51],[15.42,20.88],[15.51,20.96],[15.29,21.45],[15.2,21.49],[15.2,21.98],[15.07,22.55],[15.07,22.71],[14.98,23],[14.19,22.63],[13.71,23.08],[13.49,23.16],[11.99,23.52],[11.69,23.32],[11.2,23.08],[10.98,22.91],[9.66,22.18],[9.31,21.94],[9.09,21.86],[8.48,21.45],[7.95,21.12],[7.78,21.04],[7.29,20.71],[6.85,20.34],[6.5,20.01],[5.8,19.43],[5.71,19.43],[4.26,19.14]]]},"properties":{"ISO_A3":"NER"}},
{"type":"Feature","geometry":{"type":"Polygon","coordinates":[[[43.14,12.72],[42.88,12.64],[42.84,12.42],[42.66,12.38],[42.53,12.51],[42.4,12.47],[42.31,12.3],[41.96,11.82],[41.78,11.65],[41.78,11.35],[41.83,11.22],[41.78,10.96],[42.44,10.96],[42.49,11.05],[42.75,11.09],[42.97,11],[43.28,11.48],[43.14,11.61],[42.88,11.61],[42.7,11.56],[42.84,11.78],[43.1,11.82],[43.19,11.95],[43.41,12.04],[43.32,12.47],[43.14,12.64],[43.14,12.72]]]},"properties":{"ISO_A3":"DJI"}},
{"type":"Feature","geometry":{"type":"Polygon","coordinates":[[[35.95,4.63],[35.5,4.62],[34.38,4.62],[33.99,4.22],[34.13,3.96],[34.09,3.86],[34.17,3.8],[34.46,3.67],[34.39,3.48],[34.46,3.17],[34.57,3.09],[34.6,2.92],[34.77,2.82],[34.78,2.69],[34.93,2.51],[35.03,1.91],[34.96,1.6],[34.77,1.42],[34.81,1.23],[34.53,1.1],[34.44,0.86],[34.28,0.64],[34.14,0.58],[34.1,0.36],[33.92,0.11],[33.98,-0.13],[33.93,-1],[34.08,-1.02],[37.6,-3.01],[37.67,-3.06],[37.71,-3.31],[37.59,-3.44],[37.61,-3.52],[37.75,-3.55],[37.79,-3.68],[39.21,-4.68],[39.55,-4.4],[39.98,-3.39],[40.13,-3.28],[40.14,-3.02],[40.26,-2.64],[40.49,-2.54],[40.61,-2.56],[40.83,-2.39],[40.92,-2.22],[40.91,-2.04],[41.02,-2.05],[41.22,-1.9],[41.28,-1.98],[41.56,-1.66],[40.99,-0.83],[40.99,2.82],[41.33,3.16],[41.91,3.98],[41.2,3.94],[40.76,4.28],[39.87,3.87],[39.53,3.41],[39.5,3.47],[38.9,3.52],[38.54,3.66],[38.13,3.61],[37.03,4.39],[36.84,4.45],[36.05,4.46],[35.94,4.55],[35.95,4.63]]]},"properties":{"ISO_A3":"KEN"}},
{"type":"Feature","geometry":{"type":"Polygon","coordinates":[[[35.02,6.45],[34.94,6.56],[34.56,6.74],[34.48,6.9],[34.29,6.95],[34.19,7.13],[34.02,7.25],[34,7.42],[33.72,7.66],[33.47,7.75],[33.32,7.71],[33,7.86],[33.09,8.07],[33.19,8.13],[33.22,8.44],[33.62,8.47],[33.77,8.37],[34.15,8.61],[34.11,9.5],[33.88,9.5],[33.92,9.77],[33.99,9.92],[33.97,10.15],[33.52,10.64],[33.25,10.78],[33.14,11.63],[33.29,12.22],[32.73,12.24],[32.75,11.95],[32.11,11.95],[32.39,11.71],[32.39,11.18],[32.47,11.04],[31.99,10.65],[31.78,10.29],[31.28,9.76],[30.83,9.72],[30.53,9.96],[29.94,10.29],[29.54,10.08],[29.54,9.75],[29.05,9.74],[28.8,9.5],[28.74,9.35],[28.04,9.35],[27.91,9.61],[27.14,9.63],[26.7,9.49],[26.39,9.56],[26.21,9.92],[25.93,10.18],[25.89,10.41],[25.21,10.36],[25.06,10.27],[25.08,10.08],[24.97,9.9],[24.74,9.72],[24.75,9.59],[24.55,9.23],[24.58,8.91],[24.22,8.64],[24.26,8.58],[24.15,8.39],[24.36,8.25],[24.46,8.28],[24.57,8.2],[24.86,8.18],[24.96,7.98],[25.28,7.81],[25.3,7.69],[25.17,7.57],[25.19,7.5],[25.49,7.27],[26.04,7.01],[26.11,6.81],[26.41,6.66],[26.3,6.41],[26.53,6.23],[26.45,6.08],[26.51,6.11],[26.56,6.03],[26.83,5.99],[26.83,5.9],[27.2,5.74],[27.29,5.6],[27.24,5.42],[27.29,5.26],[27.46,5.08],[27.51,4.92],[27.65,4.9],[27.78,4.77],[27.79,4.61],[27.89,4.54],[28.05,4.55],[28.08,4.43],[28.42,4.28],[28.78,4.56],[28.84,4.48],[29.03,4.49],[29.21,4.34],[29.44,4.52],[29.5,4.7],[29.81,4.56],[29.8,4.38],[29.96,4.3],[30.06,4.13],[30.16,4.12],[30.22,3.93],[30.53,3.86],[30.59,3.61],[30.77,3.68],[30.87,3.49],[30.98,3.7],[31.16,3.79],[31.29,3.79],[31.55,3.65],[31.8,3.83],[31.95,3.59],[32.2,3.51],[32.2,3.6],[32.42,3.74],[32.72,3.77],[33.03,3.89],[33.19,3.78],[33.51,3.75],[34.38,4.62],[35.24,4.99],[35.56,4.92],[35.52,4.76],[35.6,4.62],[35.77,4.69],[35.78,4.63],[35.95,4.63],[35.81,4.79],[35.86,5.32],[35.51,5.42],[35.32,5.34],[35.31,5.5],[35.13,5.62],[35,5.94],[34.95,6.25],[35.02,6.45]]]},"properties":{"ISO_A3":"SSD"}},
{"type":"Feature","geometry":{"type":"MultiPolygon","coordinates":[[[[-113.14,28.99],[-113.18,29.3],[-113.49,29.53],[-113.58,29.42],[-113.45,29.26],[-113.14,28.99]]],[[[-112.39,28.76],[-112.26,28.76],[-112.22,29.11],[-112.3,29.22],[-112.48,29.19],[-112.48,28.96],[-112.39,28.76]]],[[[-105.58,22.14],[-105.54,22.14],[-105.58,22.18],[-105.58,22.14]]],[[[-97.63,21.78],[-97.58,21.78],[-97.63,21.82],[-97.63,21.78]]],[[[-87.79,21.53],[-87.83,21.56],[-87.83,21.55],[-87.79,21.53]]],[[[-90.42,20.79],[-90.38,20.84],[-90.34,20.96],[-90.42,20.79]]],[[[-87,20.26],[-86.73,20.55],[-87,20.47],[-87,20.26]]],[[[-91.32,18.91],[-91.3,18.93],[-91.35,18.93],[-91.32,18.91]]],[[[-92.22,14.56],[-92.18,14.86],[-92.09,15.07],[-92.22,15.28],[-92.09,15.45],[-91.74,16.09],[-90.42,16.09],[-90.47,16.47],[-90.6,16.47],[-90.64,16.63],[-90.95,16.89],[-91.08,16.89],[-91.43,17.26],[-90.99,17.26],[-90.99,17.81],[-89.15,17.81],[-89.15,17.98],[-88.97,17.98],[-88.89,17.89],[-88.53,18.35],[-88.53,18.48],[-88.31,18.48],[-88.05,18.85],[-88.01,18.6],[-88.05,18.48],[-87.83,18.35],[-87.74,18.44],[-87.74,18.64],[-87.66,18.89],[-87.48,19.27],[-87.7,19.31],[-87.48,19.47],[-87.7,19.56],[-87.57,19.8],[-87.48,19.8],[-87.48,20.14],[-87.26,20.47],[-87.08,20.59],[-86.86,20.84],[-86.78,21.16],[-86.86,21.37],[-87.08,21.45],[-87.26,21.41],[-87.48,21.49],[-87.79,21.53],[-87.83,21.55],[-87.87,21.57],[-88.01,21.61],[-88.62,21.53],[-88.93,21.37],[-89.54,21.33],[-90.12,21.12],[-90.34,20.96],[-90.38,20.84],[-90.42,20.79],[-90.47,20.47],[-90.47,19.89],[-90.69,19.72],[-90.73,19.35],[-90.99,19.1],[-91.21,18.98],[-91.3,18.93],[-91.32,18.91],[-91.35,18.89],[-91.21,18.77],[-91.26,18.6],[-91.48,18.44],[-91.79,18.48],[-91.79,18.44],[-91.79,18.48],[-91.92,18.56],[-91.96,18.69],[-92.36,18.69],[-92.71,18.56],[-92.93,18.44],[-93.45,18.44],[-94.03,18.23],[-94.55,18.14],[-94.64,18.31],[-94.86,18.56],[-95.04,18.56],[-95.12,18.69],[-95.3,18.73],[-95.7,18.73],[-95.96,18.89],[-95.96,19.06],[-96.18,19.27],[-96.31,19.31],[-96.31,19.52],[-96.4,19.56],[-96.44,19.85],[-96.71,20.18],[-97.15,20.59],[-97.23,20.88],[-97.37,21.08],[-97.41,21.37],[-97.32,21.53],[-97.58,21.78],[-97.45,21.61],[-97.41,21.45],[-97.58,21.53],[-97.72,21.74],[-97.72,21.94],[-97.85,22.39],[-97.89,22.67],[-97.76,22.87],[-97.76,23.64],[-97.72,23.84],[-97.76,24],[-97.76,24.4],[-97.72,24.6],[-97.72,25.36],[-97.37,25.36],[-97.45,25.2],[-97.23,25.56],[-97.15,25.76],[-97.15,25.95],[-97.5,25.87],[-97.63,26.03],[-97.8,26.07],[-98.29,26.07],[-98.46,26.23],[-98.68,26.23],[-98.77,26.35],[-99.08,26.39],[-99.25,26.74],[-99.25,26.86],[-99.43,27.02],[-99.47,27.48],[-99.87,27.8],[-100,28.07],[-100.31,28.26],[-100.4,28.57],[-100.53,28.69],[-100.53,28.84],[-100.66,28.92],[-100.66,29.11],[-100.88,29.26],[-101.32,29.65],[-101.5,29.76],[-101.76,29.8],[-102.15,29.8],[-102.59,29.76],[-102.77,29.61],[-102.9,29.19],[-103.12,28.99],[-103.3,28.99],[-103.52,29.15],[-103.65,29.15],[-103.91,29.3],[-104.18,29.38],[-104.26,29.53],[-104.53,29.65],[-104.7,29.95],[-104.7,30.25],[-104.88,30.41],[-104.97,30.67],[-105.32,30.82],[-105.93,31.35],[-106.15,31.42],[-106.33,31.69],[-106.55,31.8],[-108.22,31.8],[-108.22,31.35],[-109.54,31.35],[-111.07,31.35],[-111.38,31.42],[-111.64,31.54],[-111.86,31.57],[-112.35,31.72],[-112.74,31.87],[-114.02,32.24],[-114.81,32.5],[-114.81,32.62],[-114.98,32.69],[-115.47,32.65],[-115.86,32.65],[-116.39,32.58],[-117.14,32.54],[-116.87,32.02],[-116.61,31.87],[-116.65,31.54],[-116.43,31.35],[-116.26,30.97],[-116.04,30.78],[-116.04,30.44],[-115.95,30.44],[-115.77,30.25],[-115.77,30.03],[-115.69,29.76],[-115.42,29.57],[-115.25,29.53],[-114.59,29.07],[-114.59,28.96],[-114.41,28.8],[-114.15,28.65],[-114.06,28.53],[-114.1,28.07],[-114.1,28.03],[-114.1,28.07],[-114.28,27.87],[-114.41,27.8],[-114.85,27.8],[-114.76,27.56],[-114.5,27.41],[-114.5,27.21],[-114.15,27.13],[-113.93,27.02],[-113.58,26.7],[-113.4,26.82],[-113.14,26.74],[-112.96,26.55],[-112.7,26.31],[-112.44,26.27],[-112.3,26.15],[-112.08,25.76],[-112.08,25.32],[-112.17,25.2],[-112.26,24.92],[-112.22,24.84],[-112.17,24.88],[-112.13,24.88],[-112.13,24.96],[-112.13,24.88],[-111.95,24.76],[-111.82,24.56],[-111.64,24.52],[-111.38,24.28],[-111.16,24.2],[-110.85,23.96],[-110.68,23.76],[-110.28,23.52],[-110.15,23.32],[-110.11,23],[-109.97,22.87],[-109.84,22.91],[-109.67,23.08],[-109.45,23.2],[-109.4,23.44],[-109.62,23.64],[-109.84,23.92],[-109.84,24.04],[-110.28,24.36],[-110.37,24.12],[-110.55,24.2],[-110.68,24.36],[-110.72,24.52],[-110.68,24.88],[-110.94,25.2],[-110.94,25.32],[-111.21,25.6],[-111.21,25.72],[-111.34,25.84],[-111.38,26.35],[-111.47,26.39],[-111.6,26.7],[-111.82,26.9],[-112,26.94],[-112,27.13],[-112.13,27.13],[-112.44,27.6],[-112.7,27.72],[-112.79,27.87],[-112.74,27.99],[-112.83,28.11],[-112.87,28.42],[-113.01,28.45],[-113.18,28.76],[-113.53,29.07],[-113.75,29.42],[-114.02,29.57],[-114.19,29.72],[-114.37,29.76],[-114.41,29.91],[-114.54,29.95],[-114.63,30.22],[-114.63,30.56],[-114.72,30.63],[-114.72,30.94],[-114.9,31.12],[-114.85,31.57],[-114.76,31.65],[-114.46,31.69],[-114.19,31.5],[-114.02,31.5],[-113.84,31.61],[-113.62,31.5],[-113.62,31.31],[-113.18,31.24],[-113.05,31.16],[-113.09,30.67],[-112.74,30.22],[-112.74,29.91],[-112.44,29.57],[-112.39,29.34],[-112.26,29.34],[-112.08,28.96],[-111.91,28.8],[-111.86,28.65],[-111.69,28.45],[-111.56,28.42],[-111.34,28.15],[-111.12,27.95],[-110.94,27.87],[-110.72,27.91],[-110.59,27.83],[-110.59,27.48],[-110.33,27.17],[-109.97,27.09],[-109.97,27.05],[-109.76,26.7],[-109.54,26.7],[-109.27,26.55],[-109.23,26.39],[-109.18,26.35],[-109.14,26.31],[-109.18,26.35],[-109.23,26.35],[-109.45,25.95],[-109.32,25.76],[-109.05,25.6],[-108.92,25.44],[-108.79,25.56],[-108.53,25.28],[-108.44,25.28],[-108.31,25.24],[-107.95,24.92],[-108,24.72],[-107.91,24.6],[-107.69,24.48],[-107.51,24.48],[-107.51,24.32],[-107.38,24.24],[-107.25,24.16],[-107.21,24.12],[-107.03,24],[-106.81,23.72],[-106.81,23.64],[-106.37,23.2],[-106.33,23.16],[-106.11,22.91],[-105.8,22.63],[-105.67,22.39],[-105.63,22.18],[-105.58,22.18],[-105.54,22.14],[-105.58,22.14],[-105.63,22.18],[-105.67,22.02],[-105.45,21.65],[-105.23,21.53],[-105.23,21.04],[-105.45,20.88],[-105.23,20.59],[-105.32,20.51],[-105.54,20.51],[-105.71,20.38],[-105.54,20.22],[-105.54,20.09],[-105.32,19.72],[-105.1,19.6],[-104.97,19.31],[-104.7,19.23],[-104.61,19.14],[-104.31,19.1],[-104.31,19.02],[-103.87,18.81],[-103.56,18.52],[-103.47,18.31],[-103.12,18.18],[-102.99,18.18],[-102.73,18.06],[-102.59,18.06],[-102.24,17.93],[-101.98,17.98],[-101.36,17.47],[-101.19,17.43],[-101.06,17.31],[-100.48,17.1],[-100.13,16.93],[-100,16.93],[-99.87,16.8],[-99.65,16.68],[-99.34,16.68],[-98.99,16.55],[-98.77,16.55],[-98.42,16.25],[-98.24,16.25],[-97.76,15.96],[-97.32,15.96],[-97.15,15.92],[-97.01,15.79],[-96.62,15.66],[-96.27,15.66],[-96.09,15.79],[-95.87,15.83],[-95.78,15.92],[-95.43,15.96],[-95.21,16.17],[-94.99,16.21],[-94.55,16.21],[-94.42,16.17],[-94.42,16.3],[-93.85,16],[-93.72,15.87],[-93.24,15.49],[-93.1,15.41],[-92.66,14.99],[-92.31,14.6],[-92.22,14.56]]]]},"properties":{"ISO_A3":"MEX"}},
{"type":"Feature","geometry":{"type":"Polygon","coordinates":[[[7.42,43.72],[7.44,43.75],[7.41,43.73],[7.42,43.72]]]},"properties":{"ISO_A3":"MCO"}}
]}