{"type":"FeatureCollection","crs":{"type":"name","properties":{"name":"EPSG:4326"}},"features":[{"type":"Feature","geometry":{"type":"LineString","coordinates":[[74.89,37.23],[74.5,37.24],[74.56,37.03]]},"properties":{"Style":null}},{"type":"Feature","geometry":{"type":"LineString","coordinates":[[55.21,22.71],[55.14,22.63],[52.58,22.94],[51.59,24.25]]},"properties":{"Style":null}},{"type":"Feature","geometry":{"type":"LineString","coordinates":[[44.81,39.63],[44.77,39.71]]},"properties":{"Style":null}},{"type":"Feature","geometry":{"type":"LineString","coordinates":[[25.26,-17.79],[25.26,-17.79]]},"properties":{"Style":null}},{"type":"Feature","geometry":{"type":"LineString","coordinates":[[-123.04,49],[-123.09,49]]},"properties":{"Style":null}},{"type":"Feature","geometry":{"type":"LineString","coordinates":[[-84.26,46.5],[-84.27,46.49]]},"properties":{"Style":null}},{"type":"Feature","geometry":{"type":"LineString","coordinates":[[-79.01,42.98],[-78.94,42.96]]},"properties":{"Style":null}},{"type":"Feature","geometry":{"type":"LineString","coordinates":[[113.53,22.17],[113.55,22.22]]},"properties":{"Style":null}},{"type":"Feature","geometry":{"type":"LineString","coordinates":[[114.03,22.51],[114.23,22.54]]},"properties":{"Style":null}},{"type":"Feature","geometry":{"type":"LineString","coordinates":[[124.35,39.97],[124.28,39.96]]},"properties":{"Style":null}},{"type":"Feature","geometry":{"type":"LineString","coordinates":[[87.29,49.12],[87.82,49.17]]},"properties":{"Style":null}},{"type":"Feature","geometry":{"type":"LineString","coordinates":[[77.34,35.52],[77.47,35.56],[77.4,35.71],[77.01,35.73],[76.81,35.86],[76.65,36.2],[76.28,36.31],[75.95,36.6]]},"properties":{"Style":"Tightly Dashed"}},{"type":"Feature","geometry":{"type":"LineString","coordinates":[[75.95,36.6],[75.72,36.75],[75.45,36.72],[75.4,36.95],[74.56,37.03]]},"properties":{"Style":null}},{"type":"Feature","geometry":{"type":"LineString","coordinates":[[81.03,30.2],[81.03,30.23]]},"properties":{"Style":null}},{"type":"Feature","geometry":{"type":"LineString","coordinates":[[81.03,30.23],[80.19,30.67]]},"properties":{"Style":null}},{"type":"Feature","geometry":{"type":"LineString","coordinates":[[80.19,30.67],[80.18,30.81],[79.7,30.97]]},"properties":{"Style":"Tightly Dashed"}},{"type":"Feature","geometry":{"type":"LineString","coordinates":[[79.7,30.97],[79.41,31.07]]},"properties":{"Style":null}},{"type":"Feature","geometry":{"type":"LineString","coordinates":[[79.41,31.07],[79.1,31.45],[78.88,31.29]]},"properties":{"Style":"Tightly Dashed"}},{"type":"Feature","geometry":{"type":"LineString","coordinates":[[78.88,31.29],[78.75,31.37],[78.85,31.61],[78.71,31.77]]},"properties":{"Style":null}},{"type":"Feature","geometry":{"type":"LineString","coordinates":[[78.74,31.89],[78.76,31.95]]},"properties":{"Style":null}},{"type":"Feature","geometry":{"type":"LineString","coordinates":[[78.71,31.77],[78.74,31.89]]},"properties":{"Style":"Tightly Dashed"}},{"type":"Feature","geometry":{"type":"LineString","coordinates":[[78.76,31.95],[78.49,32.27]]},"properties":{"Style":"Tightly Dashed"}},{"type":"Feature","geometry":{"type":"LineString","coordinates":[[78.63,32.63],[78.66,32.66]]},"properties":{"Style":null}},{"type":"Feature","geometry":{"type":"LineString","coordinates":[[78.74,32.7],[78.78,32.48],[78.97,32.34],[79.28,32.56]]},"properties":{"Style":null}},{"type":"Feature","geometry":{"type":"LineString","coordinates":[[79.15,33.18],[78.94,33.39]]},"properties":{"Style":null}},{"type":"Feature","geometry":{"type":"LineString","coordinates":[[78.57,32.62],[78.63,32.63]]},"properties":{"Style":"Tightly Dashed"}},{"type":"Feature","geometry":{"type":"LineString","coordinates":[[78.66,32.66],[78.74,32.7]]},"properties":{"Style":"Tightly Dashed"}},{"type":"Feature","geometry":{"type":"LineString","coordinates":[[79.28,32.56],[79.43,32.54],[79.56,32.76],[79.34,32.99],[79.41,33.19],[79.15,33.18]]},"properties":{"Style":"Tightly Dashed"}},{"type":"Feature","geometry":{"type":"LineString","coordinates":[[67.79,37.17],[68.03,36.93],[68.91,37.33],[69.31,37.12],[69.54,37.59],[70.17,37.53],[70.3,37.69],[70.18,37.94],[70.51,38.12],[70.68,38.41],[70.99,38.49],[71.37,38.26],[71.26,37.92],[71.59,37.92],[71.43,37.07],[71.68,36.67],[72.68,37.02],[72.82,37.23],[73.31,37.46],[73.77,37.44],[73.62,37.27],[73.76,37.22],[74.38,37.42],[74.7,37.4],[74.89,37.23]]},"properties":{"Style":null}},{"type":"Feature","geometry":{"type":"LineString","coordinates":[[74.56,37.03],[74.05,36.83],[73.84,36.93],[72.65,36.85],[72.23,36.74],[71.8,36.5],[71.81,36.4],[71.64,36.48],[71.2,36.04],[71.55,35.73],[71.5,35.63],[71.66,35.44],[71.54,35.31],[71.68,35.2],[71.01,34.53],[71.18,34.36],[71.08,34.06],[70.51,33.94],[69.9,34.04],[69.86,33.92],[70.14,33.73],[70.33,33.33],[69.5,33.02],[69.45,32.66],[69.24,32.46],[69.33,31.93],[68.91,31.6],[68.58,31.83],[68.45,31.76],[68.54,31.71],[68.17,31.84],[67.97,31.64],[67.57,31.52],[67.76,31.32],[66.73,31.21],[66.58,30.98],[66.39,30.94],[66.24,30.06],[66.37,29.97],[66.25,29.85],[65.06,29.53],[64.54,29.59],[64.13,29.38],[63.58,29.49],[62.47,29.39],[60.87,29.86]]},"properties":{"Style":null}},{"type":"Feature","geometry":{"type":"LineString","coordinates":[[61.27,35.61],[61.59,35.44],[62.06,35.43],[62.31,35.13],[62.48,35.28],[62.62,35.21],[63.1,35.42],[63.1,35.62],[63.25,35.68],[63.12,35.86],[64.07,36],[64.09,36.13],[64.58,36.35],[64.8,36.92],[64.76,37.11],[65.53,37.24],[65.7,37.53],[66.53,37.34]]},"properties":{"Style":null}},{"type":"Feature","geometry":{"type":"LineString","coordinates":[[66.53,37.34],[66.95,37.4],[67.26,37.18],[67.5,37.28],[67.79,37.17]]},"properties":{"Style":null}},{"type":"Feature","geometry":{"type":"LineString","coordinates":[[60.87,29.86],[61.8,30.83],[61.84,31.04],[61.71,31.38],[60.86,31.49],[60.88,32.2],[60.58,33.13],[60.95,33.51],[60.58,33.6],[60.52,34.11],[60.69,34.31],[60.92,34.31],[60.74,34.53],[61,34.64],[61.15,35.07],[61.09,35.26],[61.27,35.61]]},"properties":{"Style":null}},{"type":"Feature","geometry":{"type":"LineString","coordinates":[[20.59,41.88],[20.45,41.52],[20.52,41.24],[20.73,40.91],[20.98,40.85]]},"properties":{"Style":null}},{"type":"Feature","geometry":{"type":"LineString","coordinates":[[20.98,40.85],[21.04,40.56],[20.78,40.42],[20.68,40.1],[20.31,39.99],[20.41,39.81],[20.22,39.65],[20.01,39.69]]},"properties":{"Style":null}},{"type":"Feature","geometry":{"type":"LineString","coordinates":[[20.08,42.56],[20.26,42.32],[20.51,42.22],[20.59,41.88]]},"properties":{"Style":null}},{"type":"Feature","geometry":{"type":"LineString","coordinates":[[19.37,41.85],[19.4,42.1],[19.28,42.18],[19.66,42.63],[19.83,42.47],[20.08,42.56]]},"properties":{"Style":null}},{"type":"Feature","geometry":{"type":"LineString","coordinates":[[1.73,42.5],[1.46,42.44],[1.44,42.6]]},"properties":{"Style":null}},{"type":"Feature","geometry":{"type":"LineString","coordinates":[[1.44,42.6],[1.71,42.61],[1.73,42.5]]},"properties":{"Style":null}},{"type":"Feature","geometry":{"type":"LineString","coordinates":[[56.38,24.98],[56.11,24.74],[56.01,24.99],[55.81,24.91],[55.75,24.23],[55.96,24.22],[56.02,24.07],[55.48,23.94],[55.57,23.63],[55.23,23.11],[55.21,22.71]]},"properties":{"Style":null}},{"type":"Feature","geometry":{"type":"LineString","coordinates":[[56.25,25.24],[56.35,25.3],[56.25,25.32],[56.25,25.24]]},"properties":{"Style":null}},{"type":"Feature","geometry":{"type":"LineString","coordinates":[[56.09,26.05],[56.18,26.02],[56.18,25.62],[56.27,25.63]]},"properties":{"Style":null}},{"type":"Feature","geometry":{"type":"LineString","coordinates":[[56.29,25.28],[56.27,25.26],[56.27,25.28],[56.29,25.28]]},"properties":{"Style":null}},{"type":"Feature","geometry":{"type":"LineString","coordinates":[[-68.43,-52.4],[-70,-52],[-72.01,-51.98],[-71.95,-51.87],[-72.44,-51.58],[-72.26,-51.24],[-72.41,-51.11],[-72.27,-51.03],[-72.29,-50.66],[-72.73,-50.62],[-73.07,-50.79],[-73.2,-50.74],[-73.15,-50.65],[-73.57,-50.27],[-73.45,-49.79],[-73.55,-49.5],[-73.43,-49.39],[-73.47,-49.2],[-73.07,-49.27],[-73.15,-49.18],[-72.95,-48.95],[-72.53,-48.8],[-72.59,-48.49],[-72.44,-48.51],[-72.23,-48.32],[-72.53,-47.94],[-72.51,-47.76],[-72.31,-47.6],[-72.33,-47.45],[-71.88,-47.23],[-71.96,-46.82],[-71.65,-46.69],[-71.74,-46.25],[-71.92,-46.14],[-71.62,-45.98],[-71.8,-45.62],[-71.32,-45.3],[-71.56,-44.98],[-72.04,-44.9],[-72.07,-44.76],[-71.28,-44.81],[-71.09,-44.55],[-71.36,-44.39],[-71.81,-44.42],[-71.85,-44.11],[-71.65,-43.95],[-71.75,-43.79],[-71.58,-43.65],[-71.93,-43.46],[-71.73,-43.2],[-72.14,-42.9],[-72.17,-42.68],[-72.01,-42.5],[-72.19,-42.16],[-71.73,-42.12],[-71.91,-41.36],[-71.82,-41.06],[-71.96,-40.74],[-71.82,-40.42],[-71.66,-40.36],[-71.83,-40.21],[-71.6,-39.93],[-71.7,-39.59],[-71.46,-39.58],[-71.43,-38.92],[-70.92,-38.76],[-70.83,-38.6],[-71.21,-37.69],[-71.12,-37.49],[-71.22,-37.27],[-71.09,-37.12],[-71.18,-36.84],[-71.01,-36.7],[-71.03,-36.47],[-70.71,-36.43],[-70.58,-36.14],[-70.42,-36.15],[-70.42,-35.88],[-70.32,-35.82],[-70.42,-35.35],[-70.58,-35.27],[-70.38,-35.17],[-70.31,-34.75],[-70.03,-34.29],[-69.8,-34.24],[-69.9,-33.78],[-69.77,-33.35],[-70.06,-33.21],[-69.99,-32.9],[-70.39,-32.04],[-70.21,-31.96],[-70.46,-31.84],[-70.57,-31.58],[-70.52,-31.19],[-70.27,-31.04],[-70.14,-30.34],[-69.96,-30.39],[-69.82,-30.18],[-69.96,-30.09],[-69.88,-29.73],[-70.02,-29.33],[-69.79,-29.13],[-69.65,-28.4],[-69.12,-27.89],[-68.84,-27.15],[-68.29,-27.04],[-68.26,-26.92],[-68.59,-26.49],[-68.56,-26.29],[-68.38,-26.18],[-68.59,-25.45],[-68.51,-25.17],[-68.34,-25.11],[-68.57,-24.8],[-68.5,-24.62],[-68.25,-24.4],[-67.32,-24.03],[-66.99,-23],[-67.18,-22.81]]},"properties":{"Style":null}},{"type":"Feature","geometry":{"type":"LineString","coordinates":[[-62.64,-22.23],[-62.24,-22.54],[-61.99,-23.02],[-61.11,-23.6],[-60.99,-23.81],[-60.31,-24.04],[-60.04,-24.01],[-59.12,-24.62],[-57.75,-25.18],[-57.57,-25.56],[-57.83,-25.75],[-57.86,-26.01],[-58.16,-26.18],[-58.19,-26.64],[-58.65,-27.13],[-58.61,-27.3],[-57.89,-27.27],[-57.14,-27.48],[-56.59,-27.43],[-56.42,-27.58],[-56.11,-27.31],[-55.74,-27.44],[-55.56,-27.11],[-55.14,-26.95],[-54.79,-26.63],[-54.62,-26.21],[-54.59,-25.59]]},"properties":{"Style":null}},{"type":"Feature","geometry":{"type":"LineString","coordinates":[[-54.59,-25.59],[-54.43,-25.7],[-54.1,-25.49],[-54.11,-25.61],[-53.85,-25.67],[-53.84,-25.97],[-53.64,-26.21],[-53.78,-27.1],[-54.17,-27.25],[-54.28,-27.45],[-54.81,-27.53],[-54.94,-27.77],[-55.08,-27.78],[-55.04,-27.86],[-55.78,-28.25],[-55.7,-28.43],[-55.88,-28.36],[-56.42,-29.08],[-56.59,-29.12],[-56.82,-29.48],[-57.6,-30.18]]},"properties":{"Style":null}},{"type":"Feature","geometry":{"type":"LineString","coordinates":[[-57.6,-30.18],[-57.89,-30.5],[-57.81,-30.89],[-58.08,-31.46],[-57.98,-31.58],[-58.04,-31.76],[-58.2,-31.87],[-58.13,-33.02]]},"properties":{"Style":null}},{"type":"Feature","geometry":{"type":"LineString","coordinates":[[-67.18,-22.81],[-67.03,-22.54],[-66.78,-22.44],[-66.74,-22.24],[-66.29,-22.09],[-66.22,-21.78],[-65.75,-22.11],[-64.99,-22.08],[-64.64,-22.19],[-64.31,-22.87],[-63.93,-22],[-62.81,-22],[-62.81,-22.14],[-62.64,-22.23]]},"properties":{"Style":null}},{"type":"Feature","geometry":{"type":"LineString","coordinates":[[-68.61,-54.89],[-68.61,-52.66]]},"properties":{"Style":null}},{"type":"Feature","geometry":{"type":"LineString","coordinates":[[44.77,39.71],[44.35,40.03],[43.66,40.11],[43.55,40.47],[43.75,40.73],[43.47,41.12]]},"properties":{"Style":null}},{"type":"Feature","geometry":{"type":"LineString","coordinates":[[46.14,38.84],[46,39.29],[45.79,39.37],[45.8,39.57],[45.44,39.51],[45.17,39.59],[45.06,39.79],[44.77,39.71]]},"properties":{"Style":null}},{"type":"Feature","geometry":{"type":"LineString","coordinates":[[44.93,39.81],[44.97,39.78],[44.97,39.81],[44.93,39.81]]},"properties":{"Style":null}},{"type":"Feature","geometry":{"type":"LineString","coordinates":[[45.53,40.67],[45.5,40.59],[45.48,40.64],[45.53,40.67]]},"properties":{"Style":null}},{"type":"Feature","geometry":{"type":"LineString","coordinates":[[45.02,41.3],[45.2,41.16],[45.09,41.07],[45.6,40.88],[45.37,40.69],[45.45,40.5],[45.96,40.28],[45.88,40.02],[45.6,40],[46.18,39.59],[46.57,39.57],[46.38,39.44],[46.62,39.23],[46.43,39.19],[46.53,38.87]]},"properties":{"Style":null}},{"type":"Feature","geometry":{"type":"LineString","coordinates":[[43.47,41.12],[45.02,41.3]]},"properties":{"Style":null}},{"type":"Feature","geometry":{"type":"LineString","coordinates":[[46.53,38.87],[46.14,38.84]]},"properties":{"Style":null}},{"type":"Feature","geometry":{"type":"LineString","coordinates":[[45,41.04],[45.05,41.05],[45.01,41.1],[45,41.04]]},"properties":{"Style":null}},{"type":"Feature","geometry":{"type":"LineString","coordinates":[[45.22,41.01],[45.18,41.01],[45.23,40.98],[45.22,41.01]]},"properties":{"Style":null}},{"type":"Feature","geometry":{"type":"LineString","coordinates":[[16.94,48.62],[16.84,48.35],[17.16,48.01]]},"properties":{"Style":null}},{"type":"Feature","geometry":{"type":"LineString","coordinates":[[17.16,48.01],[17.01,47.86],[17.09,47.71],[16.6,47.76],[16.42,47.66],[16.71,47.52],[16.45,47.41],[16.48,46.99],[16.11,46.87]]},"properties":{"Style":null}},{"type":"Feature","geometry":{"type":"LineString","coordinates":[[16.11,46.87],[15.99,46.83],[16.03,46.66],[15.04,46.65],[14.57,46.38],[13.71,46.52]]},"properties":{"Style":null}},{"type":"Feature","geometry":{"type":"LineString","coordinates":[[13.71,46.52],[12.44,46.69],[12.15,46.92],[12.19,47.09],[11.16,46.96],[11,46.77],[10.47,46.85]]},"properties":{"Style":null}},{"type":"Feature","geometry":{"type":"LineString","coordinates":[[13.84,48.77],[14.12,48.59],[14.69,48.58],[14.81,48.78],[14.98,48.77],[15.02,49.02],[16.1,48.75],[16.54,48.81],[16.94,48.62]]},"properties":{"Style":null}},{"type":"Feature","geometry":{"type":"LineString","coordinates":[[9.55,47.55],[9.96,47.53],[10.1,47.36],[10.24,47.37],[10.18,47.27],[10.48,47.43],[10.43,47.58],[11.27,47.4],[11.64,47.59],[12.21,47.61],[12.25,47.74],[12.51,47.63],[12.73,47.68],[13,47.46],[13.08,47.69],[12.9,47.73],[13,47.86],[12.75,48.11],[13.41,48.37],[13.45,48.56],[13.75,48.53],[13.84,48.77]]},"properties":{"Style":null}},{"type":"Feature","geometry":{"type":"LineString","coordinates":[[10.47,46.85],[10.4,47],[10.11,46.84],[9.61,47.06]]},"properties":{"Style":null}},{"type":"Feature","geometry":{"type":"LineString","coordinates":[[9.61,47.06],[9.53,47.27]]},"properties":{"Style":null}},{"type":"Feature","geometry":{"type":"LineString","coordinates":[[9.53,47.27],[9.67,47.38],[9.55,47.55]]},"properties":{"Style":null}},{"type":"Feature","geometry":{"type":"LineString","coordinates":[[48.88,38.44],[48.63,38.4],[48.02,38.84],[48.33,39.01],[48.13,39.27],[48.37,39.38],[47.99,39.71],[47.4,39.47],[46.53,38.87]]},"properties":{"Style":null}},{"type":"Feature","geometry":{"type":"LineString","coordinates":[[45.02,41.3],[45.46,41.46],[45.96,41.17],[46.64,41.11],[46.7,41.32],[46.19,41.63],[46.2,41.77],[46.43,41.91]]},"properties":{"Style":null}},{"type":"Feature","geometry":{"type":"LineString","coordinates":[[46.43,41.91],[46.58,41.8],[46.75,41.86],[47.31,41.3],[47.78,41.19],[48.59,41.84]]},"properties":{"Style":null}},{"type":"Feature","geometry":{"type":"LineString","coordinates":[[46.14,38.84],[45.45,38.99],[44.81,39.63]]},"properties":{"Style":null}},{"type":"Feature","geometry":{"type":"LineString","coordinates":[[29.41,-4.44],[29.22,-3.77],[29.25,-3.05],[29.04,-2.74]]},"properties":{"Style":null}},{"type":"Feature","geometry":{"type":"LineString","coordinates":[[30.54,-2.41],[30.41,-2.87],[30.85,-2.98],[30.83,-3.26],[30.45,-3.57],[30.04,-4.27],[29.76,-4.47],[29.41,-4.44]]},"properties":{"Style":null}},{"type":"Feature","geometry":{"type":"LineString","coordinates":[[29.04,-2.74],[29.14,-2.6],[29.32,-2.64],[29.37,-2.84],[29.75,-2.81],[29.92,-2.7],[29.96,-2.33],[30.14,-2.44],[30.41,-2.31],[30.54,-2.41]]},"properties":{"Style":null}},{"type":"Feature","geometry":{"type":"LineString","coordinates":[[5.82,49.55],[5.48,49.5],[5.27,49.7],[4.86,49.79],[4.88,50.15],[4.51,49.95],[4.14,49.98],[4.2,50.27],[3.71,50.3],[3.61,50.5],[3.29,50.53],[3.15,50.79],[2.79,50.73],[2.64,50.81],[2.55,51.09]]},"properties":{"Style":null}},{"type":"Feature","geometry":{"type":"LineString","coordinates":[[3.37,51.37],[3.45,51.24],[3.89,51.2],[4.42,51.37],[4.44,51.47],[4.77,51.51],[4.93,51.4],[5.03,51.49],[5.24,51.26],[5.82,51.17],[5.64,50.85],[6.02,50.75]]},"properties":{"Style":null}},{"type":"Feature","geometry":{"type":"LineString","coordinates":[[6.02,50.75],[6.27,50.64],[6.2,50.53],[6.41,50.32],[6.14,50.13]]},"properties":{"Style":null}},{"type":"Feature","geometry":{"type":"LineString","coordinates":[[6.24,50.58],[6.23,50.59],[6.18,50.54],[6.24,50.58]]},"properties":{"Style":null}},{"type":"Feature","geometry":{"type":"LineString","coordinates":[[6.25,50.64],[6.23,50.63],[6.27,50.63],[6.25,50.64]]},"properties":{"Style":null}},{"type":"Feature","geometry":{"type":"LineString","coordinates":[[6.14,50.13],[5.96,50.17],[5.74,49.9],[5.9,49.66],[5.82,49.55]]},"properties":{"Style":null}},{"type":"Feature","geometry":{"type":"LineString","coordinates":[[0.92,11],[1.11,11.03],[1.15,11.28],[1.35,11.31],[1.45,11.48],[2.02,11.42],[2.4,11.9]]},"properties":{"Style":null}},{"type":"Feature","geometry":{"type":"LineString","coordinates":[[2.4,11.9],[2.37,12.24],[2.84,12.41],[3.59,11.7]]},"properties":{"Style":null}},{"type":"Feature","geometry":{"type":"LineString","coordinates":[[3.59,11.7],[3.49,11.3],[3.72,11.13],[3.84,10.59],[3.78,10.41],[3.62,10.42],[3.6,9.96],[3.35,9.83],[3.15,9.5],[3.09,9.1],[2.78,9.07],[2.71,6.38]]},"properties":{"Style":null}},{"type":"Feature","geometry":{"type":"LineString","coordinates":[[1.63,6.23],[1.8,6.29],[1.56,6.97],[1.63,9.01],[1.36,9.48],[1.35,9.99],[0.78,10.38],[0.92,11]]},"properties":{"Style":null}},{"type":"Feature","geometry":{"type":"LineString","coordinates":[[-5.51,10.43],[-5.4,10.85],[-5.49,11.08],[-5.33,11.14],[-5.2,11.43],[-5.26,11.76],[-5.4,11.83],[-4.74,12],[-4.4,12.31],[-4.48,12.72],[-4.27,12.7],[-4.21,12.82],[-4.34,13.14],[-3.96,13.5],[-3.96,13.38],[-3.45,13.16],[-3.44,13.28],[-3.23,13.29],[-3.27,13.71],[-2.88,13.65],[-2.84,14.05],[-2.47,14.3],[-2,14.19],[-1.98,14.48],[-1.07,14.78],[-0.72,15.08],[0.24,14.91]]},"properties":{"Style":null}},{"type":"Feature","geometry":{"type":"LineString","coordinates":[[-2.69,9.49],[-2.82,9.45],[-3.19,9.94],[-3.27,9.85],[-3.62,9.96],[-4.13,9.84],[-4.31,9.6],[-4.51,9.75],[-4.69,9.68],[-4.97,9.89],[-5.11,10.31],[-5.38,10.29],[-5.51,10.43]]},"properties":{"Style":null}},{"type":"Feature","geometry":{"type":"LineString","coordinates":[[0.92,11],[0.5,10.93],[-0.14,11.14]]},"properties":{"Style":null}},{"type":"Feature","geometry":{"type":"LineString","coordinates":[[-0.14,11.14],[-0.4,11.13],[-0.62,10.91],[-0.69,11],[-2.83,11.01],[-2.94,10.61],[-2.78,10.42],[-2.85,10.32],[-2.69,9.49]]},"properties":{"Style":null}},{"type":"Feature","geometry":{"type":"LineString","coordinates":[[0.24,14.91],[0.16,14.53],[0.42,13.98],[0.61,13.7],[1.28,13.35],[0.99,13.37],[0.99,13.1],[1.87,12.61],[1.98,12.74],[2.16,12.69],[2.28,12.43],[2.07,12.35],[2.4,11.9]]},"properties":{"Style":null}},{"type":"Feature","geometry":{"type":"LineString","coordinates":[[92.61,21.97],[92.68,21.29],[92.6,21.24],[92.38,21.48],[92.18,21.16]]},"properties":{"Style":null}},{"type":"Feature","geometry":{"type":"LineString","coordinates":[[89.07,22.2],[88.85,22.96],[88.99,23.2],[88.72,23.25],[88.8,23.5],[88.56,23.64],[88.59,23.87],[88.76,24],[88.74,24.28],[88.33,24.38],[88.01,24.67],[88.14,24.94],[88.39,24.94],[88.44,25.2],[88.92,25.17],[89.01,25.27],[88.8,25.52],[88.55,25.52],[88.27,25.81],[88.11,25.8],[88.18,26.15],[88.52,26.35],[88.33,26.49],[88.41,26.63],[88.74,26.35],[88.68,26.26],[89.03,26.24],[88.92,26.4],[89.09,26.39],[89.16,26.14],[89.35,26.01],[89.58,25.97],[89.63,26.23],[89.74,26.16],[89.89,25.95],[89.86,25.29],[90.44,25.14],[92.06,25.19],[92.43,25.03],[92.49,24.88],[92.24,24.9],[92.23,24.53],[91.92,24.34],[91.9,24.14],[91.74,24.25],[91.59,24.08],[91.37,24.11],[91.15,23.71],[91.35,23.1],[91.45,23.26],[91.62,22.94],[91.83,23.1],[91.76,23.31],[91.97,23.48],[91.95,23.73],[92.29,23.7],[92.61,21.97]]},"properties":{"Style":null}},{"type":"Feature","geometry":{"type":"LineString","coordinates":[[88.93,26.34],[88.98,26.28],[88.95,26.27],[88.93,26.34]]},"properties":{"Style":null}},{"type":"Feature","geometry":{"type":"LineString","coordinates":[[22.93,41.34],[23.03,41.72],[22.87,42.02],[22.36,42.31]]},"properties":{"Style":null}},{"type":"Feature","geometry":{"type":"LineString","coordinates":[[26.36,41.71],[26.07,41.71],[26.18,41.52],[26.13,41.35],[25.29,41.24],[24.61,41.43],[24.53,41.57],[22.93,41.34]]},"properties":{"Style":null}},{"type":"Feature","geometry":{"type":"LineString","coordinates":[[28.03,41.98],[27.56,41.9],[27.27,42.1],[27.07,42.09],[26.62,41.97],[26.36,41.71]]},"properties":{"Style":null}},{"type":"Feature","geometry":{"type":"LineString","coordinates":[[22.68,44.22],[23.04,44.08],[22.88,43.83],[23.42,43.85],[24.17,43.68],[24.51,43.76],[25.56,43.64],[26.15,43.99],[27.03,44.14],[27.73,43.95],[27.92,44.01],[27.99,43.84],[28.58,43.74]]},"properties":{"Style":null}},{"type":"Feature","geometry":{"type":"LineString","coordinates":[[22.36,42.31],[22.56,42.48],[22.44,42.57],[22.44,42.83],[22.74,42.89],[23.01,43.19],[22.53,43.47],[22.36,43.81],[22.68,44.22]]},"properties":{"Style":null}},{"type":"Feature","geometry":{"type":"LineString","coordinates":[[18.44,42.56],[17.81,42.92],[17.65,42.89]]},"properties":{"Style":null}},{"type":"Feature","geometry":{"type":"LineString","coordinates":[[17.58,42.94],[17.71,42.97],[17.34,43.25],[17.28,43.47],[16.19,44.22],[16.06,44.62],[15.73,44.83],[15.76,45.17],[15.98,45.23],[16.35,45],[16.53,45.23],[16.94,45.27],[17.84,45.05],[18.02,45.15],[18.67,45.09],[18.76,44.9],[19.02,44.86]]},"properties":{"Style":null}},{"type":"Feature","geometry":{"type":"LineString","coordinates":[[19.02,44.86],[19.36,44.89],[19.1,44.37],[19.61,44.04],[19.23,44.01],[19.53,43.67],[19.22,43.53]]},"properties":{"Style":null}},{"type":"Feature","geometry":{"type":"LineString","coordinates":[[19.22,43.53],[18.92,43.49],[19.08,43.32],[19.02,43.26],[18.91,43.36],[18.69,43.26],[18.45,42.82],[18.55,42.58],[18.44,42.56]]},"properties":{"Style":null}},{"type":"Feature","geometry":{"type":"LineString","coordinates":[[23.62,51.51],[23.53,51.74],[23.64,51.8],[23.65,52.07],[23.18,52.28],[23.47,52.55],[23.94,52.71],[23.91,53.17],[23.51,53.96]]},"properties":{"Style":null}},{"type":"Feature","geometry":{"type":"LineString","coordinates":[[31.78,52.11],[30.93,52.07],[30.51,51.6],[30.65,51.38],[30.55,51.26],[30.18,51.51],[29.79,51.44],[29.71,51.53],[29.35,51.38],[29.12,51.66],[28.82,51.56],[28.77,51.43],[28.26,51.68],[28.04,51.57],[27.82,51.62],[27.74,51.47],[27.72,51.6],[27.27,51.61],[27.2,51.77],[25.77,51.95],[24.39,51.88],[24,51.58],[23.6,51.62],[23.62,51.51]]},"properties":{"Style":null}},{"type":"Feature","geometry":{"type":"LineString","coordinates":[[28.15,56.17],[28.3,56.06],[28.68,56.09],[28.74,55.97],[29.44,55.96],[29.36,55.77],[29.52,55.7],[30.24,55.87],[30.77,55.59],[30.94,55.62],[30.82,55.28],[31.03,55.06],[30.75,54.81],[31.2,54.66],[31.09,54.51],[31.24,54.46],[31.32,54.24],[31.9,54.08],[31.77,53.81],[32.46,53.74],[32.43,53.6],[32.76,53.43],[32.23,53.1],[31.91,53.09],[31.63,53.23],[31.24,53.03],[31.59,52.79],[31.5,52.7],[31.67,52.56],[31.56,52.52],[31.59,52.32],[31.78,52.11]]},"properties":{"Style":null}},{"type":"Feature","geometry":{"type":"LineString","coordinates":[[31.58,52.48],[31.53,52.49],[31.54,52.47],[31.58,52.48]]},"properties":{"Style":null}},{"type":"Feature","geometry":{"type":"LineString","coordinates":[[23.51,53.96],[24.46,53.91],[24.84,54.02],[24.83,54.15],[25.5,54.31],[25.53,54.16],[25.78,54.16],[25.53,54.34],[25.76,54.58],[25.78,54.85],[26.84,55.29],[26.45,55.35],[26.63,55.68]]},"properties":{"Style":null}},{"type":"Feature","geometry":{"type":"LineString","coordinates":[[26.63,55.68],[27.15,55.85],[27.62,55.79],[27.65,55.93],[28.15,56.17]]},"properties":{"Style":null}},{"type":"Feature","geometry":{"type":"LineString","coordinates":[[-88.91,15.9],[-89.23,15.9],[-89.15,17.82]]},"properties":{"Style":null}},{"type":"Feature","geometry":{"type":"LineString","coordinates":[[-89.15,17.82],[-89.08,17.99],[-88.86,17.89],[-88.52,18.46],[-88.32,18.49]]},"properties":{"Style":null}},{"type":"Feature","geometry":{"type":"LineString","coordinates":[[-69.57,-10.95],[-68.54,-11.11],[-68.24,-10.95],[-68.08,-10.69],[-67.71,-10.71],[-67.41,-10.37],[-67.06,-10.28],[-66.62,-9.89],[-65.78,-9.74],[-65.6,-9.84],[-65.38,-9.7],[-65.29,-10.22],[-65.43,-10.49],[-65.25,-10.99],[-65.36,-11.25],[-65.21,-11.54],[-65.26,-11.71],[-65.08,-11.71],[-65.04,-11.99],[-64.84,-12.01],[-64.75,-12.16],[-64.72,-12.08],[-64.3,-12.49],[-63.95,-12.53],[-63.78,-12.43],[-63.3,-12.68],[-63.09,-12.64],[-62.78,-13.01],[-62.12,-13.15],[-61.87,-13.53],[-61.01,-13.49],[-60.48,-13.8],[-60.25,-15.1],[-60.58,-15.1],[-60.24,-15.47],[-60.17,-16.27],[-58.33,-16.27],[-58.47,-16.71],[-58.4,-17.18],[-58.04,-17.49],[-57.88,-17.45],[-57.76,-17.57],[-57.45,-18.23],[-57.56,-18.24],[-57.77,-18.9],[-57.7,-19.01],[-58.13,-19.76],[-57.86,-19.97],[-58.17,-20.17]]},"properties":{"Style":null}},{"type":"Feature","geometry":{"type":"LineString","coordinates":[[-58.17,-20.17],[-58.16,-19.83],[-59.07,-19.29],[-59.97,-19.29],[-61.74,-19.63],[-62.27,-20.56],[-62.26,-21.06],[-62.64,-22.23]]},"properties":{"Style":null}},{"type":"Feature","geometry":{"type":"LineString","coordinates":[[-69.47,-17.5],[-69.64,-17.29],[-69,-16.66],[-68.99,-16.43],[-68.8,-16.33],[-69.28,-16.12],[-69.41,-15.62],[-69.12,-15.26],[-69.36,-14.81],[-68.98,-14.23],[-68.83,-14.22],[-68.98,-13.97],[-68.92,-13.81],[-69.07,-13.69],[-68.92,-13.52],[-68.86,-12.87],[-68.65,-12.5],[-69.57,-10.95]]},"properties":{"Style":null}},{"type":"Feature","geometry":{"type":"LineString","coordinates":[[-67.18,-22.81],[-67.88,-22.83],[-67.84,-22.54],[-68.18,-21.6],[-68.18,-21.3],[-68.55,-20.88],[-68.44,-20.64],[-68.74,-20.46],[-68.66,-20.34],[-68.76,-20.08],[-68.57,-20.05],[-68.52,-19.92],[-68.68,-19.72],[-68.4,-19.42],[-68.95,-18.94],[-69.14,-18.17],[-69.06,-18.05],[-69.28,-17.97],[-69.47,-17.5]]},"properties":{"Style":null}},{"type":"Feature","geometry":{"type":"LineString","coordinates":[[-69.57,-10.95],[-69.93,-10.92],[-70.31,-11.07],[-70.53,-10.93],[-70.62,-11],[-70.62,-9.82],[-70.49,-9.42],[-71.21,-9.97],[-72.16,-10],[-72.15,-9.8],[-72.35,-9.5],[-73.2,-9.41],[-72.95,-8.98],[-73.54,-8.35],[-73.77,-7.91],[-73.68,-7.78],[-73.98,-7.53],[-73.95,-7.36],[-73.7,-7.31],[-73.8,-7.12],[-73.71,-6.84],[-73.13,-6.5],[-73.25,-6.12],[-72.96,-5.66],[-72.89,-5.16],[-71.79,-4.48],[-70.94,-4.38],[-70.65,-4.13],[-70.32,-4.14],[-70.2,-4.36],[-70.1,-4.27],[-70.03,-4.37],[-69.95,-4.23]]},"properties":{"Style":null}},{"type":"Feature","geometry":{"type":"LineString","coordinates":[[-54.18,2.18],[-54.11,2.12],[-53.76,2.38],[-52.9,2.19],[-52.55,2.52],[-52.35,3.13],[-51.65,4.07]]},"properties":{"Style":null}},{"type":"Feature","geometry":{"type":"LineString","coordinates":[[-56.5,1.93],[-55.91,1.89],[-55.91,2.04],[-56.14,2.26],[-55.96,2.53],[-55.39,2.41],[-54.95,2.61],[-54.87,2.43],[-54.7,2.46],[-54.7,2.33],[-54.18,2.18]]},"properties":{"Style":null}},{"type":"Feature","geometry":{"type":"LineString","coordinates":[[-66.85,1.22],[-66.31,0.75],[-65.63,1.02],[-65.51,0.92],[-65.54,0.65],[-65.33,0.94],[-65.17,0.95],[-65.16,1.12],[-65.02,1.11],[-64.8,1.31],[-64.74,1.23],[-64.39,1.53],[-64.33,1.39],[-64.1,1.61],[-63.97,1.99],[-63.39,2.15],[-63.41,2.45],[-64.06,2.5],[-63.99,2.73],[-64.23,3.13],[-64.12,3.47],[-64.76,4.05],[-64.79,4.28],[-64.61,4.11],[-64.13,4.09],[-63.96,3.89],[-63.68,3.91],[-63.68,4.02],[-63.45,3.86],[-63.31,3.98],[-62.96,3.61],[-62.84,3.74],[-62.74,3.68],[-62.75,4.04],[-62.56,4.02],[-62.46,4.18],[-61.93,4.12],[-61.56,4.25],[-61.32,4.53],[-61,4.52],[-60.58,4.96],[-60.74,5.2]]},"properties":{"Style":null}},{"type":"Feature","geometry":{"type":"LineString","coordinates":[[-69.95,-4.23],[-69.4,-1.14],[-69.62,-0.73],[-69.61,-0.5],[-70.07,-0.16],[-70.05,0.56],[-69.48,0.73],[-69.36,0.62],[-69.12,0.64],[-69.25,1.06],[-69.85,1.08],[-69.85,1.71],[-68.16,1.73],[-68.28,1.84],[-68.19,2.04],[-67.92,1.82],[-67.77,2.04],[-67.66,1.99],[-67.39,2.23],[-67.31,1.91],[-67.13,1.78],[-67.09,1.17],[-66.85,1.22]]},"properties":{"Style":null}},{"type":"Feature","geometry":{"type":"LineString","coordinates":[[-54.59,-25.59],[-54.26,-24.37],[-54.32,-24.01],[-54.67,-23.82],[-55.06,-23.99],[-55.42,-23.96],[-55.67,-22.85],[-55.61,-22.66],[-55.84,-22.29],[-56.2,-22.28],[-56.39,-22.08],[-56.84,-22.3],[-57.99,-22.09],[-57.82,-20.94],[-57.93,-20.9],[-57.86,-20.75],[-57.98,-20.71],[-58.17,-20.17]]},"properties":{"Style":null}},{"type":"Feature","geometry":{"type":"LineString","coordinates":[[-60.74,5.2],[-60.13,5.25],[-59.97,5.07],[-60.16,4.52],[-59.67,4.38],[-59.74,4.21],[-59.52,3.95],[-59.87,3.56],[-59.8,3.36],[-59.99,2.69],[-59.9,2.37],[-59.73,2.28],[-59.75,1.85],[-59.25,1.39],[-58.93,1.32],[-58.82,1.17],[-58.71,1.29],[-58.51,1.28],[-58.51,1.46],[-58.33,1.59],[-58.01,1.5],[-57.99,1.66],[-57.56,1.7],[-57.31,2],[-57.11,2.03],[-56.8,1.86],[-56.5,1.93]]},"properties":{"Style":null}},{"type":"Feature","geometry":{"type":"LineString","coordinates":[[-53.37,-33.74],[-53.53,-33.69],[-53.52,-33.15],[-53.08,-32.74],[-53.58,-32.45],[-53.75,-32.08],[-54.09,-31.93],[-54.59,-31.46],[-55.25,-31.25],[-55.58,-30.83],[-56.01,-31.08],[-56.02,-30.79],[-56.83,-30.09],[-57.08,-30.09],[-57.2,-30.29],[-57.52,-30.29],[-57.6,-30.18]]},"properties":{"Style":null}},{"type":"Feature","geometry":{"type":"LineString","coordinates":[[115.03,4.9],[114.78,4.73],[114.88,4.37],[114.65,4.01],[114.08,4.59]]},"properties":{"Style":null}},{"type":"Feature","geometry":{"type":"LineString","coordinates":[[115.15,4.91],[115.35,4.32],[115.09,4.39],[115.06,4.79]]},"properties":{"Style":null}},{"type":"Feature","geometry":{"type":"LineString","coordinates":[[89.13,27.61],[89.51,28.09],[89.79,28.25],[90.8,28.04]]},"properties":{"Style":null}},{"type":"Feature","geometry":{"type":"LineString","coordinates":[[92.12,26.89],[90.73,26.77],[90.36,26.9],[89.77,26.7],[88.87,26.96],[88.87,27.11],[88.75,27.15],[88.91,27.28]]},"properties":{"Style":null}},{"type":"Feature","geometry":{"type":"LineString","coordinates":[[91.64,27.76],[91.56,27.64],[91.65,27.49],[92.02,27.48],[92.12,26.89]]},"properties":{"Style":null}},{"type":"Feature","geometry":{"type":"LineString","coordinates":[[25.26,-17.79],[25.32,-18.08],[25.98,-18.97],[26.17,-19.55],[26.73,-19.94],[27.21,-20.08],[27.29,-20.5],[27.72,-20.51],[27.69,-21.09],[28.02,-21.58],[29,-21.77],[29.06,-22.03],[29.38,-22.2]]},"properties":{"Style":null}},{"type":"Feature","geometry":{"type":"LineString","coordinates":[[29.38,-22.2],[29.04,-22.22],[28.92,-22.46],[28.34,-22.57],[27.74,-23.23],[27,-23.65],[26.84,-24.27],[26.41,-24.65],[25.86,-24.76],[25.51,-25.68],[24.68,-25.82],[23.93,-25.64],[23.47,-25.28],[23.01,-25.3],[22.58,-26.19],[22.25,-26.35],[22.05,-26.63],[21.79,-26.68],[21.7,-26.86],[20.88,-26.8],[20.69,-26.9],[20.6,-26.52],[20.86,-26.13],[20.84,-25.95],[20.38,-25.03],[20,-24.76]]},"properties":{"Style":null}},{"type":"Feature","geometry":{"type":"LineString","coordinates":[[20,-24.76],[20,-22],[21,-22],[21,-18.32],[23.3,-18],[23.62,-18.5],[24.19,-18.02],[24.42,-17.95],[24.58,-18.07],[24.96,-17.79],[25.26,-17.79]]},"properties":{"Style":null}},{"type":"Feature","geometry":{"type":"LineString","coordinates":[[15.49,7.53],[15.98,7.49],[16.59,7.87],[16.83,7.54],[17.66,7.98],[18.62,8.06],[19.12,8.67],[18.88,8.9],[19.08,9.02],[20.43,9.15],[20.53,9.34],[20.91,9.52],[21.25,10],[21.68,10.24],[21.82,10.84],[22.52,11.02],[22.88,10.94]]},"properties":{"Style":null}},{"type":"Feature","geometry":{"type":"LineString","coordinates":[[27.45,5.02],[27.13,5.21],[26.87,5.04],[26.52,5.05],[26.16,5.26],[25.9,5.17],[25.53,5.38],[25.36,5.31],[25.33,5.04],[25.06,4.93],[24.73,4.89],[24.38,5.11],[24.27,4.94],[23.59,4.76],[23.38,4.59],[22.91,4.82],[22.7,4.48],[22.6,4.48],[22.55,4.22],[22.3,4.11],[21.74,4.31],[20.57,4.42],[20.18,4.89],[19.53,5.15],[19.1,4.94],[18.76,4.4],[18.54,4.31],[18.66,3.98],[18.63,3.47]]},"properties":{"Style":null}},{"type":"Feature","geometry":{"type":"LineString","coordinates":[[24.22,8.64],[24.18,8.33],[24.86,8.18],[25.28,7.81],[25.19,7.5],[26.41,6.66],[26.3,6.41],[26.53,6.23],[26.45,6.08],[27.2,5.74],[27.45,5.02]]},"properties":{"Style":null}},{"type":"Feature","geometry":{"type":"LineString","coordinates":[[22.88,10.94],[23.67,9.89],[23.66,9.29],[23.44,9.02],[23.59,9],[23.52,8.72],[24.22,8.64]]},"properties":{"Style":null}},{"type":"Feature","geometry":{"type":"LineString","coordinates":[[18.63,3.47],[18.49,3.65],[18.18,3.48],[17.47,3.71],[17.35,3.58],[16.64,3.53],[16.51,2.83],[16.19,2.22]]},"properties":{"Style":null}},{"type":"Feature","geometry":{"type":"LineString","coordinates":[[16.19,2.22],[16.03,2.98],[15.25,3.71],[15.07,4.02],[15.18,4.06],[15.08,4.31],[14.72,4.64],[14.66,5.2],[14.53,5.28],[14.62,5.89],[14.42,6.03],[14.74,6.25],[15.22,7.24],[15.49,7.53]]},"properties":{"Style":null}},{"type":"Feature","geometry":{"type":"LineString","coordinates":[[-89.82,48.01],[-90.76,48.1],[-90.89,48.25],[-91.58,48.05],[-92.06,48.36],[-92.38,48.23],[-92.46,48.41],[-92.71,48.46],[-92.63,48.54],[-92.95,48.63],[-93.79,48.52],[-93.85,48.63],[-94.54,48.7],[-94.69,48.78],[-94.82,49.32],[-95.15,49.38],[-95.15,49],[-122.76,49]]},"properties":{"Style":null}},{"type":"Feature","geometry":{"type":"LineString","coordinates":[[-130.01,55.91],[-130.1,56.12],[-130.43,56.14],[-131.58,56.61],[-131.84,56.6],[-131.87,56.81],[-132.12,56.87],[-132.05,57.05],[-132.37,57.09],[-132.25,57.21],[-133.46,58.39],[-133.38,58.43],[-134.26,58.86],[-134.7,59.25],[-134.96,59.28],[-135.1,59.43],[-135.03,59.56],[-135.48,59.8],[-136.35,59.6],[-136.24,59.52],[-136.48,59.47],[-136.58,59.17],[-137.53,58.91],[-137.61,59.24],[-139.2,60.09],[-139.07,60.35],[-139.69,60.34],[-139.98,60.18],[-141,60.31],[-141,69.65]]},"properties":{"Style":null}},{"type":"Feature","geometry":{"type":"LineString","coordinates":[[-67.28,45.19],[-67.34,45.13],[-67.49,45.28],[-67.43,45.58],[-67.81,45.69],[-67.79,47.07],[-68.23,47.36],[-68.9,47.18],[-69.05,47.26],[-69.04,47.41],[-69.22,47.46],[-70,46.7],[-70.06,46.42],[-70.29,46.19],[-70.25,45.9],[-70.69,45.56],[-70.62,45.41],[-70.83,45.4],[-70.86,45.23],[-70.99,45.33],[-71.29,45.3],[-71.5,45.01],[-74.8,45.01]]},"properties":{"Style":null}},{"type":"Feature","geometry":{"type":"LineString","coordinates":[[7.59,47.59],[8.58,47.6],[8.4,47.7],[8.6,47.8],[9.55,47.55]]},"properties":{"Style":null}},{"type":"Feature","geometry":{"type":"LineString","coordinates":[[7.04,45.92],[6.8,46.14],[6.82,46.43],[6.52,46.45],[6.25,46.36],[6.31,46.24],[6.19,46.17],[5.96,46.2],[6.12,46.25],[6.11,46.58],[6.44,46.76],[6.43,46.93],[7.06,47.34],[6.88,47.37],[6.99,47.49],[7.38,47.43],[7.59,47.59]]},"properties":{"Style":null}},{"type":"Feature","geometry":{"type":"LineString","coordinates":[[10.47,46.85],[10.47,46.54],[10.22,46.63],[10.04,46.54],[10.15,46.23],[9.95,46.38],[9.54,46.31],[9.46,46.51],[9.28,46.5],[9.25,46.24],[9.01,46.03],[9.01,45.82],[8.79,45.99],[8.85,46.08],[8.44,46.25],[8.45,46.46],[8.08,46.26],[8.15,46.14],[7.87,45.92],[7.04,45.92]]},"properties":{"Style":null}},{"type":"Feature","geometry":{"type":"LineString","coordinates":[[9.53,47.27],[9.48,47.07],[9.61,47.06]]},"properties":{"Style":null}},{"type":"Feature","geometry":{"type":"LineString","coordinates":[[8.68,47.69],[8.72,47.69],[8.7,47.72],[8.68,47.69]]},"properties":{"Style":null}},{"type":"Feature","geometry":{"type":"LineString","coordinates":[[-70.38,-18.35],[-69.86,-18.17],[-69.75,-17.94],[-69.82,-17.69],[-69.47,-17.5]]},"properties":{"Style":null}},{"type":"Feature","geometry":{"type":"LineString","coordinates":[[87.82,49.17],[87.89,48.99],[87.74,48.88],[88.09,48.71],[87.97,48.58],[88.52,48.4],[88.64,48.18],[89.06,47.99],[89.58,48.03],[89.76,47.83],[90.08,47.87],[90.09,47.76],[90.37,47.66],[90.56,47.21],[91.05,46.72],[91.07,46.56],[90.89,46.31],[91.02,46.02],[90.67,45.54],[90.87,45.2],[93.51,44.97],[94.72,44.34],[95.4,44.3],[95.32,44.03],[95.52,44.01],[95.88,43.28],[96.36,42.9],[96.39,42.72],[97.17,42.79],[99.5,42.57],[100.85,42.67],[101.8,42.5],[102.08,42.23],[102.71,42.15],[103.41,41.88],[104.53,41.87],[104.52,41.66],[105.01,41.58],[105.72,41.94],[107.45,42.45],[109.48,42.46],[110.43,42.78],[111.06,43.36],[111.95,43.69],[111.87,43.94],[111.41,44.36],[111.74,44.94],[111.97,45.08],[112.42,45.07],[112.85,44.84],[113.63,44.74],[114.11,44.95],[114.54,45.38],[115.36,45.39],[116.17,45.69],[116.58,46.29],[117.37,46.36],[117.42,46.58],[117.83,46.53],[118.3,46.74],[118.79,46.69],[118.9,46.77],[119.3,46.61],[119.9,46.67],[119.92,46.9],[119.71,47.19],[118.56,47.99],[117.8,48.01],[117.37,47.64],[116.8,47.9],[116.26,47.88],[115.93,47.68],[115.57,47.92],[115.52,48.15],[115.82,48.25],[115.81,48.55],[116.71,49.85]]},"properties":{"Style":null}},{"type":"Feature","geometry":{"type":"LineString","coordinates":[[108.03,21.55],[107.82,21.66],[107.36,21.6],[107.3,21.74],[107,21.83],[107.02,21.94],[106.69,21.96],[106.56,22.45],[106.84,22.81],[106.51,22.95],[106.29,22.87],[106.15,23],[105.87,22.92],[105.32,23.39],[104.8,23.12],[104.86,22.94],[104.73,22.82],[104.58,22.85],[104.38,22.69],[104.27,22.84],[104.12,22.81],[103.98,22.51],[103.64,22.8],[103.53,22.59],[103.32,22.81],[103.02,22.45],[102.48,22.78],[102.14,22.4]]},"properties":{"Style":null}},{"type":"Feature","geometry":{"type":"LineString","coordinates":[[116.71,49.85],[117.87,49.51],[118.57,49.93],[119.27,50.11],[119.36,50.34],[119.12,50.38],[119.28,50.6],[119.72,51.05],[120.08,51.68],[120.65,51.93],[120.78,52.16],[120.61,52.36],[120.73,52.54],[120.46,52.64],[120.07,52.58],[120.02,52.77],[120.82,53.27],[123.6,53.55],[124.85,53.1],[125.16,53.2],[125.61,53.08],[125.74,52.99],[125.67,52.86],[126.1,52.77],[125.97,52.62],[126.32,52.42],[126.43,52.28],[126.31,52.2],[126.56,52.13],[126.46,51.96],[126.91,51.39],[126.81,51.29],[126.97,51.33],[126.92,51.06],[127.3,50.75],[127.32,50.34],[127.61,50.22],[127.53,49.82],[127.84,49.58],[128.75,49.59],[128.74,49.49],[129.12,49.35],[129.51,49.42],[130.22,48.87],[130.68,48.87],[130.52,48.61],[130.75,48.51],[130.83,48.29],[130.65,48.1],[130.99,47.7],[132.55,47.71],[132.66,47.95],[133.05,48.11],[133.48,48.07],[134.03,48.34],[134.72,48.4],[134.54,47.98],[134.77,47.71],[134.56,47.48],[134.17,47.32],[134.22,47.11],[133.84,46.48],[133.91,46.26],[133.69,46.15],[133.74,46.06],[133.46,45.84],[133.42,45.58],[133.18,45.49],[133.13,45.13],[132.95,45.02],[131.88,45.34],[131.48,44.96],[130.96,44.85],[131.3,44.04],[131.2,43.53],[131.3,43.39],[131.14,42.93],[130.4,42.73],[130.62,42.63],[130.64,42.42]]},"properties":{"Style":null}},{"type":"Feature","geometry":{"type":"LineString","coordinates":[[130.64,42.42],[130.52,42.61],[130.44,42.55],[130.26,42.7],[130.26,42.91],[129.9,43],[129.7,42.43],[129.34,42.45],[129.22,42.2],[128.91,42.01],[128.03,42],[128.31,41.58],[128.2,41.41],[127.25,41.48],[126.93,41.81],[126.7,41.75],[126.53,41.36],[126.02,40.9],[124.9,40.48],[124.4,40.13],[124.36,39.98]]},"properties":{"Style":null}},{"type":"Feature","geometry":{"type":"LineString","coordinates":[[73.6,39.46],[73.87,39.48],[73.95,39.6],[73.83,39.78],[73.93,40.02],[74.86,40.32],[74.84,40.52],[75.24,40.45],[75.58,40.66],[75.72,40.48],[75.69,40.28],[76.29,40.43],[76.33,40.34],[76.54,40.46],[76.88,41.03],[77.77,41.01],[77.83,41.15],[78.12,41.23],[78.16,41.38],[79.77,41.89],[79.91,42.04],[80.2,42.04],[80.17,42.21]]},"properties":{"Style":null}},{"type":"Feature","geometry":{"type":"LineString","coordinates":[[80.17,42.21],[80.29,42.26],[80.16,42.63],[80.26,42.82],[80.6,42.89],[80.38,43.05],[80.8,43.18],[80.4,44.11],[80.41,44.61],[79.88,44.91],[80.09,45.05],[80.9,45.12],[81.78,45.38],[81.92,45.23],[82.56,45.2],[82.54,45.42],[82.26,45.62],[83.03,47.22],[83.92,46.97],[84.76,47],[84.94,46.86],[85.22,47.05],[85.53,47.05],[85.7,47.38],[85.53,48.03],[85.72,48.37],[86.58,48.54],[86.77,48.72],[86.73,48.98],[86.84,49.1],[87.29,49.12]]},"properties":{"Style":null}},{"type":"Feature","geometry":{"type":"LineString","coordinates":[[74.89,37.23],[75.15,37.41],[74.93,37.57],[75.01,37.78],[74.7,38.23],[74.7,38.42],[74.19,38.64],[73.99,38.52],[73.8,38.61],[73.7,38.88],[73.85,38.95],[73.54,39.28],[73.6,39.46]]},"properties":{"Style":null}},{"type":"Feature","geometry":{"type":"LineString","coordinates":[[77.92,35.5],[77.34,35.52]]},"properties":{"Style":null}},{"type":"Feature","geometry":{"type":"LineString","coordinates":[[78.94,33.39],[78.91,33.62],[79.09,33.64],[78.9,34],[79.41,34.01],[79.61,34.25],[79.52,34.46],[79.8,34.48],[79.79,34.63],[80.07,34.71],[80.21,34.9],[80.2,35.12],[80.41,35.48],[80.21,35.57],[80.06,35.42],[80,35.6],[79.71,35.64],[79.59,35.88],[79.34,35.99],[78.86,35.97],[77.92,35.5]]},"properties":{"Style":"Tightly Dashed"}},{"type":"Feature","geometry":{"type":"LineString","coordinates":[[88.14,27.88],[87.83,27.95],[87.72,27.8],[87.18,27.82],[86.57,28.11],[86.41,27.91],[86.23,27.98],[86.17,28.17],[86.12,27.93],[86,27.91],[85.71,28.38],[85.61,28.26],[85.12,28.34],[85.13,28.68],[84.86,28.57],[84.46,28.75],[84.23,28.89],[84.19,29.24],[84.09,29.29],[83.59,29.17],[83.22,29.6],[82.17,30.06],[82.09,30.36],[81.41,30.42],[81.25,30.01],[81.03,30.2]]},"properties":{"Style":null}},{"type":"Feature","geometry":{"type":"LineString","coordinates":[[78.49,32.27],[78.39,32.54],[78.57,32.62]]},"properties":{"Style":null}},{"type":"Feature","geometry":{"type":"LineString","coordinates":[[101.14,21.56],[101.09,21.78],[100.67,21.48],[100.17,21.49],[100.16,21.68],[99.94,21.82],[99.97,22.05],[99.16,22.16],[99.38,22.5],[99.31,22.74],[99.44,22.94],[99.57,22.93],[99.52,23.08],[98.88,23.19],[98.92,23.42],[98.8,23.54],[98.89,23.62],[98.68,23.91],[98.88,24.15],[98.09,24.09],[97.65,23.86],[97.53,23.93],[97.75,24.16],[97.67,24.46],[97.53,24.44],[97.55,24.74],[97.8,24.85],[97.72,25.08],[97.84,25.27],[97.94,25.22],[98.14,25.39],[98.17,25.63],[98.3,25.55],[98.53,25.85],[98.71,25.85],[98.57,26.12],[98.74,26.19],[98.77,27.05],[98.7,27.55],[98.44,27.67],[98.32,27.52],[98.16,28.11],[97.91,28.37],[97.8,28.33],[97.57,28.55],[97.34,28.22]]},"properties":{"Style":null}},{"type":"Feature","geometry":{"type":"LineString","coordinates":[[97.34,28.22],[96.93,28.35],[96.05,29.38],[95.27,29.07],[94.81,29.16],[94.69,29.32],[94.29,29.15],[94.37,29.02],[94.02,28.79],[93.25,28.54],[92.93,28.21],[92.68,28.15],[92.73,27.98],[92.45,27.8],[92.24,27.89],[91.93,27.72],[91.64,27.76]]},"properties":{"Style":"Tightly Dashed"}},{"type":"Feature","geometry":{"type":"LineString","coordinates":[[88.92,27.33],[88.78,27.45],[88.89,27.86],[88.75,28.08],[88.14,27.88]]},"properties":{"Style":null}},{"type":"Feature","geometry":{"type":"LineString","coordinates":[[102.14,22.4],[101.87,22.39],[101.76,22.51],[101.55,22.25],[101.83,21.63],[101.76,21.14],[101.53,21.26],[101.25,21.2],[101.14,21.56]]},"properties":{"Style":null}},{"type":"Feature","geometry":{"type":"LineString","coordinates":[[-7.53,4.36],[-7.6,4.89],[-7.37,5.33],[-7.43,5.84],[-7.76,5.95],[-7.91,6.29],[-8.18,6.28],[-8.6,6.5],[-8.29,7],[-8.47,7.56]]},"properties":{"Style":null}},{"type":"Feature","geometry":{"type":"LineString","coordinates":[[-2.69,9.49],[-2.78,9.06],[-2.62,8.92],[-2.49,8.21],[-2.78,7.95],[-3.26,6.62],[-3.03,5.71],[-2.76,5.6],[-2.73,5.14],[-3.11,5.09]]},"properties":{"Style":null}},{"type":"Feature","geometry":{"type":"LineString","coordinates":[[-7.98,10.17],[-7.51,10.46],[-7.37,10.25],[-7.02,10.15],[-6.94,10.36],[-6.65,10.37],[-6.65,10.66],[-6.43,10.56],[-6.41,10.7],[-6.25,10.74],[-6.17,10.22],[-5.98,10.2],[-5.78,10.43],[-5.51,10.43]]},"properties":{"Style":null}},{"type":"Feature","geometry":{"type":"LineString","coordinates":[[-8.47,7.56],[-8.18,7.56],[-8.07,8.03],[-7.95,8.01],[-7.99,8.2],[-8.24,8.23],[-8.19,8.51],[-7.65,8.39],[-7.69,8.65],[-7.97,8.83],[-7.9,9.03],[-7.73,9.08],[-7.91,9.19],[-7.85,9.42],[-8.03,9.4],[-8.14,9.53],[-8.16,9.93],[-7.98,10.17]]},"properties":{"Style":null}},{"type":"Feature","geometry":{"type":"LineString","coordinates":[[8.62,4.82],[8.92,5.56],[8.84,5.83],[9.47,6.46],[9.71,6.51],[9.78,6.79],[10.15,7.04],[10.22,6.89],[10.49,6.9],[10.57,7.16],[10.92,6.71],[11.1,6.68],[11.1,6.52],[11.32,6.5],[11.52,6.61],[11.63,6.99],[11.88,7.1],[11.84,7.27],[12.21,7.98],[12.27,8.45],[12.78,8.75],[12.87,9.38],[13.23,9.59],[13.25,10.04],[13.5,10.22],[13.74,11.01],[13.98,11.31],[14.2,11.25],[14.65,11.58],[14.55,11.72],[14.68,12.16],[14.46,12.36],[14.2,12.38],[14.08,13.08]]},"properties":{"Style":null}},{"type":"Feature","geometry":{"type":"LineString","coordinates":[[16.19,2.22],[16.08,2.2],[16.15,1.7],[16.06,1.66],[15.74,1.92],[14.92,2],[14.6,2.21],[13.3,2.17]]},"properties":{"Style":null}},{"type":"Feature","geometry":{"type":"LineString","coordinates":[[14.08,13.08],[14.47,13.08],[14.55,12.78],[14.84,12.62],[14.88,12.16],[15.03,12.11],[15.12,11.79],[15.05,11],[15.14,10.55],[15.68,10.01],[14.22,10.01],[13.98,9.64],[14.49,9.06],[15.15,8.61],[15.59,7.78],[15.49,7.53]]},"properties":{"Style":null}},{"type":"Feature","geometry":{"type":"LineString","coordinates":[[33.74,34.98],[33.75,34.98]]},"properties":{"Style":null}},{"type":"Feature","geometry":{"type":"LineString","coordinates":[[33.9,34.96],[33.79,35.05],[33.9,35.07]]},"properties":{"Style":null}},{"type":"Feature","geometry":{"type":"LineString","coordinates":[[33.9,35.07],[34.01,35.06]]},"properties":{"Style":"Tightly Dashed"}},{"type":"Feature","geometry":{"type":"LineString","coordinates":[[33.99,35.07],[33.91,35.08]]},"properties":{"Style":"Tightly Dashed"}},{"type":"Feature","geometry":{"type":"LineString","coordinates":[[33.71,35],[33.7,34.98]]},"properties":{"Style":null}},{"type":"Feature","geometry":{"type":"LineString","coordinates":[[33.01,34.64],[32.75,34.65]]},"properties":{"Style":null}},{"type":"Feature","geometry":{"type":"LineString","coordinates":[[32.63,35.19],[32.59,35.18]]},"properties":{"Style":"Tightly Dashed"}},{"type":"Feature","geometry":{"type":"LineString","coordinates":[[32.59,35.18],[32.64,35.19]]},"properties":{"Style":"Tightly Dashed"}},{"type":"Feature","geometry":{"type":"LineString","coordinates":[[14.23,53.93],[14.21,53.87]]},"properties":{"Style":null}},{"type":"Feature","geometry":{"type":"LineString","coordinates":[[-8.67,27.32],[-8.67,27.67]]},"properties":{"Style":null}},{"type":"Feature","geometry":{"type":"LineString","coordinates":[[-4.3,35.17],[-4.3,35.17]]},"properties":{"Style":null}},{"type":"Feature","geometry":{"type":"LineString","coordinates":[[-5.34,36.15],[-5.35,36.15]]},"properties":{"Style":null}},{"type":"Feature","geometry":{"type":"LineString","coordinates":[[-5.34,35.87],[-5.38,35.91]]},"properties":{"Style":null}},{"type":"Feature","geometry":{"type":"LineString","coordinates":[[-2.93,35.27],[-2.95,35.32]]},"properties":{"Style":null}},{"type":"Feature","geometry":{"type":"LineString","coordinates":[[19.13,60.3],[19.13,60.3]]},"properties":{"Style":null}},{"type":"Feature","geometry":{"type":"LineString","coordinates":[[7.44,43.75],[7.42,43.72]]},"properties":{"Style":null}},{"type":"Feature","geometry":{"type":"LineString","coordinates":[[-63.13,18.05],[-63.14,18.05]]},"properties":{"Style":null}},{"type":"Feature","geometry":{"type":"LineString","coordinates":[[-63.02,18.06],[-63.09,18.05]]},"properties":{"Style":null}},{"type":"Feature","geometry":{"type":"LineString","coordinates":[[33.71,35],[33.68,35.04]]},"properties":{"Style":null}},{"type":"Feature","geometry":{"type":"LineString","coordinates":[[33.91,35.08],[33.9,35.07]]},"properties":{"Style":null}},{"type":"Feature","geometry":{"type":"LineString","coordinates":[[-14.96,10.99],[-14.92,11.05]]},"properties":{"Style":null}},{"type":"Feature","geometry":{"type":"LineString","coordinates":[[-14.98,10.97],[-14.96,10.99]]},"properties":{"Style":null}},{"type":"Feature","geometry":{"type":"LineString","coordinates":[[-16.72,12.34],[-16.67,12.36]]},"properties":{"Style":null}},{"type":"Feature","geometry":{"type":"LineString","coordinates":[[18.44,42.56],[18.52,42.42]]},"properties":{"Style":null}},{"type":"Feature","geometry":{"type":"LineString","coordinates":[[22.16,48.4],[22.6,48.1],[22.81,48.11],[22.9,47.95]]},"properties":{"Style":null}},{"type":"Feature","geometry":{"type":"LineString","coordinates":[[117.68,4.17],[117.9,4.17]]},"properties":{"Style":null}},{"type":"Feature","geometry":{"type":"LineString","coordinates":[[78.74,31.89],[78.71,31.77]]},"properties":{"Style":"Tightly Dashed"}},{"type":"Feature","geometry":{"type":"LineString","coordinates":[[77.92,35.5],[78.11,35.48],[78,35.24],[78.29,34.62],[79.04,34.34],[78.93,34.15],[78.66,34.08],[78.76,33.91],[78.73,33.57],[78.94,33.39]]},"properties":{"Style":"Tightly Dashed"}},{"type":"Feature","geometry":{"type":"LineString","coordinates":[[79.15,33.18],[79.28,32.56]]},"properties":{"Style":"Tightly Dashed"}},{"type":"Feature","geometry":{"type":"LineString","coordinates":[[78.74,32.7],[78.66,32.66]]},"properties":{"Style":"Tightly Dashed"}},{"type":"Feature","geometry":{"type":"LineString","coordinates":[[78.63,32.63],[78.57,32.62]]},"properties":{"Style":"Tightly Dashed"}},{"type":"Feature","geometry":{"type":"LineString","coordinates":[[76.78,35.66],[77.34,35.52]]},"properties":{"Style":"Tightly Dashed"}},{"type":"Feature","geometry":{"type":"LineString","coordinates":[[35.67,32.69],[35.76,32.75]]},"properties":{"Style":null}},{"type":"Feature","geometry":{"type":"LineString","coordinates":[[38.79,33.37],[39.09,32.5],[38.99,32.48],[39.04,32.3],[39.26,32.36],[39.2,32.15]]},"properties":{"Style":null}},{"type":"Feature","geometry":{"type":"LineString","coordinates":[[56,41.32],[55.45,41.27],[54.89,41.96],[54.22,42.38],[52.99,42.13],[52.45,41.76]]},"properties":{"Style":null}},{"type":"Feature","geometry":{"type":"LineString","coordinates":[[15,23],[14.19,22.64],[13.53,23.15],[12,23.52]]},"properties":{"Style":null}},{"type":"Feature","geometry":{"type":"LineString","coordinates":[[20.98,55.28],[20.95,55.28]]},"properties":{"Style":null}},{"type":"Feature","geometry":{"type":"LineString","coordinates":[[13.3,2.17],[13.16,2.29],[11.67,2.32],[11.37,2.29],[11.33,2.17]]},"properties":{"Style":null}},{"type":"Feature","geometry":{"type":"LineString","coordinates":[[11.33,2.17],[10,2.17],[9.82,2.35]]},"properties":{"Style":null}},{"type":"Feature","geometry":{"type":"LineString","coordinates":[[24,-10.89],[23.86,-11.04],[23.48,-10.94],[23.2,-11.11],[22.51,-11.04],[22.25,-11.26],[22.17,-10.86],[22.33,-10.76],[22.32,-10.37],[22.19,-9.93],[21.79,-9.42],[21.95,-8.5],[21.75,-7.94],[21.86,-7.56],[21.79,-7.28],[20.55,-7.28],[20.63,-6.92],[19.55,-7],[19.38,-8],[18.53,-7.92],[18.1,-8.1],[17.57,-8.13],[17.18,-7.42],[16.94,-7.24],[16.57,-5.87],[13.1,-5.89]]},"properties":{"Style":null}},{"type":"Feature","geometry":{"type":"LineString","coordinates":[[13.1,-4.68],[13.14,-4.59],[13.43,-4.92],[13.72,-4.71],[13.74,-4.44],[13.94,-4.52],[14.4,-4.28],[14.4,-4.86],[14.68,-4.91],[15.19,-4.34],[15.46,-4.29],[15.56,-4.04],[15.89,-3.95],[16.22,-3.31],[16.18,-2.19],[16.9,-1.2],[17.32,-1],[17.7,-0.54],[17.68,-0.15],[17.96,0.37],[17.84,0.95],[18.07,1.54],[18.09,2.27],[18.65,3.22],[18.63,3.47]]},"properties":{"Style":null}},{"type":"Feature","geometry":{"type":"LineString","coordinates":[[12.2,-5.77],[12.53,-5.74],[12.46,-5.08],[13.1,-4.68]]},"properties":{"Style":null}},{"type":"Feature","geometry":{"type":"LineString","coordinates":[[30.77,-8.2],[28.89,-8.48],[28.91,-8.77],[28.38,-9.25],[28.7,-9.8],[28.57,-10.23],[28.7,-10.67],[28.48,-11.11],[28.43,-11.81],[28.75,-11.98],[29.04,-12.38],[29.48,-12.46],[29.48,-12.25],[29.81,-12.15],[29.81,-13.44],[29.64,-13.43],[29.67,-13.23],[29.58,-13.2],[29.18,-13.45],[29.01,-13.42],[28.78,-12.94],[28.65,-12.81],[28.56,-12.9],[28.46,-12.73],[28.53,-12.64],[28.45,-12.52],[27.96,-12.36],[27.93,-12.24],[27.62,-12.27],[27.46,-11.93],[27.23,-11.78],[27.21,-11.57],[27.02,-11.61],[26.88,-11.99],[25.98,-11.95],[25.89,-11.81],[25.51,-11.79],[25.34,-11.63],[25.34,-11.2],[24.44,-11.47],[24.29,-11.39],[24.38,-11.08],[24,-10.89]]},"properties":{"Style":null}},{"type":"Feature","geometry":{"type":"LineString","coordinates":[[29.41,-4.44],[29.35,-4.95],[29.63,-5.72],[29.5,-5.98],[29.55,-6.3],[29.73,-6.62],[30.31,-7.14],[30.77,-8.2]]},"properties":{"Style":null}},{"type":"Feature","geometry":{"type":"LineString","coordinates":[[30.85,3.5],[30.94,3.4],[30.77,3.05],[30.89,2.85],[30.74,2.45],[31.2,2.29],[31.31,2.12],[29.97,0.81],[29.98,0.51],[29.72,0.06],[29.59,-1.39]]},"properties":{"Style":null}},{"type":"Feature","geometry":{"type":"LineString","coordinates":[[29.59,-1.39],[29.27,-1.63],[29.12,-2.24],[28.87,-2.42],[29.04,-2.74]]},"properties":{"Style":null}},{"type":"Feature","geometry":{"type":"LineString","coordinates":[[27.45,5.02],[27.78,4.77],[27.79,4.61],[28.38,4.28],[28.78,4.56],[29.21,4.34],[29.49,4.7],[29.66,4.65],[30.22,3.93],[30.53,3.86],[30.56,3.63],[30.77,3.68],[30.85,3.5]]},"properties":{"Style":null}},{"type":"Feature","geometry":{"type":"LineString","coordinates":[[11.15,-3.96],[11.44,-3.5],[11.66,-3.74],[11.9,-3.65],[11.96,-3.32],[11.66,-3.16],[11.8,-3.07],[11.53,-2.84],[11.53,-2.37],[11.72,-2.55],[11.97,-2.34],[12.51,-2.42],[12.45,-1.87],[12.65,-1.81],[12.84,-1.94],[13,-2.37],[13.49,-2.44],[13.76,-2.09],[13.94,-2.35],[13.87,-2.47],[14.11,-2.51],[14.26,-2.35],[14.15,-2.23],[14.26,-1.98],[14.43,-1.9],[14.53,-0.62],[14.17,-0.42],[14.12,-0.26],[13.82,-0.15],[13.94,-0.05],[13.95,0.35],[14.11,0.55],[14.38,0.64],[14.5,0.93],[14.18,1.4],[13.8,1.43],[13.15,1.24],[13.26,1.34],[13.13,1.56],[13.15,1.88],[13.3,2.17]]},"properties":{"Style":null}},{"type":"Feature","geometry":{"type":"LineString","coordinates":[[13.1,-4.68],[12.77,-4.39],[12.78,-4.49],[12.4,-4.61],[12.02,-5.04]]},"properties":{"Style":null}},{"type":"Feature","geometry":{"type":"LineString","coordinates":[[-85.69,11.08],[-85.61,11.22],[-84.91,10.94],[-84.68,11.08],[-83.92,10.71],[-83.67,10.8],[-83.7,10.93]]},"properties":{"Style":null}},{"type":"Feature","geometry":{"type":"LineString","coordinates":[[-82.56,9.57],[-82.64,9.49],[-82.86,9.62],[-82.94,9.47],[-82.94,9.08],[-82.71,8.92],[-82.92,8.75],[-82.84,8.48],[-83.05,8.33],[-82.9,8.04]]},"properties":{"Style":null}},{"type":"Feature","geometry":{"type":"LineString","coordinates":[[33.91,35.08],[33.68,35.04]]},"properties":{"Style":null}},{"type":"Feature","geometry":{"type":"LineString","coordinates":[[32.69,35.18],[32.86,35.07],[33.4,35.18],[33.44,34.99],[33.71,35]]},"properties":{"Style":"Tightly Dashed"}},{"type":"Feature","geometry":{"type":"LineString","coordinates":[[33.68,35.04],[33.47,35.01],[33.4,35.2],[32.85,35.08],[32.72,35.18]]},"properties":{"Style":"Tightly Dashed"}},{"type":"Feature","geometry":{"type":"LineString","coordinates":[[13.84,48.77],[12.66,49.43],[12.4,49.76],[12.55,49.92],[12.2,50.11],[12.11,50.32],[12.32,50.17],[12.51,50.4],[12.95,50.4],[13.56,50.71],[14.39,50.9],[14.32,51.06],[14.6,50.99],[14.62,50.86],[14.82,50.87]]},"properties":{"Style":null}},{"type":"Feature","geometry":{"type":"LineString","coordinates":[[18.85,49.52],[18.55,49.5],[18.18,49.29],[17.89,48.93],[17.52,48.81],[17.19,48.87],[16.94,48.62]]},"properties":{"Style":null}},{"type":"Feature","geometry":{"type":"LineString","coordinates":[[14.82,50.87],[15.17,51.02],[15.37,50.78],[15.82,50.76],[16.02,50.61],[16.34,50.66],[16.44,50.58],[16.22,50.41],[16.71,50.1],[17.03,50.23],[16.88,50.44],[17.45,50.26],[17.72,50.32],[17.76,50.21],[17.59,50.16],[17.78,50.02],[18.54,49.93],[18.85,49.52]]},"properties":{"Style":null}},{"type":"Feature","geometry":{"type":"LineString","coordinates":[[7.59,47.59],[7.58,48.12],[7.84,48.64],[8.23,48.97],[7.44,49.18],[6.74,49.16],[6.55,49.42],[6.37,49.47]]},"properties":{"Style":null}},{"type":"Feature","geometry":{"type":"LineString","coordinates":[[14.27,53.7],[14.45,53.27],[14.12,52.84],[14.64,52.57],[14.54,52.39],[14.76,52.07],[14.59,51.82],[15.03,51.29],[14.82,50.87]]},"properties":{"Style":null}},{"type":"Feature","geometry":{"type":"LineString","coordinates":[[6.02,50.75],[6.08,50.92],[5.89,51.05],[6.18,51.16],[6.07,51.22],[6.22,51.47],[5.95,51.82],[6.83,51.96],[6.7,52.07],[7.06,52.23],[7.07,52.37],[6.68,52.55],[7.05,52.64],[7.21,53.23]]},"properties":{"Style":null}},{"type":"Feature","geometry":{"type":"LineString","coordinates":[[6.37,49.47],[6.52,49.81],[6.24,49.9],[6.14,50.13]]},"properties":{"Style":null}},{"type":"Feature","geometry":{"type":"LineString","coordinates":[[8.64,54.91],[9.42,54.83]]},"properties":{"Style":null}},{"type":"Feature","geometry":{"type":"LineString","coordinates":[[-71.76,18.03],[-71.7,18.34],[-72,18.63],[-71.74,18.72],[-71.73,18.88],[-71.89,18.96],[-71.63,19.18],[-71.79,19.33],[-71.68,19.43],[-71.76,19.7]]},"properties":{"Style":null}},{"type":"Feature","geometry":{"type":"LineString","coordinates":[[4.27,19.15],[3.3,19],[3.12,19.15],[3.26,19.45],[3.25,19.84],[2.67,20.09],[2.38,20.02],[2.21,20.31],[1.8,20.29],[1.61,20.59],[1.17,20.74],[1.16,21.13],[-4.83,25]]},"properties":{"Style":null}},{"type":"Feature","geometry":{"type":"LineString","coordinates":[[-4.83,25],[-8.67,27.32]]},"properties":{"Style":null}},{"type":"Feature","geometry":{"type":"LineString","coordinates":[[-8.67,27.67],[-8.67,28.71],[-7.62,29.37],[-7.1,29.53],[-6.78,29.46],[-5.79,29.62],[-5.57,29.49],[-5.28,29.91],[-4.32,30.53],[-3.64,30.7],[-3.54,31.03],[-3.79,31.24],[-3.67,31.63],[-2.82,31.8],[-2.91,32.12],[-1.15,32.11],[-1.3,32.17],[-1.25,32.33],[-1,32.52],[-1.38,32.74],[-1.67,33.28],[-1.59,33.61],[-1.74,33.7],[-1.65,34.11],[-1.78,34.39],[-1.69,34.5],[-1.84,34.62],[-1.75,34.75],[-2.21,35.09]]},"properties":{"Style":null}},{"type":"Feature","geometry":{"type":"LineString","coordinates":[[8.64,36.94],[8.67,36.82],[8.43,36.76],[8.45,36.62],[8.16,36.48],[8.41,36.41],[8.26,35.76],[8.39,35.48],[8.31,35.31],[8.47,35.24],[8.26,34.93],[8.28,34.65],[7.53,34.06],[7.52,33.8],[7.81,33.21],[8.14,33.08],[8.32,32.82],[8.36,32.5],[9.08,32.09],[9.56,30.23]]},"properties":{"Style":null}},{"type":"Feature","geometry":{"type":"LineString","coordinates":[[9.56,30.23],[9.39,30.17],[9.42,30.04],[9.78,29.43],[9.9,28.76],[9.83,28.29],[9.96,27.86],[9.78,27.26],[9.93,26.86],[9.86,26.52],[9.5,26.38],[9.4,26.2],[10.03,25.35],[10.04,24.96],[10.22,24.65],[10.36,24.53],[10.9,24.55],[11.42,24.2],[11.6,24.27],[12,23.52]]},"properties":{"Style":null}},{"type":"Feature","geometry":{"type":"LineString","coordinates":[[12,23.52],[7.46,20.84],[5.81,19.44],[4.27,19.15]]},"properties":{"Style":null}},{"type":"Feature","geometry":{"type":"LineString","coordinates":[[-78.73,1.37],[-78.43,1.14],[-78.33,1.2],[-78.19,0.94],[-77.67,0.82],[-77.48,0.64],[-77.53,0.4],[-76.59,0.22],[-76.41,0.24],[-76.28,0.44],[-75.8,0.05],[-75.26,-0.12]]},"properties":{"Style":null}},{"type":"Feature","geometry":{"type":"LineString","coordinates":[[-75.26,-0.12],[-75.61,-0.11],[-75.23,-0.55],[-75.19,-0.97],[-75.39,-0.93],[-75.56,-1.55],[-76.63,-2.59],[-77.84,-3],[-78.19,-3.37],[-78.18,-3.5],[-78.34,-3.39],[-78.66,-4.58],[-78.86,-4.68],[-79.01,-5.01],[-79.26,-4.97],[-79.63,-4.44],[-79.82,-4.49],[-80.14,-4.29],[-80.44,-4.46],[-80.32,-4.22],[-80.45,-4.21],[-80.48,-4.06],[-80.13,-3.89],[-80.22,-3.44]]},"properties":{"Style":null}},{"type":"Feature","geometry":{"type":"LineString","coordinates":[[36.88,22],[31.4,22],[31.47,22.22],[31.32,22],[25,22]]},"properties":{"Style":null}},{"type":"Feature","geometry":{"type":"LineString","coordinates":[[25,22],[25,29.25],[24.7,30.16],[25.02,30.78],[24.86,31.4],[25.15,31.66]]},"properties":{"Style":null}},{"type":"Feature","geometry":{"type":"LineString","coordinates":[[34.27,31.22],[34.9,29.49]]},"properties":{"Style":null}},{"type":"Feature","geometry":{"type":"LineString","coordinates":[[34.22,31.32],[34.27,31.22]]},"properties":{"Style":null}},{"type":"Feature","geometry":{"type":"LineString","coordinates":[[36.56,14.26],[36.43,15.17],[36.96,16.28],[36.86,16.53],[37,16.75],[37,17.08],[37.4,17.06],[37.51,17.34],[38.25,17.56],[38.58,18.02]]},"properties":{"Style":null}},{"type":"Feature","geometry":{"type":"LineString","coordinates":[[42.4,12.47],[40.91,14.11],[40.21,14.39],[40.13,14.55],[39.94,14.41],[39.59,14.61],[39.25,14.41],[39.15,14.65],[38.45,14.41],[37.91,14.89],[37.53,14.18],[37.31,14.45],[37.13,14.41],[37.09,14.27],[36.56,14.26]]},"properties":{"Style":null}},{"type":"Feature","geometry":{"type":"LineString","coordinates":[[43.14,12.71],[42.89,12.62],[42.75,12.38],[42.4,12.47]]},"properties":{"Style":null}},{"type":"Feature","geometry":{"type":"LineString","coordinates":[[-7.39,37.17],[-7.52,37.55],[-7.24,37.99],[-7.01,38.02],[-6.93,38.21],[-7.09,38.17],[-7.32,38.48],[-6.95,39.02],[-7.24,39.21],[-7.29,39.46],[-7.53,39.66],[-7.02,39.67],[-6.87,40.02],[-7.02,40.2],[-6.78,40.36],[-6.81,40.88],[-6.93,41.03],[-6.19,41.57],[-6.55,41.69],[-6.59,41.97],[-7.14,41.99],[-7.42,41.81],[-7.91,41.93],[-8.14,41.81],[-8.22,41.91],[-8.08,42.05],[-8.2,42.15],[-8.87,41.87]]},"properties":{"Style":null}},{"type":"Feature","geometry":{"type":"LineString","coordinates":[[-1.78,43.35],[-1.38,43.25],[-1.44,43.05],[-1.28,43.12],[-0.75,42.97],[-0.57,42.78],[-0.32,42.84],[-0.02,42.69],[0.66,42.69],[0.71,42.86],[1.36,42.72],[1.44,42.6]]},"properties":{"Style":null}},{"type":"Feature","geometry":{"type":"LineString","coordinates":[[2,42.49],[1.98,42.45],[1.96,42.46],[2,42.49]]},"properties":{"Style":null}},{"type":"Feature","geometry":{"type":"LineString","coordinates":[[1.73,42.5],[2.01,42.35],[3.17,42.44]]},"properties":{"Style":null}},{"type":"Feature","geometry":{"type":"LineString","coordinates":[[28.04,59.47],[28.19,59.35],[27.36,58.79],[27.56,58.38],[27.49,58.22],[27.82,57.9],[27.55,57.83],[27.35,57.52]]},"properties":{"Style":null}},{"type":"Feature","geometry":{"type":"LineString","coordinates":[[27.35,57.52],[26.93,57.63],[26.52,57.52],[26.06,57.85],[25.3,58.08],[25.28,57.99],[25.11,58.08],[24.35,57.88]]},"properties":{"Style":null}},{"type":"Feature","geometry":{"type":"LineString","coordinates":[[28.93,69.05],[28.42,68.92],[28.8,68.87],[28.43,68.54],[28.65,68.2],[29.33,68.07],[30.02,67.67],[29.03,66.93],[29.92,66.13],[30.13,65.7],[29.72,65.64],[29.86,65.56],[29.6,65.26],[29.86,65.22],[29.9,65.11],[29.63,65.06],[29.61,64.93],[29.74,64.79],[30.09,64.77],[30.04,64.4],[30.48,64.26],[30.55,64.1],[30.26,63.82],[29.97,63.76],[31.24,63.22],[31.59,62.91],[30.94,62.31],[27.8,60.54]]},"properties":{"Style":null}},{"type":"Feature","geometry":{"type":"LineString","coordinates":[[24.14,65.84],[23.92,66.16],[23.65,66.3],[23.65,66.46],[23.86,66.56],[24,66.82],[23.56,67.17],[23.76,67.43],[23.39,67.49],[23.56,67.62],[23.49,67.86],[23.66,67.94],[22.85,68.38],[22.04,68.48],[20.55,69.06]]},"properties":{"Style":null}},{"type":"Feature","geometry":{"type":"LineString","coordinates":[[20.55,69.06],[21.06,69.04],[21.02,69.23],[21.63,69.28],[22.37,68.72],[23.17,68.63],[23.87,68.84],[24.9,68.55],[25.12,68.64],[25.16,68.8],[25.78,69.02],[25.7,69.23],[25.97,69.71],[26.47,69.94],[27.09,69.92],[27.96,70.09],[28.4,69.82],[29.13,69.7],[29.34,69.48],[28.83,69.22],[28.93,69.05]]},"properties":{"Style":null}},{"type":"Feature","geometry":{"type":"LineString","coordinates":[[5.82,49.55],[6.37,49.47]]},"properties":{"Style":null}},{"type":"Feature","geometry":{"type":"LineString","coordinates":[[7.04,45.92],[6.81,45.73],[7.18,45.41],[7.14,45.26],[6.63,45.1],[6.75,44.91],[7.02,44.82],[7.08,44.68],[6.85,44.53],[7.01,44.24],[7.36,44.12],[7.68,44.17],[7.53,43.78]]},"properties":{"Style":null}},{"type":"Feature","geometry":{"type":"LineString","coordinates":[[-54.18,2.18],[-54,2.6],[-54.09,3.22],[-53.98,3.61],[-54.36,4.05],[-54.48,4.9],[-53.97,5.75]]},"properties":{"Style":null}},{"type":"Feature","geometry":{"type":"LineString","coordinates":[[9.66,1.06],[9.94,0.93],[11.33,1],[11.33,2.17]]},"properties":{"Style":null}},{"type":"Feature","geometry":{"type":"LineString","coordinates":[[-6.29,54.11],[-6.62,54.04],[-6.64,54.17],[-7.03,54.42],[-7.27,54.14],[-7.57,54.13],[-8.16,54.44],[-7.71,54.61],[-7.91,54.7],[-7.55,54.76],[-7.26,55.07]]},"properties":{"Style":null}},{"type":"Feature","geometry":{"type":"LineString","coordinates":[[40.01,43.39],[40.11,43.57],[40.66,43.56],[41.62,43.22],[42.86,43.18],[43.18,42.94],[43.76,42.77],[43.75,42.6],[43.96,42.55],[44.51,42.75],[44.8,42.61],[44.89,42.75],[45.16,42.71],[45.33,42.53],[45.78,42.49],[45.65,42.19],[46.43,41.91]]},"properties":{"Style":null}},{"type":"Feature","geometry":{"type":"LineString","coordinates":[[43.47,41.12],[43.24,41.18],[43.13,41.26],[43.21,41.3],[42.8,41.5],[42.83,41.59],[42.61,41.59],[42.47,41.44],[41.55,41.52]]},"properties":{"Style":null}},{"type":"Feature","geometry":{"type":"LineString","coordinates":[[-14.91,11.07],[-14.66,11.5],[-14.27,11.68],[-13.71,11.7],[-13.7,12.01],[-13.96,12.18],[-13.66,12.32],[-13.71,12.67]]},"properties":{"Style":null}},{"type":"Feature","geometry":{"type":"LineString","coordinates":[[-13.71,12.67],[-13.07,12.64],[-13.06,12.48],[-12.88,12.55],[-12.36,12.31],[-12.06,12.43],[-11.38,12.41]]},"properties":{"Style":null}},{"type":"Feature","geometry":{"type":"LineString","coordinates":[[-11.38,12.41],[-11.49,12.18],[-11.34,12.05],[-11.19,12.01],[-10.94,12.23],[-10.66,11.9],[-10.34,12.23],[-9.72,12.03],[-9.65,12.17],[-9.32,12.28],[-9.35,12.5],[-9.02,12.42],[-8.91,12.05],[-8.77,11.98],[-8.85,11.65],[-8.35,11.37],[-8.67,10.96],[-8.29,11.02],[-8.32,10.59],[-8.23,10.42],[-7.99,10.34],[-7.98,10.17]]},"properties":{"Style":null}},{"type":"Feature","geometry":{"type":"LineString","coordinates":[[-10.28,8.48],[-10.7,8.28],[-10.46,8.68],[-10.57,9.05],[-10.73,9.08],[-10.66,9.31],[-11.21,10],[-12.44,9.88],[-12.79,9.3],[-12.95,9.28],[-13.08,9.05],[-13.3,9.04]]},"properties":{"Style":null}},{"type":"Feature","geometry":{"type":"LineString","coordinates":[[-8.47,7.56],[-8.67,7.7],[-8.85,7.27],[-9.11,7.19],[-9.2,7.38],[-9.48,7.37],[-9.35,7.75],[-9.48,8.35],[-9.78,8.55],[-10.04,8.43],[-10.12,8.53],[-10.28,8.48]]},"properties":{"Style":null}},{"type":"Feature","geometry":{"type":"LineString","coordinates":[[-16.55,13.59],[-15.47,13.59],[-15.38,13.77],[-15.07,13.83],[-14.32,13.46],[-13.9,13.56],[-13.8,13.39],[-14.35,13.23],[-15.09,13.6],[-15.3,13.37],[-15.8,13.35],[-15.8,13.17],[-16.68,13.17],[-16.75,13.06]]},"properties":{"Style":null}},{"type":"Feature","geometry":{"type":"LineString","coordinates":[[-16.67,12.36],[-15.68,12.43],[-15.2,12.69],[-13.71,12.67]]},"properties":{"Style":null}},{"type":"Feature","geometry":{"type":"LineString","coordinates":[[26.36,41.71],[26.59,41.61],[26.63,41.35],[26.32,41.25],[26.36,40.94],[26.04,40.73]]},"properties":{"Style":null}},{"type":"Feature","geometry":{"type":"LineString","coordinates":[[20.98,40.85],[21.59,40.87],[22.07,41.16],[22.73,41.15],[22.76,41.32],[22.93,41.34]]},"properties":{"Style":null}},{"type":"Feature","geometry":{"type":"LineString","coordinates":[[-92.23,14.53],[-92.06,15.07],[-92.21,15.26],[-91.73,16.07],[-90.44,16.07],[-90.42,16.42],[-91.44,17.25],[-90.99,17.25],[-90.99,17.82],[-89.15,17.82]]},"properties":{"Style":null}},{"type":"Feature","geometry":{"type":"LineString","coordinates":[[-88.23,15.72],[-89.15,15.07],[-89.15,14.61],[-89.36,14.42]]},"properties":{"Style":null}},{"type":"Feature","geometry":{"type":"LineString","coordinates":[[-89.36,14.42],[-89.57,14.42],[-89.53,14.22],[-89.9,14.03],[-90.13,13.75]]},"properties":{"Style":null}},{"type":"Feature","geometry":{"type":"LineString","coordinates":[[-60.74,5.2],[-61.4,5.97],[-61.13,6.19],[-61.22,6.55],[-61.14,6.72],[-60.72,6.76],[-60.31,7.04],[-60.37,7.18],[-60.62,7.21],[-60.71,7.54],[-60.54,7.82],[-60.33,7.84],[-59.81,8.27],[-59.99,8.55]]},"properties":{"Style":null}},{"type":"Feature","geometry":{"type":"LineString","coordinates":[[-57.14,5.98],[-57.17,5.6],[-57.34,5.33],[-57.19,5.16],[-57.3,5.17],[-57.29,5.02],[-57.88,4.88],[-57.83,4.64],[-58.07,4.14],[-57.65,3.37],[-57.31,3.39],[-57.2,2.84],[-56.68,2.02],[-56.5,1.93]]},"properties":{"Style":null}},{"type":"Feature","geometry":{"type":"LineString","coordinates":[[-83.14,15],[-83.5,15.01],[-83.76,14.81],[-84.47,14.62],[-84.9,14.82],[-85.14,14.58],[-85.19,14.25],[-85.75,13.97],[-85.75,13.83],[-86.04,14],[-86.01,14.08],[-86.33,13.77],[-86.76,13.77],[-86.71,13.3],[-86.87,13.3],[-87.03,12.99],[-87.31,12.99]]},"properties":{"Style":null}},{"type":"Feature","geometry":{"type":"LineString","coordinates":[[-87.82,13.41],[-87.72,13.47],[-87.8,13.92],[-88.01,13.87],[-88.24,13.99],[-88.47,13.85],[-89.1,14.4],[-89.36,14.42]]},"properties":{"Style":null}},{"type":"Feature","geometry":{"type":"LineString","coordinates":[[13.59,45.47],[14.33,45.47],[14.6,45.67],[14.82,45.46],[15.35,45.46],[15.28,45.6],[15.41,45.65],[15.26,45.73],[15.71,45.85],[15.64,46.21],[16.3,46.38],[16.24,46.5],[16.34,46.55],[16.6,46.48]]},"properties":{"Style":null}},{"type":"Feature","geometry":{"type":"LineString","coordinates":[[16.6,46.48],[17.35,45.94],[17.86,45.77],[18.45,45.74],[18.66,45.92],[18.89,45.92]]},"properties":{"Style":null}},{"type":"Feature","geometry":{"type":"LineString","coordinates":[[18.89,45.92],[18.85,45.81],[18.98,45.74],[18.9,45.57],[19.1,45.5],[18.98,45.37],[19.45,45.2],[19.09,45.15],[19.14,44.94],[19.02,44.86]]},"properties":{"Style":null}},{"type":"Feature","geometry":{"type":"LineString","coordinates":[[20.26,46.13],[19.57,46.18],[19.3,45.99],[19.1,46.04],[18.89,45.92]]},"properties":{"Style":null}},{"type":"Feature","geometry":{"type":"LineString","coordinates":[[22.9,47.95],[22.69,47.79],[22.33,47.77],[22.02,47.52],[21.18,46.3],[20.26,46.13]]},"properties":{"Style":null}},{"type":"Feature","geometry":{"type":"LineString","coordinates":[[17.16,48.01],[17.78,47.74],[18.62,47.76],[18.85,47.82],[18.76,47.92],[18.83,48.05],[19.47,48.09],[19.63,48.25],[19.93,48.13],[20.33,48.27],[20.55,48.54],[21.44,48.59],[21.76,48.34],[22.16,48.4]]},"properties":{"Style":null}},{"type":"Feature","geometry":{"type":"LineString","coordinates":[[16.6,46.48],[16.39,46.63],[16.35,46.84],[16.11,46.87]]},"properties":{"Style":null}},{"type":"Feature","geometry":{"type":"LineString","coordinates":[[109.65,2.08],[109.54,1.93],[109.68,1.79],[109.66,1.62],[110.28,1],[110.58,0.85],[111.23,1.09],[111.82,0.99],[112.14,1.14],[112.21,1.45],[112.5,1.58],[112.99,1.58],[113.07,1.54],[112.97,1.41],[113.63,1.22],[113.97,1.45],[114.56,1.44],[114.74,1.86],[114.88,1.91],[114.74,2.19],[115.24,2.5],[115.09,2.61],[115.09,2.82],[115.56,3.16],[115.65,3.44],[115.56,3.92],[115.87,4.38],[116.08,4.28],[116.17,4.39],[116.44,4.29],[116.56,4.39],[117.25,4.37],[117.6,4.17]]},"properties":{"Style":null}},{"type":"Feature","geometry":{"type":"LineString","coordinates":[[124.95,-8.96],[124.98,-9.06],[125.19,-9.03],[125.18,-9.17],[124.98,-9.19],[125.09,-9.46]]},"properties":{"Style":null}},{"type":"Feature","geometry":{"type":"LineString","coordinates":[[124.04,-9.34],[124.35,-9.48],[124.48,-9.17]]},"properties":{"Style":null}},{"type":"Feature","geometry":{"type":"LineString","coordinates":[[141,-2.6],[141,-6.32],[140.85,-6.72],[141.02,-6.89],[141.02,-9.13]]},"properties":{"Style":null}},{"type":"Feature","geometry":{"type":"LineString","coordinates":[[97.06,27.75],[96.9,27.62],[96.9,27.45],[97.14,27.09],[96.61,27.37],[96.09,27.22],[95.72,26.88],[95.15,26.62],[95.07,26.45],[95.18,26.07],[95.01,25.9],[95.04,25.74],[94.63,25.39],[94.58,25.22],[94.74,25.04],[94.16,23.85],[93.76,24.01],[93.5,23.95],[93.35,24.1],[93.39,23.14],[93.29,23.01],[93.14,23.05],[93.09,22.81],[93.2,22.26],[93.05,22.2],[93.01,21.99],[92.69,22.15],[92.61,21.97]]},"properties":{"Style":null}},{"type":"Feature","geometry":{"type":"LineString","coordinates":[[92.12,26.89],[93.8,27.01],[94.27,27.59],[94.86,27.74],[95.82,28.3],[96.01,28.19],[96.25,28.25],[97.06,27.75]]},"properties":{"Style":"Tightly Dashed"}},{"type":"Feature","geometry":{"type":"LineString","coordinates":[[80.86,30.17],[80.37,29.75],[80.41,29.6],[80.24,29.44],[80.29,29.2],[80.07,28.84],[80.52,28.55],[80.55,28.69],[81.21,28.36],[81.33,28.14],[81.9,27.85],[82.07,27.92],[82.45,27.68],[82.71,27.72],[82.74,27.5],[83.33,27.33],[83.39,27.48],[83.86,27.35],[84.15,27.52],[84.62,27.34],[84.64,27.05],[85.19,26.86],[85.21,26.76],[85.62,26.87],[85.87,26.58],[86.34,26.62],[86.72,26.43],[87.07,26.59],[87.09,26.45],[87.34,26.35],[87.9,26.48],[88.01,26.36],[88.19,26.75],[87.99,27.11],[88.14,27.88]]},"properties":{"Style":null}},{"type":"Feature","geometry":{"type":"LineString","coordinates":[[68.9,24.26],[69.59,24.29],[70.03,24.17],[70.21,24.32]]},"properties":{"Style":null}},{"type":"Feature","geometry":{"type":"LineString","coordinates":[[70.91,24.26],[71.12,24.4],[70.99,24.54],[71.1,24.69],[70.66,25.4],[70.67,25.68],[70.26,25.72],[70.1,25.94],[70.17,26.55],[69.51,26.74],[69.51,27.01],[70.37,28.01],[70.59,28.01],[70.87,27.71],[71.9,27.96],[72.35,28.73],[72.95,29.03],[73.4,29.95],[73.97,30.2],[73.93,30.48],[74.7,31.09],[74.51,31.13],[74.65,31.45],[74.49,31.72],[74.88,32.05],[75.26,32.1],[75.38,32.23],[75.03,32.5],[74.68,32.49],[74.71,32.84],[74.46,32.79]]},"properties":{"Style":null}},{"type":"Feature","geometry":{"type":"LineString","coordinates":[[78.88,31.29],[79.09,30.99],[79.32,30.96],[79.41,31.07]]},"properties":{"Style":"Tightly Dashed"}},{"type":"Feature","geometry":{"type":"LineString","coordinates":[[78.49,32.27],[78.46,32.14],[78.76,31.95]]},"properties":{"Style":"Tightly Dashed"}},{"type":"Feature","geometry":{"type":"LineString","coordinates":[[79.7,30.97],[80.19,30.67]]},"properties":{"Style":"Tightly Dashed"}},{"type":"Feature","geometry":{"type":"LineString","coordinates":[[53.97,37.34],[54.7,37.45],[54.84,37.75],[55.45,38.09],[56.33,38.08],[56.45,38.26],[57.07,38.18],[57.24,38.27],[57.44,37.94],[58.15,37.79],[58.39,37.63],[58.82,37.7],[59.35,37.53],[59.55,37.14],[60.04,37.02],[60.35,36.63],[61.14,36.64],[61.23,36.16],[61.13,35.96],[61.27,35.61]]},"properties":{"Style":null}},{"type":"Feature","geometry":{"type":"LineString","coordinates":[[48.61,29.93],[48.03,30.48],[48.03,31],[47.68,31],[47.68,31.39],[47.87,31.78],[47.53,32.14],[47.47,32.39],[47.17,32.46],[46.41,32.95],[46.09,32.99],[46.15,33.07],[46.04,33.09],[46.19,33.26],[46.01,33.51],[45.86,33.49],[45.91,33.64],[45.75,33.59],[45.41,33.98],[45.58,34.15],[45.44,34.46],[45.54,34.59],[45.73,34.54],[45.65,34.72],[45.92,35.08],[46.19,35.11],[45.99,35.5],[46.02,35.67],[46.35,35.79],[45.76,35.81],[45.56,35.99],[45.35,35.98],[45.28,36.38],[45.01,36.52],[45.03,36.74],[44.84,36.78],[44.9,37],[44.78,37.14]]},"properties":{"Style":null}},{"type":"Feature","geometry":{"type":"LineString","coordinates":[[60.87,29.86],[61.91,28.56],[62.39,28.43],[62.6,28.25],[62.79,28.28],[62.78,27.26],[63.2,27.26],[63.32,27.15],[63.18,26.65],[62.44,26.56],[62.21,26.27],[61.9,26.26],[61.89,25.88],[61.68,25.66],[61.62,25.18]]},"properties":{"Style":null}},{"type":"Feature","geometry":{"type":"LineString","coordinates":[[44.78,37.14],[44.8,37.31],[44.59,37.44],[44.62,37.73],[44.22,37.89],[44.5,38.33],[44.32,38.37],[44.31,38.81],[44.03,39.38],[44.42,39.41],[44.47,39.68],[44.61,39.78],[44.81,39.63]]},"properties":{"Style":null}},{"type":"Feature","geometry":{"type":"LineString","coordinates":[[35.55,32.39],[35.22,32.55],[35.09,32.48],[34.99,31.97]]},"properties":{"Style":null}},{"type":"Feature","geometry":{"type":"LineString","coordinates":[[34.99,31.97],[34.96,31.83],[35.1,31.83]]},"properties":{"Style":"Tightly Dashed"}},{"type":"Feature","geometry":{"type":"LineString","coordinates":[[35.1,31.83],[35.22,31.74],[35,31.65],[34.89,31.37],[35.48,31.49]]},"properties":{"Style":null}},{"type":"Feature","geometry":{"type":"LineString","coordinates":[[35.1,33.09],[35.43,33.07],[35.62,33.24]]},"properties":{"Style":null}},{"type":"Feature","geometry":{"type":"LineString","coordinates":[[35.62,33.24],[35.67,32.69]]},"properties":{"Style":"Dashed"}},{"type":"Feature","geometry":{"type":"LineString","coordinates":[[35.67,32.69],[35.56,32.64],[35.55,32.39]]},"properties":{"Style":null}},{"type":"Feature","geometry":{"type":"LineString","coordinates":[[34.27,31.22],[34.57,31.54],[34.49,31.6]]},"properties":{"Style":null}},{"type":"Feature","geometry":{"type":"LineString","coordinates":[[35.48,31.49],[34.98,29.54]]},"properties":{"Style":null}},{"type":"Feature","geometry":{"type":"LineString","coordinates":[[12.49,43.92],[12.51,43.99],[12.41,43.95],[12.49,43.92]]},"properties":{"Style":null}},{"type":"Feature","geometry":{"type":"LineString","coordinates":[[13.71,46.52],[13.38,46.3],[13.66,46.18],[13.48,46.01],[13.64,45.98],[13.6,45.81],[13.92,45.63],[13.72,45.59]]},"properties":{"Style":null}},{"type":"Feature","geometry":{"type":"LineString","coordinates":[[12.45,41.91],[12.45,41.9],[12.45,41.9],[12.45,41.91]]},"properties":{"Style":null}},{"type":"Feature","geometry":{"type":"LineString","coordinates":[[39.2,32.15],[39.01,32],[37.01,31.5],[38,30.51],[37.67,30.33],[37.52,30],[36.77,29.87],[36.53,29.51],[36.07,29.18],[34.96,29.36]]},"properties":{"Style":null}},{"type":"Feature","geometry":{"type":"LineString","coordinates":[[35.48,31.49],[35.55,32.39]]},"properties":{"Style":"Dashed"}},{"type":"Feature","geometry":{"type":"LineString","coordinates":[[35.76,32.75],[36.4,32.38],[36.84,32.31],[38.79,33.37]]},"properties":{"Style":null}},{"type":"Feature","geometry":{"type":"LineString","coordinates":[[49.31,46.27],[48.55,46.56],[48.55,46.71],[49,46.74],[48.21,47.69],[47.41,47.84],[47.39,47.68],[47.19,47.76],[47.05,48],[47.21,48.08],[47.09,48.1],[47.12,48.27],[46.49,48.43],[46.78,48.95],[47.05,49.17],[46.78,49.34],[46.9,49.86],[47.35,50.09],[47.3,50.3],[47.54,50.46],[47.94,50.25],[48.23,49.88],[48.44,49.8],[48.75,49.92],[48.9,50.02],[48.76,50.1],[48.57,50.63],[48.81,50.6],[49.42,50.85],[49.34,50.99],[49.45,51.13],[49.78,51.11],[50.37,51.33],[50.59,51.65],[50.81,51.59],[50.78,51.77],[51.38,51.64],[51.24,51.56],[51.38,51.48],[51.6,51.55],[51.74,51.47],[51.86,51.67],[52.36,51.77],[52.56,51.45],[53.4,51.49],[53.63,51.39],[53.66,51.23],[54.03,51.16],[54.29,50.9],[54.52,50.85],[54.41,50.62],[54.54,50.53],[54.73,50.62],[54.6,51.03],[55.06,50.93],[55.06,50.82],[55.74,50.55],[56.51,51.08],[56.72,50.97],[56.7,51.07],[57.18,51.12],[57.51,50.88],[57.75,50.94],[57.77,51.14],[58.17,51.06],[58.29,51.15],[58.61,51.05],[58.66,50.81],[59.48,50.64],[59.51,50.49],[59.81,50.54],[60.15,50.84],[60.33,50.67],[60.81,50.66],[61.45,50.81],[61.57,51.24],[61.69,51.26],[61.5,51.41],[61,51.47],[60.93,51.62],[60.41,51.65],[60.52,51.8],[60.06,51.87],[60,51.99],[61.07,52.35],[60.71,52.66],[60.71,52.76],[61.08,52.93],[61.01,52.98],[62.03,52.95],[62.15,53.07],[61.18,53.31],[61.26,53.51],[61.59,53.53],[60.9,53.63],[61.23,53.8],[61.03,53.96],[61.28,53.93],[61.29,54.07],[61.48,54.08],[61.57,53.97],[61.93,53.95],[62.42,54.05],[62.51,53.91],[62.6,54.07],[63.17,54.19],[63.98,54.2],[63.98,54.3],[64.98,54.42],[65.22,54.33],[65.21,54.53],[65.5,54.57],[65.49,54.66],[65.98,54.72],[66,54.62],[68.23,54.97],[68.32,55.08],[68.18,55.2],[68.63,55.2],[68.75,55.38],[69,55.29],[68.93,55.44],[69.78,55.34],[70.21,55.15],[70.79,55.29],[71.02,55.09],[71.03,54.78],[71.29,54.67],[71.17,54.56],[71.2,54.31],[71,54.34],[71.18,54.09],[71.3,54.18],[71.72,54.11],[71.75,54.25],[72.18,54.12],[72.03,54.37],[72.51,54.14],[72.37,54.08],[72.49,53.9],[72.71,53.95],[72.53,54.04],[72.61,54.14],[73.28,53.94],[73.77,54.05],[73.69,53.86],[73.45,53.88],[73.25,53.67],[73.44,53.44],[73.9,53.65],[74.39,53.46],[74.46,53.69],[75.05,53.79],[75.44,53.97],[75.38,54.07],[76.93,54.46],[76.78,54.38],[76.88,54.3],[76.76,54.16],[76.44,54.17],[76.5,54.03],[77.91,53.29],[79.19,51.92],[80.07,50.75],[80.48,50.97],[80.45,51.21],[80.63,51.21],[80.68,51.32],[81.15,51.21],[81.06,50.95],[81.41,50.98],[81.45,50.76],[82.57,50.75],[82.73,50.93],[83.45,51.01],[83.96,50.8],[84.23,50.54],[84.33,50.23],[85.02,50.06],[84.98,49.91],[85.26,49.59],[86.2,49.47],[86.7,49.81],[86.78,49.7],[86.62,49.57],[86.83,49.55],[87.03,49.25],[87.32,49.23],[87.29,49.12]]},"properties":{"Style":null}},{"type":"Feature","geometry":{"type":"LineString","coordinates":[[70.94,42.26],[70.64,42.02],[70.43,42.09],[69.92,41.72],[69.62,41.66],[69.46,41.47],[69.16,41.43],[68.73,40.97],[68.53,41.02],[68.66,40.6],[68.48,40.57],[67.98,40.83],[68.13,41.03],[67.98,41.03],[67.97,41.15],[66.71,41.14],[66.53,41.88],[66,41.94],[66.1,42.94],[65.84,42.86],[65.53,43.32],[65,43.72],[64.53,43.57],[63.3,43.65],[62,43.51],[61.08,44.38],[60,45],[58.59,45.59],[56,45],[56,41.32]]},"properties":{"Style":null}},{"type":"Feature","geometry":{"type":"LineString","coordinates":[[80.17,42.21],[79.97,42.43],[79.5,42.46],[79.22,42.66],[79.2,42.8],[76.97,42.99],[76.34,42.86],[75.92,42.96],[75.72,42.8],[74.75,42.99],[74.2,43.26],[73.54,43.02],[73.42,42.57],[73.51,42.42],[71.84,42.84],[71.27,42.77],[71.18,42.61],[71,42.59],[71.09,42.48],[70.98,42.5],[70.87,42.32],[70.94,42.26]]},"properties":{"Style":null}},{"type":"Feature","geometry":{"type":"LineString","coordinates":[[71.21,39.92],[71.02,40.18],[71.05,39.9],[71.21,39.92]]},"properties":{"Style":null}},{"type":"Feature","geometry":{"type":"LineString","coordinates":[[71.03,40.23],[71.04,40.26],[71.03,40.24],[71.03,40.23]]},"properties":{"Style":null}},{"type":"Feature","geometry":{"type":"LineString","coordinates":[[73.6,39.46],[72.49,39.38],[72.23,39.18],[72.04,39.37],[71.8,39.27],[71.78,39.46],[71.56,39.46],[71.5,39.62],[70.91,39.39],[70.53,39.62],[69.37,39.52],[69.25,39.87],[69.39,40],[69.54,39.93],[69.54,40.08],[70.03,40.22],[70.61,39.96],[70.66,40.1],[70.98,40.22]]},"properties":{"Style":null}},{"type":"Feature","geometry":{"type":"LineString","coordinates":[[70.53,39.88],[70.63,39.78],[70.74,39.87],[70.53,39.88]]},"properties":{"Style":null}},{"type":"Feature","geometry":{"type":"LineString","coordinates":[[70.98,40.22],[71.27,40.34],[71.67,40.27],[71.72,40.15],[72.05,40.28],[71.96,40.32],[72.19,40.5],[72.42,40.4],[72.34,40.6],[72.66,40.51],[73.15,40.83],[72.6,40.86],[72.44,41.03],[72.17,40.99],[72.18,41.16],[71.88,41.17],[71.93,41.29],[71.69,41.43],[71.72,41.55],[71.4,41.11],[70.78,41.22],[70.72,41.47],[70.49,41.4],[70.17,41.52],[70.83,41.92],[70.86,42.04],[71.24,42.15],[71.13,42.28],[70.94,42.26]]},"properties":{"Style":null}},{"type":"Feature","geometry":{"type":"LineString","coordinates":[[71.8,40],[71.72,39.97],[71.84,39.95],[71.8,40]]},"properties":{"Style":null}},{"type":"Feature","geometry":{"type":"LineString","coordinates":[[126.69,37.84],[126.67,37.96],[127.14,38.31],[128.05,38.31],[128.36,38.62]]},"properties":{"Style":"Tightly Dashed"}},{"type":"Feature","geometry":{"type":"LineString","coordinates":[[21.59,42.26],[21.27,42.1],[21.12,42.21],[20.79,42.08],[20.73,41.86],[20.59,41.88]]},"properties":{"Style":null}},{"type":"Feature","geometry":{"type":"LineString","coordinates":[[20.08,42.56],[20.02,42.77],[20.35,42.83]]},"properties":{"Style":null}},{"type":"Feature","geometry":{"type":"LineString","coordinates":[[20.35,42.83],[20.54,42.88],[20.69,43.11],[20.62,43.2],[20.82,43.27],[21.43,42.87],[21.4,42.75],[21.79,42.65],[21.53,42.34],[21.59,42.26]]},"properties":{"Style":null}},{"type":"Feature","geometry":{"type":"LineString","coordinates":[[48.43,28.53],[47.7,28.52],[47.47,29],[46.55,29.1]]},"properties":{"Style":null}},{"type":"Feature","geometry":{"type":"LineString","coordinates":[[46.55,29.1],[47.17,30.02],[47.71,30.1],[47.95,30.01]]},"properties":{"Style":null}},{"type":"Feature","geometry":{"type":"LineString","coordinates":[[102.14,22.4],[102.61,21.92],[102.68,21.65],[102.82,21.84],[102.88,21.71],[102.97,21.74],[102.81,21.26],[103.12,20.9],[103.7,20.66],[103.82,20.87],[104.1,20.98],[104.64,20.67],[104.37,20.47],[104.47,20.37],[104.66,20.47],[104.61,20.24],[104.99,20.09],[104.84,19.8],[104.64,19.62],[104.08,19.68],[104.12,19.5],[103.88,19.31],[104.74,18.8],[105.13,18.71],[105.18,18.33],[105.5,18.19],[105.75,17.67],[106.55,17],[106.69,16.44],[106.88,16.53],[106.97,16.3],[107.46,16.08],[107.21,15.76],[107.39,15.49],[107.62,15.41],[107.62,15.05],[107.47,15.01],[107.59,14.89],[107.56,14.69]]},"properties":{"Style":null}},{"type":"Feature","geometry":{"type":"LineString","coordinates":[[107.56,14.69],[106.97,14.31],[106.84,14.29],[106.54,14.59],[106.19,14.35],[106,14.37],[106.19,14.06],[106.1,13.91],[105.56,14.16],[105.36,14.1],[105.21,14.34]]},"properties":{"Style":null}},{"type":"Feature","geometry":{"type":"LineString","coordinates":[[105.21,14.34],[105.54,14.56],[105.62,14.98],[105.47,15.13],[105.58,15.32],[105.47,15.35],[105.64,15.64],[105.39,15.81],[105.42,16.01],[105.05,16.1],[104.74,16.54],[104.81,17.3],[104.72,17.51],[104.29,17.85],[103.97,18.34],[103.4,18.45],[103.04,17.98],[102.68,17.8],[102.6,17.96],[102.08,18.22],[101.12,17.48],[100.97,17.57],[100.98,17.76],[101.18,18.07],[101.18,18.33],[101.06,18.44],[101.27,18.69],[101.36,19.05],[101.19,19.38],[101.29,19.57],[100.9,19.63],[100.78,19.49],[100.51,19.52],[100.4,19.75],[100.58,20.17],[100.33,20.4],[100.17,20.25],[100.08,20.35]]},"properties":{"Style":null}},{"type":"Feature","geometry":{"type":"LineString","coordinates":[[100.08,20.35],[100.25,20.75],[100.65,20.88],[100.51,20.89],[100.72,21.31],[101.14,21.56]]},"properties":{"Style":null}},{"type":"Feature","geometry":{"type":"LineString","coordinates":[[-11.5,6.92],[-10.61,7.77],[-10.61,8.04],[-10.3,8.2],[-10.28,8.48]]},"properties":{"Style":null}},{"type":"Feature","geometry":{"type":"LineString","coordinates":[[25,22],[25,20],[24,20],[24,19.5]]},"properties":{"Style":null}},{"type":"Feature","geometry":{"type":"LineString","coordinates":[[24,19.5],[16,23.45],[15,23]]},"properties":{"Style":null}},{"type":"Feature","geometry":{"type":"LineString","coordinates":[[9.56,30.23],[9.94,30.38],[10.27,30.8],[10.13,31.48],[10.29,31.68],[11.6,32.45],[11.48,32.65],[11.56,33.17]]},"properties":{"Style":null}},{"type":"Feature","geometry":{"type":"LineString","coordinates":[[27.94,-30.65],[27.38,-30.33],[27.41,-30.14],[27.02,-29.62],[27.36,-29.49],[27.76,-28.9],[28.65,-28.57],[29.31,-29.08],[29.45,-29.38],[29.16,-29.68],[29.17,-29.92],[28.4,-30.14],[28.21,-30.29],[28.12,-30.67],[27.94,-30.65]]},"properties":{"Style":null}},{"type":"Feature","geometry":{"type":"LineString","coordinates":[[23.51,53.96],[23.38,54.23],[22.79,54.36]]},"properties":{"Style":null}},{"type":"Feature","geometry":{"type":"LineString","coordinates":[[21.06,56.07],[22.03,56.42],[22.94,56.41],[23.09,56.3],[23.76,56.37],[24.12,56.25],[24.58,56.29],[24.87,56.45],[25.09,56.19],[25.67,56.15],[26.38,55.71],[26.63,55.68]]},"properties":{"Style":null}},{"type":"Feature","geometry":{"type":"LineString","coordinates":[[22.79,54.36],[22.69,54.59],[22.89,54.82],[22.59,55.07],[22.08,55.02],[21.27,55.25]]},"properties":{"Style":null}},{"type":"Feature","geometry":{"type":"LineString","coordinates":[[27.35,57.52],[27.56,57.54],[27.52,57.43],[27.87,57.3],[27.66,56.83],[27.96,56.83],[27.9,56.76],[28.19,56.44],[28.15,56.17]]},"properties":{"Style":null}},{"type":"Feature","geometry":{"type":"LineString","coordinates":[[-8.67,27.67],[-13.17,27.67]]},"properties":{"Style":"Tightly Dashed"}},{"type":"Feature","geometry":{"type":"LineString","coordinates":[[21.59,42.26],[22.36,42.31]]},"properties":{"Style":null}},{"type":"Feature","geometry":{"type":"LineString","coordinates":[[4.27,19.15],[4.2,16.4],[3.87,15.7],[3.49,15.36],[3.03,15.43],[3.02,15.34],[1.31,15.28],[0.97,14.98],[0.24,14.99],[0.24,14.91]]},"properties":{"Style":null}},{"type":"Feature","geometry":{"type":"LineString","coordinates":[[-11.38,12.41],[-11.45,12.67],[-11.35,12.98],[-11.59,13.36],[-11.74,13.41],[-11.83,13.31],[-12.04,13.63],[-11.97,14.18],[-12.2,14.41],[-12.14,14.64],[-12.24,14.76]]},"properties":{"Style":null}},{"type":"Feature","geometry":{"type":"LineString","coordinates":[[-12.24,14.76],[-12.06,14.72],[-11.83,14.86],[-11.71,15.53],[-11.49,15.64],[-10.9,15.11],[-10.72,15.44],[-10.07,15.36],[-9.4,15.44],[-9.45,15.61],[-9.33,15.7],[-9.33,15.5],[-5.5,15.5],[-5.33,16.33],[-5.61,16.5],[-6.57,25],[-4.83,25]]},"properties":{"Style":null}},{"type":"Feature","geometry":{"type":"LineString","coordinates":[[97.06,27.75],[97.38,27.89],[97.34,28.22]]},"properties":{"Style":null}},{"type":"Feature","geometry":{"type":"LineString","coordinates":[[30.13,69.67],[30.19,69.57],[30.04,69.43],[29.29,69.29],[29.24,69.11],[28.93,69.05]]},"properties":{"Style":null}},{"type":"Feature","geometry":{"type":"LineString","coordinates":[[30.82,69.79],[30.95,69.64],[30.86,69.54],[30.14,69.67]]},"properties":{"Style":null}},{"type":"Feature","geometry":{"type":"LineString","coordinates":[[80.86,30.17],[81.03,30.2]]},"properties":{"Style":null}},{"type":"Feature","geometry":{"type":"LineString","coordinates":[[19.64,54.46],[19.65,54.45]]},"properties":{"Style":null}},{"type":"Feature","geometry":{"type":"LineString","coordinates":[[130.64,42.42],[130.7,42.29]]},"properties":{"Style":null}},{"type":"Feature","geometry":{"type":"LineString","coordinates":[[51.4,24.63],[51.31,24.49],[51.1,24.47],[50.81,24.74]]},"properties":{"Style":null}},{"type":"Feature","geometry":{"type":"LineString","coordinates":[[-71.39,11.83],[-71.36,11.84]]},"properties":{"Style":null}},{"type":"Feature","geometry":{"type":"LineString","coordinates":[[-71.36,11.84],[-71.34,11.85]]},"properties":{"Style":null}},{"type":"Feature","geometry":{"type":"LineString","coordinates":[[32.13,-26.84],[32.89,-26.86]]},"properties":{"Style":null}},{"type":"Feature","geometry":{"type":"LineString","coordinates":[[33.99,4.22],[34.38,4.62]]},"properties":{"Style":null}},{"type":"Feature","geometry":{"type":"LineString","coordinates":[[34.38,4.62],[35.41,5.03],[35.39,4.92],[35.56,4.92],[35.6,4.62]]},"properties":{"Style":"Tightly Dashed"}},{"type":"Feature","geometry":{"type":"LineString","coordinates":[[100.08,20.35],[99.96,20.46],[99.68,20.32],[99.47,20.39],[99.54,20.15],[99.08,20.1],[98.98,19.74],[98.83,19.81],[98.25,19.68],[98.03,19.81],[98.04,19.65],[97.79,19.4],[97.83,19.09],[97.67,18.93],[97.77,18.58],[97.53,18.49],[97.34,18.58],[97.46,18.31],[97.64,18.29],[97.79,17.68],[98.53,16.9],[98.46,16.73],[98.67,16.29],[98.91,16.39],[98.85,16.14],[98.56,16.04],[98.56,15.34],[98.31,15.31],[98.18,15.1],[98.6,14.33],[99.1,13.9],[99.21,13.26],[99.1,13.08],[99.24,12.72],[99.42,12.61],[99.47,12.13],[99.57,12.14],[99.66,11.83],[99.23,11.11],[98.78,10.68],[98.81,10.47],[98.57,9.96]]},"properties":{"Style":null}},{"type":"Feature","geometry":{"type":"LineString","coordinates":[[19.22,43.53],[20.35,42.83]]},"properties":{"Style":null}},{"type":"Feature","geometry":{"type":"LineString","coordinates":[[87.82,49.17],[88.17,49.29],[88.22,49.48],[89.19,49.52],[89.19,49.63],[89.72,49.73],[89.6,49.92],[90.68,50.21],[90.98,50.43],[91.4,50.46],[91.72,50.7],[92.27,50.73],[92.31,50.88],[92.63,50.7],[93,50.79],[92.97,50.67],[93.1,50.59],[94.28,50.57],[94.39,50.21],[94.61,50.04],[95.53,49.9],[95.88,50.04],[97.42,49.78],[97.58,49.94],[97.89,49.92],[98.31,50.32],[98.32,50.49],[98.02,50.66],[98.04,50.86],[97.83,51.02],[98.04,51.46],[98.23,51.46],[98.36,51.73],[98.77,51.88],[98.91,52.15],[99.31,51.96],[99.8,51.91],[99.93,51.75],[100.59,51.74],[101.37,51.46],[102.12,51.36],[102.31,50.68],[102.65,50.4],[103.24,50.32],[103.26,50.19],[104.13,50.14],[104.39,50.31],[105.35,50.48],[106.59,50.34],[107.01,50.2],[107.17,50.01],[107.97,49.94],[107.94,49.66],[108.3,49.55],[108.52,49.32],[110.81,49.18],[111.38,49.36],[112.81,49.52],[113.22,49.84],[114.34,50.29],[114.84,50.22],[115.54,49.91],[116.24,50.04],[116.71,49.85]]},"properties":{"Style":null}},{"type":"Feature","geometry":{"type":"LineString","coordinates":[[-17.05,20.77],[-16.95,21.33],[-13,21.33],[-13.11,22.94],[-12.58,23.27],[-12,23.45],[-12,26],[-8.67,26],[-8.67,27.32]]},"properties":{"Style":null}},{"type":"Feature","geometry":{"type":"LineString","coordinates":[[-12.24,14.76],[-12.89,15.24],[-12.96,15.5],[-13.23,15.61],[-13.38,16.06],[-13.72,16.18],[-13.84,16.11],[-14.34,16.64],[-14.99,16.69],[-15.71,16.47],[-16.26,16.53],[-16.51,16.06]]},"properties":{"Style":null}},{"type":"Feature","geometry":{"type":"LineString","coordinates":[[32.96,-9.4],[33.94,-9.72],[34.04,-9.49],[34.33,-9.76],[34.54,-10.07],[34.64,-11.12],[34.96,-11.57]]},"properties":{"Style":null}},{"type":"Feature","geometry":{"type":"LineString","coordinates":[[34.96,-11.57],[34.62,-11.57],[34.38,-12.17],[34.56,-13.35],[34.61,-13.48],[34.87,-13.48],[35.09,-13.7],[35.87,-14.68],[35.92,-14.9],[35.79,-15.17],[35.82,-16.02],[35.41,-16.13],[35.15,-16.56],[35.29,-16.71],[35.31,-17.12],[35.08,-17.11],[35.15,-16.83],[34.43,-16.26],[34.43,-16.04],[34.26,-15.92],[34.6,-15.29],[34.52,-14.55],[34.36,-14.39],[33.72,-14.5],[33.68,-14.62],[33.24,-14]]},"properties":{"Style":null}},{"type":"Feature","geometry":{"type":"LineString","coordinates":[[33.24,-14],[33.15,-13.94],[33.04,-14.05],[32.68,-13.62],[33.01,-13.22],[32.95,-12.77],[33.05,-12.62],[33.37,-12.56],[33.55,-12.37],[33.37,-12.35],[33.26,-12.14],[33.33,-11.79],[33.23,-11.42],[33.41,-11.16],[33.25,-10.89],[33.71,-10.57],[33.56,-10.24],[33.32,-10.06],[33.37,-9.87],[33.22,-9.62],[33.02,-9.64],[32.96,-9.4]]},"properties":{"Style":null}},{"type":"Feature","geometry":{"type":"LineString","coordinates":[[34.71,-12.14],[34.74,-12],[34.79,-12.05],[34.71,-12.14]]},"properties":{"Style":null}},{"type":"Feature","geometry":{"type":"LineString","coordinates":[[34.62,-12.08],[34.57,-12.02],[34.62,-11.98],[34.62,-12.08]]},"properties":{"Style":null}},{"type":"Feature","geometry":{"type":"LineString","coordinates":[[100.12,6.42],[100.19,6.72],[100.29,6.71],[100.42,6.52],[100.74,6.51],[100.85,6.24],[101.11,6.25],[101.12,5.98],[100.98,5.81],[101.14,5.61],[101.58,5.93],[101.82,5.73],[102.09,6.24]]},"properties":{"Style":null}},{"type":"Feature","geometry":{"type":"LineString","coordinates":[[23.43,-17.64],[24.39,-17.47],[24.98,-17.55],[25.26,-17.79]]},"properties":{"Style":null}},{"type":"Feature","geometry":{"type":"LineString","coordinates":[[11.75,-17.25],[12.08,-17.14],[12.6,-17.24],[13.17,-16.96],[13.46,-17.01],[13.96,-17.43],[18.42,-17.39],[18.89,-17.82],[20.32,-17.86],[20.8,-18.04],[21.21,-17.93],[21.42,-18.03],[23.43,-17.64]]},"properties":{"Style":null}},{"type":"Feature","geometry":{"type":"LineString","coordinates":[[20,-24.76],[20,-28.43],[19.57,-28.53],[19.19,-28.95],[18.73,-28.83],[18.18,-28.92],[17.41,-28.72],[17.38,-28.3],[17.08,-28.03],[16.88,-28.09],[16.73,-28.5],[16.45,-28.63]]},"properties":{"Style":null}},{"type":"Feature","geometry":{"type":"LineString","coordinates":[[3.59,11.7],[3.68,11.75],[3.65,12.52],[4.1,12.99],[4.14,13.48],[4.87,13.78],[5.25,13.74],[5.53,13.89],[6.28,13.68],[6.94,13],[7.85,13.34],[8.98,12.83],[9.66,12.81],[10.01,13.18],[10.65,13.36],[11.46,13.38],[12.48,13.06],[12.87,13.5],[13.2,13.52],[13.34,13.72],[13.63,13.71]]},"properties":{"Style":null}},{"type":"Feature","geometry":{"type":"LineString","coordinates":[[13.63,13.71],[14.08,13.08]]},"properties":{"Style":null}},{"type":"Feature","geometry":{"type":"LineString","coordinates":[[20.55,69.06],[20.06,69.05],[20.34,68.8],[19.94,68.56],[20.23,68.49],[19.92,68.36],[18.41,68.58],[18.13,68.54],[18.15,68.2],[17.9,67.97],[17.28,68.12],[16.74,67.91],[16.49,67.59],[16.09,67.44],[16.4,67.2],[16.39,67.05],[15.38,66.48],[15.48,66.28],[14.52,66.13],[14.63,65.81],[14.51,65.31],[13.65,64.58],[14.11,64.46],[14.16,64.2],[13.97,64.01],[12.93,64.06],[12.15,63.59],[12.21,63.48],[11.97,63.27],[12.22,63],[12.08,62.9],[12.06,62.61],[12.3,62.27],[12.14,61.72],[12.87,61.36],[12.68,61.06],[12.22,61.01],[12.61,60.51],[12.54,60.19],[12.34,59.97],[11.84,59.84],[11.94,59.69],[11.69,59.59],[11.82,59.34],[11.78,59.09],[11.65,58.91],[11.46,58.89],[11.46,58.99]]},"properties":{"Style":null}},{"type":"Feature","geometry":{"type":"LineString","coordinates":[[52,19],[55,20],[55.67,22],[55.21,22.71]]},"properties":{"Style":null}},{"type":"Feature","geometry":{"type":"LineString","coordinates":[[53.11,16.65],[52,19]]},"properties":{"Style":null}},{"type":"Feature","geometry":{"type":"LineString","coordinates":[[75.95,36.6],[76.06,36.24],[75.96,36.05],[76.1,36.02],[76.17,35.82],[76.58,35.92],[76.59,35.77],[76.78,35.66]]},"properties":{"Style":"Tightly Dashed"}},{"type":"Feature","geometry":{"type":"LineString","coordinates":[[-77.37,8.68],[-77.45,8.48],[-77.16,7.93],[-77.34,7.88],[-77.57,7.51],[-77.73,7.7],[-77.7,7.51],[-77.88,7.22]]},"properties":{"Style":null}},{"type":"Feature","geometry":{"type":"LineString","coordinates":[[-75.26,-0.12],[-75.19,-0.04],[-74.89,-0.24],[-74.79,-0.19],[-74.39,-0.54],[-74.27,-0.98],[-73.62,-1.26],[-73.46,-1.57],[-73.54,-1.7],[-73.15,-1.8],[-73.07,-2.09],[-73.16,-2.24],[-72.93,-2.45],[-72.64,-2.36],[-72.15,-2.47],[-71.73,-2.14],[-71.39,-2.41],[-70.87,-2.22],[-70.64,-2.47],[-70.09,-2.65],[-70.07,-2.79],[-70.71,-3.8],[-70.28,-3.82],[-69.95,-4.23]]},"properties":{"Style":null}},{"type":"Feature","geometry":{"type":"LineString","coordinates":[[23.62,51.51],[23.65,51.29],[24.14,50.87],[23.96,50.79],[24.07,50.5],[23.28,50.1],[22.64,49.53],[22.71,49.18],[22.89,49.01],[22.57,49.09]]},"properties":{"Style":null}},{"type":"Feature","geometry":{"type":"LineString","coordinates":[[22.57,49.09],[21.63,49.45],[21.12,49.44],[20.94,49.3],[20.46,49.42],[20.15,49.32],[20.08,49.18],[19.76,49.21],[19.79,49.41],[19.63,49.41],[19.47,49.61],[19.15,49.4],[18.85,49.52]]},"properties":{"Style":null}},{"type":"Feature","geometry":{"type":"LineString","coordinates":[[19.8,54.44],[21.45,54.32],[22.79,54.36]]},"properties":{"Style":null}},{"type":"Feature","geometry":{"type":"LineString","coordinates":[[35.1,31.83],[34.98,31.83],[34.99,31.97]]},"properties":{"Style":"Tightly Dashed"}},{"type":"Feature","geometry":{"type":"LineString","coordinates":[[26.63,48.26],[27.03,48.14],[27.31,47.64],[28.1,46.98],[28.25,46.62],[28.09,46.02],[28.09,45.6],[28.21,45.47]]},"properties":{"Style":null}},{"type":"Feature","geometry":{"type":"LineString","coordinates":[[22.9,47.95],[23.18,48.12],[23.5,47.97],[24.57,47.97],[25.04,47.73],[25.31,47.91],[26.18,47.99],[26.33,48.18],[26.63,48.26]]},"properties":{"Style":null}},{"type":"Feature","geometry":{"type":"LineString","coordinates":[[22.68,44.22],[22.46,44.47],[22.76,44.55],[22.48,44.71],[22.16,44.47],[21.99,44.64],[21.39,44.79],[21.56,44.89],[21.36,45.02],[21.51,45.17],[20.77,45.48],[20.82,45.78],[20.7,45.75],[20.26,46.13]]},"properties":{"Style":null}},{"type":"Feature","geometry":{"type":"LineString","coordinates":[[28.21,45.47],[28.71,45.22],[29.43,45.44],[29.69,45.2]]},"properties":{"Style":null}},{"type":"Feature","geometry":{"type":"LineString","coordinates":[[38.23,47.12],[38.34,47.31],[38.22,47.31],[38.28,47.54],[38.77,47.69],[38.84,47.87],[39.79,47.87],[39.78,48.04],[40.02,48.25],[39.84,48.31],[39.94,48.35],[39.86,48.56],[39.66,48.61],[39.8,48.84],[40.08,48.87],[39.68,49.04],[40.21,49.24],[40.03,49.45],[40.14,49.62],[39.81,49.56],[39.18,49.89],[38.95,49.8],[38.33,50.09],[38.03,49.91],[37.64,50.18],[37.49,50.46],[36.65,50.22],[36.09,50.45],[35.63,50.35],[35.39,50.58],[35.49,50.67],[35.33,50.95],[35.41,51.05],[35.19,51.05],[35.12,51.23],[34.24,51.26],[34.31,51.51],[34.08,51.67],[34.42,51.72],[34.42,51.83],[34.1,52],[34.12,52.14],[33.84,52.36],[33.17,52.37],[32.89,52.25],[32.38,52.34],[32.26,52.09],[31.78,52.11]]},"properties":{"Style":null}},{"type":"Feature","geometry":{"type":"LineString","coordinates":[[30.47,-1.06],[30.84,-1.65],[30.9,-2.07],[30.82,-2.36],[30.54,-2.41]]},"properties":{"Style":null}},{"type":"Feature","geometry":{"type":"LineString","coordinates":[[29.59,-1.39],[29.82,-1.31],[29.92,-1.48],[30.05,-1.43],[30.47,-1.06]]},"properties":{"Style":null}},{"type":"Feature","geometry":{"type":"LineString","coordinates":[[52,19],[49.12,18.62],[48.18,18.17],[47.47,17.12],[47.18,16.95],[47,16.95],[46.75,17.28],[46.1,17.25],[45.22,17.43],[43.83,17.34],[43.35,17.56],[43.23,17.43],[43.34,17.3],[43.15,17.17],[43.23,16.64],[42.96,16.4],[42.77,16.4]]},"properties":{"Style":null}},{"type":"Feature","geometry":{"type":"LineString","coordinates":[[39.2,32.15],[40.41,31.95],[42.09,31.11],[44.72,29.2],[46.55,29.1]]},"properties":{"Style":null}},{"type":"Feature","geometry":{"type":"LineString","coordinates":[[34.11,9.5],[33.88,9.5],[33.97,10.15],[33.25,10.78],[33.14,11.63],[33.29,12.22],[32.73,12.24],[32.75,11.95],[32.11,11.95],[32.39,11.71],[32.47,11.04],[31.99,10.65],[31.33,9.78],[30.83,9.72],[29.94,10.29],[29.54,10.08],[29.54,9.75],[29,9.67]]},"properties":{"Style":null}},{"type":"Feature","geometry":{"type":"LineString","coordinates":[[36.56,14.26],[36.16,12.7],[35.66,12.64],[35.04,11.73],[34.93,11.24],[34.99,10.89],[34.84,10.71],[34.6,10.91],[34.29,10.58],[34.33,10.12],[34.11,9.5]]},"properties":{"Style":null}},{"type":"Feature","geometry":{"type":"LineString","coordinates":[[22.88,10.94],[22.98,11.31],[22.56,11.63],[22.64,12.07],[22.48,12.03],[22.37,12.44],[22.48,12.63],[22.2,12.76],[21.95,12.63],[21.82,12.82],[22.29,13.35],[22.07,13.78],[22.58,14.19],[22.38,14.51],[22.72,14.7],[22.68,14.88],[23,15.23],[22.93,15.56],[23.13,15.72],[24,15.7],[24,19.5]]},"properties":{"Style":null}},{"type":"Feature","geometry":{"type":"LineString","coordinates":[[29,9.67],[29,10.17],[27.83,10.17],[27.91,9.61]]},"properties":{"Style":"Tightly Dashed"}},{"type":"Feature","geometry":{"type":"LineString","coordinates":[[27.91,9.61],[27.14,9.63],[26.7,9.49],[26.39,9.56],[25.93,10.18],[25.89,10.41],[25.21,10.36],[24.74,9.72],[24.55,9.23],[24.58,8.91],[24.22,8.64]]},"properties":{"Style":null}},{"type":"Feature","geometry":{"type":"LineString","coordinates":[[41.91,3.98],[42.08,4.18],[42.84,4.28],[43.08,4.61],[43.63,4.85],[44.01,4.96],[44.97,4.91],[48,8],[47,8],[44,9],[43.46,9.42],[43.25,9.85],[42.85,10.22],[42.67,10.62],[42.97,11]]},"properties":{"Style":null}},{"type":"Feature","geometry":{"type":"LineString","coordinates":[[42.97,11],[43.26,11.46]]},"properties":{"Style":null}},{"type":"Feature","geometry":{"type":"LineString","coordinates":[[41.56,-1.66],[40.99,-0.83],[40.99,2.82],[41.91,3.98]]},"properties":{"Style":null}},{"type":"Feature","geometry":{"type":"LineString","coordinates":[[22.57,49.09],[22.16,48.4]]},"properties":{"Style":null}},{"type":"Feature","geometry":{"type":"LineString","coordinates":[[32.13,-26.84],[32.02,-26.81],[31.98,-27.32],[31.5,-27.32],[31.15,-27.2],[30.89,-26.79],[30.8,-26.82],[30.83,-26.41],[31.32,-25.74],[31.98,-25.95]]},"properties":{"Style":null}},{"type":"Feature","geometry":{"type":"LineString","coordinates":[[31.98,-25.95],[32.09,-26.01],[32.13,-26.84]]},"properties":{"Style":null}},{"type":"Feature","geometry":{"type":"LineString","coordinates":[[35.92,35.93],[36.15,35.81],[36.38,36.01],[36.39,36.22],[36.69,36.24],[36.54,36.5],[36.67,36.83],[37,36.77],[37.09,36.63],[37.44,36.63],[38.24,36.92],[38.75,36.71],[39.21,36.67],[39.82,36.76],[40.76,37.13],[41.52,37.08],[42.22,37.32],[42.35,37.11]]},"properties":{"Style":null}},{"type":"Feature","geometry":{"type":"LineString","coordinates":[[42.35,37.11],[41.89,36.64],[41.4,36.52],[41.28,36.35],[41.38,35.63],[41.22,35.26],[41.23,34.78],[40.98,34.4],[38.79,33.37]]},"properties":{"Style":null}},{"type":"Feature","geometry":{"type":"LineString","coordinates":[[35.76,32.75],[35.9,32.95],[35.77,33.33]]},"properties":{"Style":"Dashed"}},{"type":"Feature","geometry":{"type":"LineString","coordinates":[[35.77,33.33],[36.05,33.57],[35.97,33.73],[36.39,33.83],[36.28,33.92],[36.62,34.19],[36.56,34.41],[36.34,34.5],[36.46,34.63],[35.98,34.63]]},"properties":{"Style":null}},{"type":"Feature","geometry":{"type":"LineString","coordinates":[[13.63,13.71],[13.47,14.46],[13.7,14.56],[13.87,15.05],[14.38,15.73],[15.53,16.75],[15.6,18.89],[15.76,19.95],[16,20.36],[15.62,20.54],[15.41,20.83],[15.5,20.98],[15.2,21.5],[15,23]]},"properties":{"Style":null}},{"type":"Feature","geometry":{"type":"LineString","coordinates":[[1.2,6.11],[0.75,6.45],[0.53,6.83],[0.66,7.32],[0.52,7.52],[0.63,7.71],[0.59,8.2],[0.73,8.29],[0.38,8.74],[0.53,8.88],[0.46,9.04],[0.57,9.41],[0.23,9.46],[0.38,9.59],[0.39,10.32],[-0.06,10.63],[0.02,11.06],[-0.14,11.14]]},"properties":{"Style":null}},{"type":"Feature","geometry":{"type":"LineString","coordinates":[[105.21,14.34],[105.1,14.21],[104.81,14.44],[103.18,14.34],[102.94,14.19],[102.73,13.77],[102.55,13.66],[102.62,13.61],[102.34,13.56],[102.35,13.27],[102.53,13],[102.51,12.68],[102.79,12.42],[102.7,12.17],[102.91,11.65]]},"properties":{"Style":null}},{"type":"Feature","geometry":{"type":"LineString","coordinates":[[67.79,37.17],[67.86,37.54],[68.4,38.2],[68.06,38.39],[68.07,38.82],[68.19,38.94],[67.7,39],[67.68,39.15],[67.36,39.23],[67.49,39.38],[67.39,39.52],[67.71,39.66],[68.52,39.53],[68.64,39.84],[68.9,39.86],[68.85,40.07],[69.02,40.12],[68.53,40.14],[69.3,40.2],[69.21,40.54],[69.35,40.59],[69.35,40.78],[69.49,40.81],[69.73,40.63],[70.37,40.9],[70.45,41.04],[70.8,40.72],[70.37,40.39],[70.58,40.34],[70.63,40.18],[70.98,40.22]]},"properties":{"Style":null}},{"type":"Feature","geometry":{"type":"LineString","coordinates":[[56,41.32],[57.05,41.25],[57.17,41.36],[57.04,41.44],[56.99,41.9],[57.32,42.15],[57.87,42.17],[58.04,42.51],[58.51,42.28],[58.15,42.63],[58.59,42.65],[58.63,42.78],[59.45,42.29],[59.9,42.32],[60.05,42.17],[60.02,41.98],[59.92,41.99],[60.33,41.77],[60.04,41.75],[60.17,41.62],[60.09,41.42],[60.49,41.21],[61.03,41.26],[61.33,41.15],[61.46,41.3],[61.89,41.11],[62.12,40.56],[62.34,40.43],[62.47,39.96],[65.54,38.29],[65.91,38.28],[66.67,37.97],[66.54,37.77],[66.53,37.34]]},"properties":{"Style":null}},{"type":"Feature","geometry":{"type":"LineString","coordinates":[[44.78,37.14],[44.63,37.19],[44.3,36.97],[44.19,37.11],[44.27,37.24],[44.12,37.32],[43.83,37.2],[42.79,37.38],[42.57,37.14],[42.35,37.11]]},"properties":{"Style":null}},{"type":"Feature","geometry":{"type":"LineString","coordinates":[[33.93,-1],[37.67,-3.06],[37.61,-3.52],[39.2,-4.67]]},"properties":{"Style":null}},{"type":"Feature","geometry":{"type":"LineString","coordinates":[[30.47,-1.06],[33.93,-1]]},"properties":{"Style":null}},{"type":"Feature","geometry":{"type":"LineString","coordinates":[[32.96,-9.4],[32.44,-9.12],[31.99,-9.08],[31.95,-8.94],[31.68,-8.91],[31.36,-8.59],[31.05,-8.61],[30.77,-8.2]]},"properties":{"Style":null}},{"type":"Feature","geometry":{"type":"LineString","coordinates":[[40.43,-10.48],[39.25,-11.17],[38.88,-11.17],[38.47,-11.42],[37.91,-11.27],[37.75,-11.55],[37.42,-11.69],[36.82,-11.55],[36.62,-11.74],[36.22,-11.71],[36.18,-11.55],[35.85,-11.41],[35.52,-11.58],[34.96,-11.57]]},"properties":{"Style":null}},{"type":"Feature","geometry":{"type":"LineString","coordinates":[[30.85,3.5],[31.19,3.79],[31.55,3.65],[31.82,3.83],[31.95,3.59],[32.2,3.51],[32.42,3.74],[33.03,3.89],[33.51,3.75],[33.99,4.22]]},"properties":{"Style":null}},{"type":"Feature","geometry":{"type":"LineString","coordinates":[[33.99,4.22],[34.09,3.86],[34.46,3.67],[34.46,3.17],[34.93,2.51],[35.03,1.91],[34.77,1.42],[34.81,1.23],[34.53,1.1],[33.92,0.11],[33.93,-1]]},"properties":{"Style":null}},{"type":"Feature","geometry":{"type":"LineString","coordinates":[[28.21,45.47],[28.52,45.5],[28.52,45.74],[28.98,46],[29.07,46.2],[28.95,46.26],[28.98,46.49],[29.24,46.56],[29.24,46.38],[29.35,46.5],[29.6,46.35],[29.75,46.47],[29.89,46.35],[30.16,46.41],[29.88,46.55],[29.97,46.83],[29.56,46.96],[29.57,47.37],[29.4,47.3],[29.16,47.46],[29.27,47.8],[29.18,47.99],[28.93,47.96],[28.84,48.13],[28.59,48.17],[28.48,48.07],[28.31,48.14],[28.36,48.24],[28.1,48.23],[27.58,48.49],[27.29,48.37],[26.72,48.41],[26.83,48.3],[26.69,48.36],[26.63,48.26]]},"properties":{"Style":null}},{"type":"Feature","geometry":{"type":"LineString","coordinates":[[-97.15,25.96],[-97.43,25.84],[-97.67,26.03],[-98.2,26.06],[-99.08,26.4],[-99.45,27.02],[-99.52,27.57],[-100.29,28.27],[-100.68,29.11],[-101.26,29.52],[-101.41,29.77],[-102.32,29.88],[-102.68,29.74],[-102.87,29.22],[-103.11,28.99],[-103.39,29.02],[-104.51,29.65],[-104.92,30.6],[-105.4,30.85],[-106.45,31.76],[-108.21,31.78],[-108.21,31.33],[-111.07,31.33],[-114.81,32.49],[-114.72,32.72],[-117.12,32.53]]},"properties":{"Style":null}},{"type":"Feature","geometry":{"type":"LineString","coordinates":[[-66.85,1.22],[-67.19,2.35],[-67.61,2.81],[-67.86,2.79],[-67.31,3.38],[-67.5,3.77],[-67.63,3.78],[-67.86,4.52],[-67.86,5.27],[-67.62,5.48],[-67.6,5.83],[-67.41,6],[-67.45,6.19],[-67.81,6.33],[-68.28,6.16],[-69.04,6.22],[-69.29,6.06],[-70.12,6.98],[-70.32,6.93],[-70.69,7.1],[-71.02,6.97],[-72.05,7.04],[-72.19,7.37],[-72.48,7.49],[-72.49,7.95],[-72.35,8.01],[-72.35,8.17],[-72.65,8.61],[-72.76,9.09],[-72.95,9.09],[-73.01,9.29],[-73.37,9.18],[-72.95,9.84],[-72.9,10.43],[-72.49,11.1],[-72.25,11.14],[-71.97,11.65],[-71.38,11.81]]},"properties":{"Style":null}},{"type":"Feature","geometry":{"type":"LineString","coordinates":[[104.44,10.42],[104.87,10.52],[105.1,10.72],[105.08,10.96],[105.34,10.86],[105.78,11.03],[105.85,10.86],[106.19,10.79],[106.18,11.06],[105.87,11.29],[105.81,11.62],[106.04,11.78],[106.45,11.67],[106.41,11.97],[106.71,11.97],[107.19,12.3],[107.42,12.25],[107.54,12.35],[107.48,12.94],[107.62,13.53],[107.33,14.12],[107.56,14.69]]},"properties":{"Style":null}},{"type":"Feature","geometry":{"type":"LineString","coordinates":[[31.31,-22.42],[31.56,-23.48],[31.99,-24.31],[31.98,-25.95]]},"properties":{"Style":null}},{"type":"Feature","geometry":{"type":"LineString","coordinates":[[29.38,-22.2],[29.66,-22.12],[30.28,-22.35],[30.9,-22.3],[31.31,-22.42]]},"properties":{"Style":null}},{"type":"Feature","geometry":{"type":"LineString","coordinates":[[33.24,-14],[30.22,-15],[30.42,-15.62]]},"properties":{"Style":null}},{"type":"Feature","geometry":{"type":"LineString","coordinates":[[30.42,-15.62],[29.56,-15.64],[28.93,-15.95],[28.8,-16.5],[27.83,-16.96],[27.04,-17.96],[26.69,-18.08],[26.21,-17.89],[25.97,-18],[25.7,-17.81],[25.26,-17.79]]},"properties":{"Style":null}},{"type":"Feature","geometry":{"type":"LineString","coordinates":[[23.43,-17.64],[22.19,-16.55],[22,-16.2],[22,-13],[24.06,-13],[23.9,-12.84],[24.08,-12.38],[23.98,-12.14],[23.96,-11.66],[24.09,-11.4],[24,-10.89]]},"properties":{"Style":null}},{"type":"Feature","geometry":{"type":"LineString","coordinates":[[30.42,-15.62],[30.42,-16.01],[31.28,-16],[31.91,-16.41],[32.99,-16.7],[32.83,-16.92],[33.05,-17.35],[32.94,-18.02],[33.07,-18.35],[32.88,-18.52],[32.94,-18.75],[32.7,-18.94],[32.88,-19.1],[32.78,-19.46],[32.83,-19.67],[33.06,-19.78],[33.03,-20.03],[32.87,-20.11],[32.67,-20.56],[32.5,-20.61],[32.52,-20.91],[32.37,-21.14],[32.5,-21.34],[31.31,-22.42]]},"properties":{"Style":null}},{"type":"Feature","geometry":{"type":"LineString","coordinates":[[35.77,33.33],[35.62,33.24]]},"properties":{"Style":"Dashed"}},{"type":"Feature","geometry":{"type":"LineString","coordinates":[[42.4,12.47],[41.84,11.73],[41.79,10.99],[42.06,10.93],[42.63,11.1],[42.97,11]]},"properties":{"Style":null}},{"type":"Feature","geometry":{"type":"LineString","coordinates":[[35.29,5.43],[35.01,5.89],[34.94,6.56],[34.29,6.95],[33.72,7.66],[33,7.87],[33.19,8.13],[33.22,8.44],[33.62,8.47],[33.77,8.37],[34.15,8.61],[34.11,9.5]]},"properties":{"Style":null}},{"type":"Feature","geometry":{"type":"LineString","coordinates":[[41.91,3.98],[41.2,3.94],[40.76,4.28],[39.87,3.87],[39.53,3.41],[38.54,3.66],[38.13,3.61],[37.03,4.39],[36.05,4.46],[35.95,4.63]]},"properties":{"Style":null}},{"type":"Feature","geometry":{"type":"LineString","coordinates":[[35.95,4.63],[35.81,4.79],[35.86,5.32],[35.29,5.43]]},"properties":{"Style":null}},{"type":"Feature","geometry":{"type":"LineString","coordinates":[[34.38,4.62],[35.78,4.63]]},"properties":{"Style":"Tightly Dashed"}},{"type":"Feature","geometry":{"type":"LineString","coordinates":[[27.91,9.61],[28.04,9.35],[28.74,9.35],[29,9.67]]},"properties":{"Style":"Tightly Dashed"}},{"type":"Feature","geometry":{"type":"LineString","coordinates":[[75.83,32.51],[75.5,32.28],[75.32,32.34]]},"properties":{"Style":"Tightly Dashed"}},{"type":"Feature","geometry":{"type":"LineString","coordinates":[[75.83,32.51],[75.92,32.66],[75.81,32.93],[75.96,32.88],[76.41,33.19],[76.8,33.26],[76.93,33.04],[77.34,32.82],[77.74,32.97],[77.99,32.59],[78.39,32.76],[78.29,32.48],[78.4,32.53]]},"properties":{"Style":"Tightly Dashed"}},{"type":"Feature","geometry":{"type":"LineString","coordinates":[[74.46,32.79],[73.64,33.09],[73.59,33.89],[73.41,34.36],[73.45,34.57],[73.65,34.56],[73.72,34.76],[74.03,34.87],[74.14,35.1]]},"properties":{"Style":"Tightly Dashed"}},{"type":"Feature","geometry":{"type":"LineString","coordinates":[[74.14,35.1],[73.75,35.22],[73.79,35.52],[73.41,35.52],[73.13,35.71],[73.18,35.86],[72.74,35.81],[72.51,35.92],[72.58,36.25],[72.97,36.46],[73.07,36.68],[73.88,36.7],[73.67,36.91]]},"properties":{"Style":"Tightly Dashed"}},{"type":"Feature","geometry":{"type":"LineString","coordinates":[[74.46,32.79],[74,33.24],[74.19,33.47],[73.96,33.72],[74.28,33.93],[73.93,34.02],[73.99,34.27],[73.75,34.34],[73.95,34.67],[74.48,34.78],[75.78,34.51],[76.03,34.68],[76.68,34.75],[76.76,34.94],[77,34.93],[77.12,35.06],[76.75,35.54],[76.78,35.66]]},"properties":{"Style":"Dotted"}},{"type":"Feature","geometry":{"type":"LineString","coordinates":[[35.78,4.63],[35.95,4.63]]},"properties":{"Style":null}},{"type":"Feature","geometry":{"type":"LineString","coordinates":[[35.6,4.62],[35.71,4.62]]},"properties":{"Style":"Tightly Dashed"}},{"type":"Feature","geometry":{"type":"LineString","coordinates":[[35.71,4.62],[35.78,4.63]]},"properties":{"Style":"Tightly Dashed"}},{"type":"Feature","geometry":{"type":"LineString","coordinates":[[80.86,30.17],[80.54,30.45]]},"properties":{"Style":null}},{"type":"Feature","geometry":{"type":"LineString","coordinates":[[88.92,27.33],[89.13,27.61]]},"properties":{"Style":"Tightly Dashed"}},{"type":"Feature","geometry":{"type":"LineString","coordinates":[[90.8,28.04],[91.19,27.99]]},"properties":{"Style":"Tightly Dashed"}},{"type":"Feature","geometry":{"type":"LineString","coordinates":[[88.91,27.28],[88.92,27.33]]},"properties":{"Style":null}},{"type":"Feature","geometry":{"type":"LineString","coordinates":[[88.91,27.28],[89.15,27.32],[89.13,27.61]]},"properties":{"Style":"Tightly Dashed"}},{"type":"Feature","geometry":{"type":"LineString","coordinates":[[91.19,27.99],[91.47,28.01],[91.64,27.76]]},"properties":{"Style":null}},{"type":"Feature","geometry":{"type":"LineString","coordinates":[[90.8,28.04],[91.05,27.85],[91.19,27.99]]},"properties":{"Style":"Tightly Dashed"}}]}